[0.016s][debug][gc,heap] Minimum heap 1073741824  Initial heap 1073741824  Maximum heap 1073741824
[0.027s][info ][gc     ] Using G1
[0.038s][debug][gc,ergo,heap] Expand the heap. requested expansion amount: 1073741824B expansion amount: 1073741824B
[0.055s][debug][gc,ergo,refine] Initial Refinement Zones: green: 2560, yellow: 7680, red: 12800, min yellow size: 5120
[0.056s][info ][gc,init       ] Version: 17.0.11-internal+0-adhoc.damowang.TencentKona-17 (fastdebug)
[0.056s][info ][gc,init       ] CPUs: 12 total, 12 available
[0.056s][info ][gc,init       ] Memory: 3829M
[0.056s][info ][gc,init       ] Large Page Support: Disabled
[0.056s][info ][gc,init       ] NUMA Support: Disabled
[0.056s][info ][gc,init       ] Compressed Oops: Enabled (32-bit)
[0.056s][info ][gc,init       ] Heap Region Size: 1M
[0.056s][info ][gc,init       ] Heap Min Capacity: 1G
[0.056s][info ][gc,init       ] Heap Initial Capacity: 1G
[0.056s][info ][gc,init       ] Heap Max Capacity: 1G
[0.056s][info ][gc,init       ] Pre-touch: Disabled
[0.056s][info ][gc,init       ] Parallel Workers: 10
[0.056s][info ][gc,init       ] Concurrent Workers: 3
[0.056s][info ][gc,init       ] Concurrent Refinement Workers: 10
[0.056s][info ][gc,init       ] Periodic GC: Disabled
[0.143s][info ][gc,metaspace  ] CDS archive(s) mapped at: [0x00007f6627000000-0x00007f6627c1e000-0x00007f6627c1e000), size 12705792, SharedBaseAddress: 0x00007f6627000000, ArchiveRelocationMode: 1.
[0.143s][info ][gc,metaspace  ] Compressed class space mapped at: 0x00007f6628000000-0x00007f6668000000, reserved size: 1073741824
[0.143s][info ][gc,metaspace  ] Narrow klass base: 0x00007f6627000000, Narrow klass shift: 0, Narrow klass range: 0x100000000
[0.712s][debug][gc,heap       ] GC(0) Heap before GC invocations=0 (full 0):
[0.713s][debug][gc,heap       ] GC(0)  garbage-first heap   total 1048576K, used 52144K [0x00000000c0000000, 0x0000000100000000)
[0.713s][debug][gc,heap       ] GC(0)   region size 1024K, 51 young (52224K), 0 survivors (0K)
[0.713s][debug][gc,heap       ] GC(0)  Metaspace       used 551K, committed 704K, reserved 1114112K
[0.713s][debug][gc,heap       ] GC(0)   class space    used 37K, committed 128K, reserved 1048576K
[0.713s][info ][gc,start      ] GC(0) Pause Young (Normal) (G1 Evacuation Pause)
[0.716s][info ][gc,task       ] GC(0) Using 10 workers of 10 for evacuation
[0.716s][trace][gc,ergo,cset  ] GC(0) Start choosing CSet. Pending cards: 309 target pause time: 200.00ms
[0.716s][trace][gc,ergo,cset  ] GC(0) Added young regions to CSet. Eden: 51 regions, Survivors: 0 regions, predicted eden time: 17.75ms, predicted base time: 10.00ms, target pause time: 200.00ms, remaining time: 172.25ms
[0.717s][debug][gc,ergo       ] GC(0) Running G1 Merge Heap Roots using 10 workers for 51 regions
[0.815s][debug][gc,ergo       ] GC(0) Running G1 Rebuild Free List Task using 10 workers for rebuilding free list of regions
[0.816s][debug][gc,ergo,heap  ] GC(0) Heap expansion: short term pause time ratio 0.00% long term pause time ratio 0.00% threshold 7.69% pause time ratio 7.69% fully expanded true resize by 0B
[0.816s][debug][gc,ergo,refine] GC(0) Concurrent refinement times: Logged Cards Scan time goal: 20.00ms Logged Cards Scan time: 0.97ms HCC time: 0.00ms
[0.816s][trace][gc,ergo,refine] GC(0) Updating Refinement Zones: logged cards scan time: 0.975ms, processed cards: 292, goal time: 19.999ms
[0.816s][debug][gc,ergo,refine] GC(0) Updated Refinement Zones: green: 2560, yellow: 7680, red: 12800
[0.816s][info ][gc,phases     ] GC(0)   Pre Evacuate Collection Set: 0.6ms
[0.816s][info ][gc,phases     ] GC(0)   Merge Heap Roots: 0.4ms
[0.816s][info ][gc,phases     ] GC(0)   Evacuate Collection Set: 85.2ms
[0.816s][info ][gc,phases     ] GC(0)   Post Evacuate Collection Set: 12.8ms
[0.816s][info ][gc,phases     ] GC(0)   Other: 4.5ms
[0.816s][info ][gc,heap       ] GC(0) Eden regions: 51->0(44)
[0.816s][info ][gc,heap       ] GC(0) Survivor regions: 0->7(7)
[0.816s][info ][gc,heap       ] GC(0) Old regions: 0->43
[0.816s][info ][gc,heap       ] GC(0) Archive regions: 2->2
[0.816s][info ][gc,heap       ] GC(0) Humongous regions: 0->0
[0.816s][info ][gc,metaspace  ] GC(0) Metaspace: 551K(704K)->551K(704K) NonClass: 514K(576K)->514K(576K) Class: 37K(128K)->37K(128K)
[0.816s][debug][gc,heap       ] GC(0) Heap after GC invocations=1 (full 0):
[0.816s][debug][gc,heap       ] GC(0)  garbage-first heap   total 1048576K, used 51760K [0x00000000c0000000, 0x0000000100000000)
[0.816s][debug][gc,heap       ] GC(0)   region size 1024K, 7 young (7168K), 7 survivors (7168K)
[0.816s][debug][gc,heap       ] GC(0)  Metaspace       used 551K, committed 704K, reserved 1114112K
[0.816s][debug][gc,heap       ] GC(0)   class space    used 37K, committed 128K, reserved 1048576K
[0.816s][info ][gc            ] GC(0) Pause Young (Normal) (G1 Evacuation Pause) 51M->50M(1024M) 102.952ms
[0.816s][info ][gc,cpu        ] GC(0) User=0.19s Sys=0.40s Real=0.10s
[0.841s][debug][gc,heap       ] GC(1) Heap before GC invocations=1 (full 0):
[0.841s][debug][gc,heap       ] GC(1)  garbage-first heap   total 1048576K, used 95792K [0x00000000c0000000, 0x0000000100000000)
[0.841s][debug][gc,heap       ] GC(1)   region size 1024K, 51 young (52224K), 7 survivors (7168K)
[0.841s][debug][gc,heap       ] GC(1)  Metaspace       used 551K, committed 704K, reserved 1114112K
[0.841s][debug][gc,heap       ] GC(1)   class space    used 37K, committed 128K, reserved 1048576K
[0.841s][info ][gc,start      ] GC(1) Pause Young (Normal) (G1 Evacuation Pause)
[0.842s][info ][gc,task       ] GC(1) Using 10 workers of 10 for evacuation
[0.842s][trace][gc,ergo,cset  ] GC(1) Start choosing CSet. Pending cards: 344 target pause time: 200.00ms
[0.842s][trace][gc,ergo,cset  ] GC(1) Added young regions to CSet. Eden: 44 regions, Survivors: 7 regions, predicted eden time: 574.63ms, predicted base time: 13.29ms, target pause time: 200.00ms, remaining time: 0.00ms
[0.842s][debug][gc,ergo       ] GC(1) Running G1 Merge Heap Roots using 10 workers for 51 regions
[0.930s][debug][gc,ergo       ] GC(1) Running G1 Rebuild Free List Task using 10 workers for rebuilding free list of regions
[0.932s][debug][gc,ergo,heap  ] GC(1) Heap expansion: short term pause time ratio 12.55% long term pause time ratio 12.55% threshold 7.69% pause time ratio 7.69% fully expanded true resize by 0B
[0.932s][debug][gc,ergo,refine] GC(1) Concurrent refinement times: Logged Cards Scan time goal: 20.00ms Logged Cards Scan time: 0.19ms HCC time: 0.00ms
[0.932s][trace][gc,ergo,refine] GC(1) Updating Refinement Zones: logged cards scan time: 0.190ms, processed cards: 327, goal time: 19.999ms
[0.932s][debug][gc,ergo,refine] GC(1) Updated Refinement Zones: green: 2560, yellow: 7680, red: 12800
[0.932s][info ][gc,phases     ] GC(1)   Pre Evacuate Collection Set: 0.4ms
[0.932s][info ][gc,phases     ] GC(1)   Merge Heap Roots: 0.3ms
[0.932s][info ][gc,phases     ] GC(1)   Evacuate Collection Set: 75.8ms
[0.932s][info ][gc,phases     ] GC(1)   Post Evacuate Collection Set: 13.4ms
[0.932s][info ][gc,phases     ] GC(1)   Other: 1.2ms
[0.932s][info ][gc,heap       ] GC(1) Eden regions: 44->0(44)
[0.932s][info ][gc,heap       ] GC(1) Survivor regions: 7->7(7)
[0.932s][info ][gc,heap       ] GC(1) Old regions: 43->85
[0.932s][info ][gc,heap       ] GC(1) Archive regions: 2->2
[0.932s][info ][gc,heap       ] GC(1) Humongous regions: 0->0
[0.932s][info ][gc,metaspace  ] GC(1) Metaspace: 551K(704K)->551K(704K) NonClass: 514K(576K)->514K(576K) Class: 37K(128K)->37K(128K)
[0.932s][debug][gc,heap       ] GC(1) Heap after GC invocations=2 (full 0):
[0.932s][debug][gc,heap       ] GC(1)  garbage-first heap   total 1048576K, used 94770K [0x00000000c0000000, 0x0000000100000000)
[0.932s][debug][gc,heap       ] GC(1)   region size 1024K, 7 young (7168K), 7 survivors (7168K)
[0.932s][debug][gc,heap       ] GC(1)  Metaspace       used 551K, committed 704K, reserved 1114112K
[0.933s][debug][gc,heap       ] GC(1)   class space    used 37K, committed 128K, reserved 1048576K
[0.933s][info ][gc            ] GC(1) Pause Young (Normal) (G1 Evacuation Pause) 94M->92M(1024M) 91.044ms
[0.933s][info ][gc,cpu        ] GC(1) User=0.20s Sys=0.25s Real=0.09s
[0.958s][debug][gc,heap       ] GC(2) Heap before GC invocations=2 (full 0):
[0.958s][debug][gc,heap       ] GC(2)  garbage-first heap   total 1048576K, used 138802K [0x00000000c0000000, 0x0000000100000000)
[0.958s][debug][gc,heap       ] GC(2)   region size 1024K, 51 young (52224K), 7 survivors (7168K)
[0.958s][debug][gc,heap       ] GC(2)  Metaspace       used 552K, committed 704K, reserved 1114112K
[0.958s][debug][gc,heap       ] GC(2)   class space    used 37K, committed 128K, reserved 1048576K
[0.958s][info ][gc,start      ] GC(2) Pause Young (Normal) (G1 Evacuation Pause)
[0.958s][info ][gc,task       ] GC(2) Using 10 workers of 10 for evacuation
[0.958s][trace][gc,ergo,cset  ] GC(2) Start choosing CSet. Pending cards: 209 target pause time: 200.00ms
[0.958s][trace][gc,ergo,cset  ] GC(2) Added young regions to CSet. Eden: 44 regions, Survivors: 7 regions, predicted eden time: 382.64ms, predicted base time: 13.89ms, target pause time: 200.00ms, remaining time: 0.00ms
[0.959s][debug][gc,ergo       ] GC(2) Running G1 Merge Heap Roots using 10 workers for 51 regions
[1.059s][debug][gc,ergo       ] GC(2) Running G1 Rebuild Free List Task using 10 workers for rebuilding free list of regions
[1.060s][debug][gc,ergo,heap  ] GC(2) Heap expansion: short term pause time ratio 77.85% long term pause time ratio 9.93% threshold 7.69% pause time ratio 7.69% fully expanded true resize by 0B
[1.060s][debug][gc,ergo,refine] GC(2) Concurrent refinement times: Logged Cards Scan time goal: 20.00ms Logged Cards Scan time: 0.14ms HCC time: 0.00ms
[1.060s][trace][gc,ergo,refine] GC(2) Updating Refinement Zones: logged cards scan time: 0.143ms, processed cards: 184, goal time: 19.999ms
[1.060s][debug][gc,ergo,refine] GC(2) Updated Refinement Zones: green: 2560, yellow: 7680, red: 12800
[1.060s][info ][gc,phases     ] GC(2)   Pre Evacuate Collection Set: 0.5ms
[1.060s][info ][gc,phases     ] GC(2)   Merge Heap Roots: 0.4ms
[1.060s][info ][gc,phases     ] GC(2)   Evacuate Collection Set: 89.4ms
[1.060s][info ][gc,phases     ] GC(2)   Post Evacuate Collection Set: 10.9ms
[1.060s][info ][gc,phases     ] GC(2)   Other: 1.5ms
[1.060s][info ][gc,heap       ] GC(2) Eden regions: 44->0(44)
[1.060s][info ][gc,heap       ] GC(2) Survivor regions: 7->7(7)
[1.060s][info ][gc,heap       ] GC(2) Old regions: 85->127
[1.060s][info ][gc,heap       ] GC(2) Archive regions: 2->2
[1.060s][info ][gc,heap       ] GC(2) Humongous regions: 0->0
[1.060s][info ][gc,metaspace  ] GC(2) Metaspace: 552K(704K)->552K(704K) NonClass: 515K(576K)->515K(576K) Class: 37K(128K)->37K(128K)
[1.061s][debug][gc,heap       ] GC(2) Heap after GC invocations=3 (full 0):
[1.061s][debug][gc,heap       ] GC(2)  garbage-first heap   total 1048576K, used 137392K [0x00000000c0000000, 0x0000000100000000)
[1.061s][debug][gc,heap       ] GC(2)   region size 1024K, 7 young (7168K), 7 survivors (7168K)
[1.061s][debug][gc,heap       ] GC(2)  Metaspace       used 552K, committed 704K, reserved 1114112K
[1.061s][debug][gc,heap       ] GC(2)   class space    used 37K, committed 128K, reserved 1048576K
[1.061s][info ][gc            ] GC(2) Pause Young (Normal) (G1 Evacuation Pause) 136M->134M(1024M) 102.623ms
[1.061s][info ][gc,cpu        ] GC(2) User=0.11s Sys=0.41s Real=0.11s
[1.081s][debug][gc,heap       ] GC(3) Heap before GC invocations=3 (full 0):
[1.082s][debug][gc,heap       ] GC(3)  garbage-first heap   total 1048576K, used 181424K [0x00000000c0000000, 0x0000000100000000)
[1.082s][debug][gc,heap       ] GC(3)   region size 1024K, 51 young (52224K), 7 survivors (7168K)
[1.082s][debug][gc,heap       ] GC(3)  Metaspace       used 552K, committed 704K, reserved 1114112K
[1.082s][debug][gc,heap       ] GC(3)   class space    used 37K, committed 128K, reserved 1048576K
[1.082s][info ][gc,start      ] GC(3) Pause Young (Normal) (G1 Evacuation Pause)
[1.082s][info ][gc,task       ] GC(3) Using 10 workers of 10 for evacuation
[1.082s][trace][gc,ergo,cset  ] GC(3) Start choosing CSet. Pending cards: 282 target pause time: 200.00ms
[1.082s][trace][gc,ergo,cset  ] GC(3) Added young regions to CSet. Eden: 44 regions, Survivors: 7 regions, predicted eden time: 289.27ms, predicted base time: 12.52ms, target pause time: 200.00ms, remaining time: 0.00ms
[1.083s][debug][gc,ergo       ] GC(3) Running G1 Merge Heap Roots using 10 workers for 51 regions
[1.166s][debug][gc,ergo       ] GC(3) Running G1 Rebuild Free List Task using 10 workers for rebuilding free list of regions
[1.167s][debug][gc,ergo,heap  ] GC(3) Heap expansion: short term pause time ratio 79.54% long term pause time ratio 18.51% threshold 7.69% pause time ratio 7.69% fully expanded true resize by 0B
[1.167s][debug][gc,ergo,refine] GC(3) Concurrent refinement times: Logged Cards Scan time goal: 20.00ms Logged Cards Scan time: 0.23ms HCC time: 0.00ms
[1.167s][trace][gc,ergo,refine] GC(3) Updating Refinement Zones: logged cards scan time: 0.228ms, processed cards: 265, goal time: 19.999ms
[1.167s][debug][gc,ergo,refine] GC(3) Updated Refinement Zones: green: 2560, yellow: 7680, red: 12800
[1.167s][info ][gc,phases     ] GC(3)   Pre Evacuate Collection Set: 0.6ms
[1.167s][info ][gc,phases     ] GC(3)   Merge Heap Roots: 0.4ms
[1.167s][info ][gc,phases     ] GC(3)   Evacuate Collection Set: 69.1ms
[1.167s][info ][gc,phases     ] GC(3)   Post Evacuate Collection Set: 13.8ms
[1.167s][info ][gc,phases     ] GC(3)   Other: 1.7ms
[1.167s][info ][gc,heap       ] GC(3) Eden regions: 44->0(44)
[1.167s][info ][gc,heap       ] GC(3) Survivor regions: 7->7(7)
[1.167s][info ][gc,heap       ] GC(3) Old regions: 127->169
[1.167s][info ][gc,heap       ] GC(3) Archive regions: 2->2
[1.167s][info ][gc,heap       ] GC(3) Humongous regions: 0->0
[1.167s][info ][gc,metaspace  ] GC(3) Metaspace: 552K(704K)->552K(704K) NonClass: 515K(576K)->515K(576K) Class: 37K(128K)->37K(128K)
[1.167s][debug][gc,heap       ] GC(3) Heap after GC invocations=4 (full 0):
[1.167s][debug][gc,heap       ] GC(3)  garbage-first heap   total 1048576K, used 180272K [0x00000000c0000000, 0x0000000100000000)
[1.167s][debug][gc,heap       ] GC(3)   region size 1024K, 7 young (7168K), 7 survivors (7168K)
[1.167s][debug][gc,heap       ] GC(3)  Metaspace       used 552K, committed 704K, reserved 1114112K
[1.167s][debug][gc,heap       ] GC(3)   class space    used 37K, committed 128K, reserved 1048576K
[1.167s][info ][gc            ] GC(3) Pause Young (Normal) (G1 Evacuation Pause) 178M->176M(1024M) 85.263ms
[1.167s][info ][gc,cpu        ] GC(3) User=0.20s Sys=0.25s Real=0.08s
[1.184s][debug][gc,heap       ] GC(4) Heap before GC invocations=4 (full 0):
[1.184s][debug][gc,heap       ] GC(4)  garbage-first heap   total 1048576K, used 224304K [0x00000000c0000000, 0x0000000100000000)
[1.184s][debug][gc,heap       ] GC(4)   region size 1024K, 51 young (52224K), 7 survivors (7168K)
[1.184s][debug][gc,heap       ] GC(4)  Metaspace       used 552K, committed 704K, reserved 1114112K
[1.184s][debug][gc,heap       ] GC(4)   class space    used 37K, committed 128K, reserved 1048576K
[1.184s][info ][gc,start      ] GC(4) Pause Young (Normal) (G1 Evacuation Pause)
[1.184s][info ][gc,task       ] GC(4) Using 10 workers of 10 for evacuation
[1.184s][trace][gc,ergo,cset  ] GC(4) Start choosing CSet. Pending cards: 275 target pause time: 200.00ms
[1.184s][trace][gc,ergo,cset  ] GC(4) Added young regions to CSet. Eden: 44 regions, Survivors: 7 regions, predicted eden time: 242.99ms, predicted base time: 13.23ms, target pause time: 200.00ms, remaining time: 0.00ms
[1.185s][debug][gc,ergo       ] GC(4) Running G1 Merge Heap Roots using 10 workers for 51 regions
[1.273s][debug][gc,ergo       ] GC(4) Running G1 Rebuild Free List Task using 10 workers for rebuilding free list of regions
[1.275s][debug][gc,ergo,heap  ] GC(4) Heap expansion: short term pause time ratio 79.22% long term pause time ratio 24.16% threshold 7.69% pause time ratio 7.69% fully expanded true resize by 0B
[1.275s][debug][gc,ergo,refine] GC(4) Concurrent refinement times: Logged Cards Scan time goal: 20.00ms Logged Cards Scan time: 0.20ms HCC time: 0.00ms
[1.275s][trace][gc,ergo,refine] GC(4) Updating Refinement Zones: logged cards scan time: 0.199ms, processed cards: 250, goal time: 19.996ms
[1.275s][debug][gc,ergo,refine] GC(4) Updated Refinement Zones: green: 2560, yellow: 7680, red: 12800
[1.275s][info ][gc,phases     ] GC(4)   Pre Evacuate Collection Set: 0.6ms
[1.275s][info ][gc,phases     ] GC(4)   Merge Heap Roots: 0.8ms
[1.275s][info ][gc,phases     ] GC(4)   Evacuate Collection Set: 76.0ms
[1.275s][info ][gc,phases     ] GC(4)   Post Evacuate Collection Set: 12.5ms
[1.275s][info ][gc,phases     ] GC(4)   Other: 1.9ms
[1.275s][info ][gc,heap       ] GC(4) Eden regions: 44->0(44)
[1.275s][info ][gc,heap       ] GC(4) Survivor regions: 7->7(7)
[1.275s][info ][gc,heap       ] GC(4) Old regions: 169->210
[1.275s][info ][gc,heap       ] GC(4) Archive regions: 2->2
[1.275s][info ][gc,heap       ] GC(4) Humongous regions: 0->0
[1.276s][info ][gc,metaspace  ] GC(4) Metaspace: 552K(704K)->552K(704K) NonClass: 515K(576K)->515K(576K) Class: 37K(128K)->37K(128K)
[1.276s][debug][gc,heap       ] GC(4) Heap after GC invocations=5 (full 0):
[1.276s][debug][gc,heap       ] GC(4)  garbage-first heap   total 1048576K, used 222896K [0x00000000c0000000, 0x0000000100000000)
[1.276s][debug][gc,heap       ] GC(4)   region size 1024K, 7 young (7168K), 7 survivors (7168K)
[1.276s][debug][gc,heap       ] GC(4)  Metaspace       used 552K, committed 704K, reserved 1114112K
[1.276s][debug][gc,heap       ] GC(4)   class space    used 37K, committed 128K, reserved 1048576K
[1.276s][info ][gc            ] GC(4) Pause Young (Normal) (G1 Evacuation Pause) 219M->217M(1024M) 91.920ms
[1.276s][info ][gc,cpu        ] GC(4) User=0.14s Sys=0.47s Real=0.09s
[1.299s][debug][gc,heap       ] GC(5) Heap before GC invocations=5 (full 0):
[1.299s][debug][gc,heap       ] GC(5)  garbage-first heap   total 1048576K, used 266928K [0x00000000c0000000, 0x0000000100000000)
[1.299s][debug][gc,heap       ] GC(5)   region size 1024K, 51 young (52224K), 7 survivors (7168K)
[1.299s][debug][gc,heap       ] GC(5)  Metaspace       used 552K, committed 704K, reserved 1114112K
[1.299s][debug][gc,heap       ] GC(5)   class space    used 37K, committed 128K, reserved 1048576K
[1.299s][info ][gc,start      ] GC(5) Pause Young (Normal) (G1 Evacuation Pause)
[1.300s][info ][gc,task       ] GC(5) Using 10 workers of 10 for evacuation
[1.300s][trace][gc,ergo,cset  ] GC(5) Start choosing CSet. Pending cards: 289 target pause time: 200.00ms
[1.300s][trace][gc,ergo,cset  ] GC(5) Added young regions to CSet. Eden: 44 regions, Survivors: 7 regions, predicted eden time: 182.60ms, predicted base time: 13.50ms, target pause time: 200.00ms, remaining time: 3.90ms
[1.300s][debug][gc,ergo       ] GC(5) Running G1 Merge Heap Roots using 10 workers for 51 regions
[1.371s][debug][gc,ergo       ] GC(5) Running G1 Rebuild Free List Task using 10 workers for rebuilding free list of regions
[1.372s][debug][gc,ergo,heap  ] GC(5) Heap expansion: short term pause time ratio 83.87% long term pause time ratio 29.32% threshold 7.69% pause time ratio 7.69% fully expanded true resize by 0B
[1.372s][debug][gc,ergo,refine] GC(5) Concurrent refinement times: Logged Cards Scan time goal: 20.00ms Logged Cards Scan time: 0.22ms HCC time: 0.00ms
[1.372s][trace][gc,ergo,refine] GC(5) Updating Refinement Zones: logged cards scan time: 0.222ms, processed cards: 272, goal time: 19.999ms
[1.372s][debug][gc,ergo,refine] GC(5) Updated Refinement Zones: green: 2560, yellow: 7680, red: 12800
[1.372s][info ][gc,phases     ] GC(5)   Pre Evacuate Collection Set: 0.3ms
[1.372s][info ][gc,phases     ] GC(5)   Merge Heap Roots: 0.4ms
[1.372s][info ][gc,phases     ] GC(5)   Evacuate Collection Set: 57.3ms
[1.372s][info ][gc,phases     ] GC(5)   Post Evacuate Collection Set: 13.3ms
[1.372s][info ][gc,phases     ] GC(5)   Other: 1.7ms
[1.372s][info ][gc,heap       ] GC(5) Eden regions: 44->0(47)
[1.372s][info ][gc,heap       ] GC(5) Survivor regions: 7->7(7)
[1.372s][info ][gc,heap       ] GC(5) Old regions: 210->253
[1.372s][info ][gc,heap       ] GC(5) Archive regions: 2->2
[1.372s][info ][gc,heap       ] GC(5) Humongous regions: 0->0
[1.372s][info ][gc,metaspace  ] GC(5) Metaspace: 552K(704K)->552K(704K) NonClass: 515K(576K)->515K(576K) Class: 37K(128K)->37K(128K)
[1.372s][debug][gc,heap       ] GC(5) Heap after GC invocations=6 (full 0):
[1.372s][debug][gc,heap       ] GC(5)  garbage-first heap   total 1048576K, used 266800K [0x00000000c0000000, 0x0000000100000000)
[1.372s][debug][gc,heap       ] GC(5)   region size 1024K, 7 young (7168K), 7 survivors (7168K)
[1.372s][debug][gc,heap       ] GC(5)  Metaspace       used 552K, committed 704K, reserved 1114112K
[1.372s][debug][gc,heap       ] GC(5)   class space    used 37K, committed 128K, reserved 1048576K
[1.372s][info ][gc            ] GC(5) Pause Young (Normal) (G1 Evacuation Pause) 261M->260M(1024M) 72.922ms
[1.372s][info ][gc,cpu        ] GC(5) User=0.13s Sys=0.26s Real=0.07s
[1.389s][debug][gc,heap       ] GC(6) Heap before GC invocations=6 (full 0):
[1.389s][debug][gc,heap       ] GC(6)  garbage-first heap   total 1048576K, used 313904K [0x00000000c0000000, 0x0000000100000000)
[1.389s][debug][gc,heap       ] GC(6)   region size 1024K, 54 young (55296K), 7 survivors (7168K)
[1.389s][debug][gc,heap       ] GC(6)  Metaspace       used 552K, committed 704K, reserved 1114112K
[1.389s][debug][gc,heap       ] GC(6)   class space    used 37K, committed 128K, reserved 1048576K
[1.389s][info ][gc,start      ] GC(6) Pause Young (Normal) (G1 Evacuation Pause)
[1.389s][info ][gc,task       ] GC(6) Using 10 workers of 10 for evacuation
[1.389s][trace][gc,ergo,cset  ] GC(6) Start choosing CSet. Pending cards: 266 target pause time: 200.00ms
[1.390s][trace][gc,ergo,cset  ] GC(6) Added young regions to CSet. Eden: 47 regions, Survivors: 7 regions, predicted eden time: 165.07ms, predicted base time: 13.93ms, target pause time: 200.00ms, remaining time: 21.00ms
[1.390s][debug][gc,ergo       ] GC(6) Running G1 Merge Heap Roots using 10 workers for 54 regions
[1.469s][debug][gc,ergo       ] GC(6) Running G1 Rebuild Free List Task using 10 workers for rebuilding free list of regions
[1.470s][debug][gc,ergo,heap  ] GC(6) Heap expansion: short term pause time ratio 74.70% long term pause time ratio 32.56% threshold 7.69% pause time ratio 7.69% fully expanded true resize by 0B
[1.470s][debug][gc,ergo,refine] GC(6) Concurrent refinement times: Logged Cards Scan time goal: 20.00ms Logged Cards Scan time: 0.18ms HCC time: 0.00ms
[1.470s][trace][gc,ergo,refine] GC(6) Updating Refinement Zones: logged cards scan time: 0.178ms, processed cards: 249, goal time: 19.999ms
[1.470s][debug][gc,ergo,refine] GC(6) Updated Refinement Zones: green: 2560, yellow: 7680, red: 12800
[1.470s][info ][gc,phases     ] GC(6)   Pre Evacuate Collection Set: 0.3ms
[1.470s][info ][gc,phases     ] GC(6)   Merge Heap Roots: 0.2ms
[1.470s][info ][gc,phases     ] GC(6)   Evacuate Collection Set: 67.2ms
[1.470s][info ][gc,phases     ] GC(6)   Post Evacuate Collection Set: 11.7ms
[1.470s][info ][gc,phases     ] GC(6)   Other: 1.5ms
[1.470s][info ][gc,heap       ] GC(6) Eden regions: 47->0(55)
[1.470s][info ][gc,heap       ] GC(6) Survivor regions: 7->7(7)
[1.470s][info ][gc,heap       ] GC(6) Old regions: 253->299
[1.470s][info ][gc,heap       ] GC(6) Archive regions: 2->2
[1.470s][info ][gc,heap       ] GC(6) Humongous regions: 0->0
[1.470s][info ][gc,metaspace  ] GC(6) Metaspace: 552K(704K)->552K(704K) NonClass: 515K(576K)->515K(576K) Class: 37K(128K)->37K(128K)
[1.470s][debug][gc,heap       ] GC(6) Heap after GC invocations=7 (full 0):
[1.470s][debug][gc,heap       ] GC(6)  garbage-first heap   total 1048576K, used 313648K [0x00000000c0000000, 0x0000000100000000)
[1.470s][debug][gc,heap       ] GC(6)   region size 1024K, 7 young (7168K), 7 survivors (7168K)
[1.470s][debug][gc,heap       ] GC(6)  Metaspace       used 552K, committed 704K, reserved 1114112K
[1.470s][debug][gc,heap       ] GC(6)   class space    used 37K, committed 128K, reserved 1048576K
[1.470s][info ][gc            ] GC(6) Pause Young (Normal) (G1 Evacuation Pause) 307M->306M(1024M) 80.960ms
[1.470s][info ][gc,cpu        ] GC(6) User=0.15s Sys=0.34s Real=0.09s
[1.497s][debug][gc,heap       ] GC(7) Heap before GC invocations=7 (full 0):
[1.497s][debug][gc,heap       ] GC(7)  garbage-first heap   total 1048576K, used 368944K [0x00000000c0000000, 0x0000000100000000)
[1.497s][debug][gc,heap       ] GC(7)   region size 1024K, 62 young (63488K), 7 survivors (7168K)
[1.497s][debug][gc,heap       ] GC(7)  Metaspace       used 552K, committed 704K, reserved 1114112K
[1.497s][debug][gc,heap       ] GC(7)   class space    used 37K, committed 128K, reserved 1048576K
[1.497s][info ][gc,start      ] GC(7) Pause Young (Normal) (G1 Evacuation Pause)
[1.498s][info ][gc,task       ] GC(7) Using 10 workers of 10 for evacuation
[1.498s][trace][gc,ergo,cset  ] GC(7) Start choosing CSet. Pending cards: 268 target pause time: 200.00ms
[1.498s][trace][gc,ergo,cset  ] GC(7) Added young regions to CSet. Eden: 55 regions, Survivors: 7 regions, predicted eden time: 13.43ms, predicted base time: 13.60ms, target pause time: 200.00ms, remaining time: 172.97ms
[1.498s][debug][gc,ergo       ] GC(7) Running G1 Merge Heap Roots using 10 workers for 62 regions
[1.596s][debug][gc,ergo       ] GC(7) Running G1 Rebuild Free List Task using 10 workers for rebuilding free list of regions
[1.597s][debug][gc,ergo,heap  ] GC(7) Heap expansion: short term pause time ratio 81.79% long term pause time ratio 35.89% threshold 7.69% pause time ratio 7.69% fully expanded true resize by 0B
[1.597s][debug][gc,ergo,refine] GC(7) Concurrent refinement times: Logged Cards Scan time goal: 20.00ms Logged Cards Scan time: 0.21ms HCC time: 0.00ms
[1.597s][trace][gc,ergo,refine] GC(7) Updating Refinement Zones: logged cards scan time: 0.206ms, processed cards: 243, goal time: 19.999ms
[1.597s][debug][gc,ergo,refine] GC(7) Updated Refinement Zones: green: 2560, yellow: 7680, red: 12800
[1.597s][info ][gc,phases     ] GC(7)   Pre Evacuate Collection Set: 0.4ms
[1.597s][info ][gc,phases     ] GC(7)   Merge Heap Roots: 0.3ms
[1.597s][info ][gc,phases     ] GC(7)   Evacuate Collection Set: 85.9ms
[1.597s][info ][gc,phases     ] GC(7)   Post Evacuate Collection Set: 12.3ms
[1.597s][info ][gc,phases     ] GC(7)   Other: 1.5ms
[1.597s][info ][gc,heap       ] GC(7) Eden regions: 55->0(60)
[1.597s][info ][gc,heap       ] GC(7) Survivor regions: 7->8(8)
[1.597s][info ][gc,heap       ] GC(7) Old regions: 299->350
[1.597s][info ][gc,heap       ] GC(7) Archive regions: 2->2
[1.597s][info ][gc,heap       ] GC(7) Humongous regions: 0->0
[1.597s][info ][gc,metaspace  ] GC(7) Metaspace: 552K(704K)->552K(704K) NonClass: 515K(576K)->515K(576K) Class: 37K(128K)->37K(128K)
[1.598s][debug][gc,heap       ] GC(7) Heap after GC invocations=8 (full 0):
[1.598s][debug][gc,heap       ] GC(7)  garbage-first heap   total 1048576K, used 367026K [0x00000000c0000000, 0x0000000100000000)
[1.598s][debug][gc,heap       ] GC(7)   region size 1024K, 8 young (8192K), 8 survivors (8192K)
[1.598s][debug][gc,heap       ] GC(7)  Metaspace       used 552K, committed 704K, reserved 1114112K
[1.598s][debug][gc,heap       ] GC(7)   class space    used 37K, committed 128K, reserved 1048576K
[1.598s][info ][gc            ] GC(7) Pause Young (Normal) (G1 Evacuation Pause) 361M->358M(1024M) 100.326ms
[1.598s][info ][gc,cpu        ] GC(7) User=0.24s Sys=0.27s Real=0.10s
[1.622s][debug][gc,heap       ] GC(8) Heap before GC invocations=8 (full 0):
[1.622s][debug][gc,heap       ] GC(8)  garbage-first heap   total 1048576K, used 427442K [0x00000000c0000000, 0x0000000100000000)
[1.622s][debug][gc,heap       ] GC(8)   region size 1024K, 68 young (69632K), 8 survivors (8192K)
[1.622s][debug][gc,heap       ] GC(8)  Metaspace       used 552K, committed 704K, reserved 1114112K
[1.622s][debug][gc,heap       ] GC(8)   class space    used 37K, committed 128K, reserved 1048576K
[1.622s][info ][gc,start      ] GC(8) Pause Young (Normal) (G1 Evacuation Pause)
[1.622s][info ][gc,task       ] GC(8) Using 10 workers of 10 for evacuation
[1.623s][trace][gc,ergo,cset  ] GC(8) Start choosing CSet. Pending cards: 303 target pause time: 200.00ms
[1.623s][trace][gc,ergo,cset  ] GC(8) Added young regions to CSet. Eden: 60 regions, Survivors: 8 regions, predicted eden time: 14.76ms, predicted base time: 13.60ms, target pause time: 200.00ms, remaining time: 171.64ms
[1.623s][debug][gc,ergo       ] GC(8) Running G1 Merge Heap Roots using 10 workers for 68 regions
[1.710s][debug][gc,ergo       ] GC(8) Running G1 Rebuild Free List Task using 10 workers for rebuilding free list of regions
[1.710s][debug][gc,ergo,heap  ] GC(8) Heap expansion: short term pause time ratio 78.03% long term pause time ratio 39.30% threshold 7.69% pause time ratio 7.69% fully expanded true resize by 0B
[1.710s][debug][gc,ergo,refine] GC(8) Concurrent refinement times: Logged Cards Scan time goal: 20.00ms Logged Cards Scan time: 0.24ms HCC time: 0.00ms
[1.710s][trace][gc,ergo,refine] GC(8) Updating Refinement Zones: logged cards scan time: 0.235ms, processed cards: 286, goal time: 19.999ms
[1.710s][debug][gc,ergo,refine] GC(8) Updated Refinement Zones: green: 2560, yellow: 7680, red: 12800
[1.711s][info ][gc,phases     ] GC(8)   Pre Evacuate Collection Set: 0.5ms
[1.711s][info ][gc,phases     ] GC(8)   Merge Heap Roots: 0.3ms
[1.711s][info ][gc,phases     ] GC(8)   Evacuate Collection Set: 72.0ms
[1.711s][info ][gc,phases     ] GC(8)   Post Evacuate Collection Set: 14.4ms
[1.711s][info ][gc,phases     ] GC(8)   Other: 1.8ms
[1.711s][info ][gc,heap       ] GC(8) Eden regions: 60->0(66)
[1.711s][info ][gc,heap       ] GC(8) Survivor regions: 8->9(9)
[1.711s][info ][gc,heap       ] GC(8) Old regions: 350->405
[1.711s][info ][gc,heap       ] GC(8) Archive regions: 2->2
[1.711s][info ][gc,heap       ] GC(8) Humongous regions: 0->0
[1.711s][info ][gc,metaspace  ] GC(8) Metaspace: 552K(704K)->552K(704K) NonClass: 515K(576K)->515K(576K) Class: 37K(128K)->37K(128K)
[1.711s][debug][gc,heap       ] GC(8) Heap after GC invocations=9 (full 0):
[1.711s][debug][gc,heap       ] GC(8)  garbage-first heap   total 1048576K, used 424112K [0x00000000c0000000, 0x0000000100000000)
[1.711s][debug][gc,heap       ] GC(8)   region size 1024K, 9 young (9216K), 9 survivors (9216K)
[1.711s][debug][gc,heap       ] GC(8)  Metaspace       used 552K, committed 704K, reserved 1114112K
[1.711s][debug][gc,heap       ] GC(8)   class space    used 37K, committed 128K, reserved 1048576K
[1.712s][info ][gc            ] GC(8) Pause Young (Normal) (G1 Evacuation Pause) 418M->414M(1024M) 89.143ms
[1.712s][info ][gc,cpu        ] GC(8) User=0.23s Sys=0.28s Real=0.09s
[1.742s][debug][gc,heap       ] GC(9) Heap before GC invocations=9 (full 0):
[1.742s][debug][gc,heap       ] GC(9)  garbage-first heap   total 1048576K, used 490672K [0x00000000c0000000, 0x0000000100000000)
[1.742s][debug][gc,heap       ] GC(9)   region size 1024K, 75 young (76800K), 9 survivors (9216K)
[1.742s][debug][gc,heap       ] GC(9)  Metaspace       used 552K, committed 704K, reserved 1114112K
[1.742s][debug][gc,heap       ] GC(9)   class space    used 37K, committed 128K, reserved 1048576K
[1.743s][info ][gc,start      ] GC(9) Pause Young (Normal) (G1 Evacuation Pause)
[1.743s][info ][gc,task       ] GC(9) Using 10 workers of 10 for evacuation
[1.743s][trace][gc,ergo,cset  ] GC(9) Start choosing CSet. Pending cards: 281 target pause time: 200.00ms
[1.743s][trace][gc,ergo,cset  ] GC(9) Added young regions to CSet. Eden: 66 regions, Survivors: 9 regions, predicted eden time: 15.78ms, predicted base time: 14.41ms, target pause time: 200.00ms, remaining time: 169.81ms
[1.744s][debug][gc,ergo       ] GC(9) Running G1 Merge Heap Roots using 10 workers for 75 regions
[1.880s][debug][gc,ergo       ] GC(9) Running G1 Rebuild Free List Task using 10 workers for rebuilding free list of regions
[1.882s][debug][gc,ergo,heap  ] GC(9) Heap expansion: short term pause time ratio 77.51% long term pause time ratio 41.86% threshold 7.69% pause time ratio 7.69% fully expanded true resize by 0B
[1.882s][debug][gc,ergo,refine] GC(9) Concurrent refinement times: Logged Cards Scan time goal: 20.00ms Logged Cards Scan time: 0.25ms HCC time: 0.00ms
[1.882s][trace][gc,ergo,refine] GC(9) Updating Refinement Zones: logged cards scan time: 0.246ms, processed cards: 264, goal time: 19.999ms
[1.882s][debug][gc,ergo,refine] GC(9) Updated Refinement Zones: green: 2560, yellow: 7680, red: 12800
[1.882s][info ][gc,phases     ] GC(9)   Pre Evacuate Collection Set: 0.5ms
[1.882s][info ][gc,phases     ] GC(9)   Merge Heap Roots: 0.4ms
[1.882s][info ][gc,phases     ] GC(9)   Evacuate Collection Set: 119.0ms
[1.882s][info ][gc,phases     ] GC(9)   Post Evacuate Collection Set: 18.1ms
[1.882s][info ][gc,phases     ] GC(9)   Other: 2.5ms
[1.882s][info ][gc,heap       ] GC(9) Eden regions: 66->0(67)
[1.882s][info ][gc,heap       ] GC(9) Survivor regions: 9->10(10)
[1.882s][info ][gc,heap       ] GC(9) Old regions: 405->462
[1.882s][info ][gc,heap       ] GC(9) Archive regions: 2->2
[1.882s][info ][gc,heap       ] GC(9) Humongous regions: 0->0
[1.882s][info ][gc,metaspace  ] GC(9) Metaspace: 552K(704K)->552K(704K) NonClass: 515K(576K)->515K(576K) Class: 37K(128K)->37K(128K)
[1.883s][debug][gc,heap       ] GC(9) Heap after GC invocations=10 (full 0):
[1.883s][debug][gc,heap       ] GC(9)  garbage-first heap   total 1048576K, used 483888K [0x00000000c0000000, 0x0000000100000000)
[1.883s][debug][gc,heap       ] GC(9)   region size 1024K, 10 young (10240K), 10 survivors (10240K)
[1.883s][debug][gc,heap       ] GC(9)  Metaspace       used 552K, committed 704K, reserved 1114112K
[1.883s][debug][gc,heap       ] GC(9)   class space    used 37K, committed 128K, reserved 1048576K
[1.883s][info ][gc            ] GC(9) Pause Young (Normal) (G1 Evacuation Pause) 480M->472M(1024M) 140.176ms
[1.883s][info ][gc,cpu        ] GC(9) User=0.15s Sys=0.66s Real=0.16s
[1.923s][debug][gc,heap       ] GC(10) Heap before GC invocations=10 (full 0):
[1.923s][debug][gc,heap       ] GC(10)  garbage-first heap   total 1048576K, used 551472K [0x00000000c0000000, 0x0000000100000000)
[1.923s][debug][gc,heap       ] GC(10)   region size 1024K, 77 young (78848K), 10 survivors (10240K)
[1.923s][debug][gc,heap       ] GC(10)  Metaspace       used 552K, committed 704K, reserved 1114112K
[1.923s][debug][gc,heap       ] GC(10)   class space    used 37K, committed 128K, reserved 1048576K
[1.924s][info ][gc,start      ] GC(10) Pause Young (Normal) (G1 Evacuation Pause)
[1.924s][info ][gc,task       ] GC(10) Using 10 workers of 10 for evacuation
[1.924s][trace][gc,ergo,cset  ] GC(10) Start choosing CSet. Pending cards: 273 target pause time: 200.00ms
[1.924s][trace][gc,ergo,cset  ] GC(10) Added young regions to CSet. Eden: 67 regions, Survivors: 10 regions, predicted eden time: 16.61ms, predicted base time: 16.48ms, target pause time: 200.00ms, remaining time: 166.91ms
[1.925s][debug][gc,ergo       ] GC(10) Running G1 Merge Heap Roots using 10 workers for 77 regions
[2.061s][debug][gc,ergo       ] GC(10) Running G1 Rebuild Free List Task using 10 workers for rebuilding free list of regions
[2.061s][debug][gc,ergo,heap  ] GC(10) Heap expansion: short term pause time ratio 81.05% long term pause time ratio 45.48% threshold 7.69% pause time ratio 7.69% fully expanded true resize by 0B
[2.061s][debug][gc,ergo,ihop  ] GC(10) Request concurrent cycle initiation (occupancy higher than threshold) occupancy: 549453824B allocation request: 0B threshold: 536870912B (50.00) source: end of GC
[2.061s][debug][gc,ergo,refine] GC(10) Concurrent refinement times: Logged Cards Scan time goal: 20.00ms Logged Cards Scan time: 0.24ms HCC time: 0.00ms
[2.061s][trace][gc,ergo,refine] GC(10) Updating Refinement Zones: logged cards scan time: 0.240ms, processed cards: 256, goal time: 19.999ms
[2.061s][debug][gc,ergo,refine] GC(10) Updated Refinement Zones: green: 2560, yellow: 7680, red: 12800
[2.061s][info ][gc,phases     ] GC(10)   Pre Evacuate Collection Set: 0.4ms
[2.061s][info ][gc,phases     ] GC(10)   Merge Heap Roots: 0.3ms
[2.061s][info ][gc,phases     ] GC(10)   Evacuate Collection Set: 119.6ms
[2.061s][info ][gc,phases     ] GC(10)   Post Evacuate Collection Set: 16.3ms
[2.061s][info ][gc,phases     ] GC(10)   Other: 2.3ms
[2.061s][info ][gc,heap       ] GC(10) Eden regions: 67->0(69)
[2.061s][info ][gc,heap       ] GC(10) Survivor regions: 10->10(10)
[2.061s][info ][gc,heap       ] GC(10) Old regions: 462->522
[2.061s][info ][gc,heap       ] GC(10) Archive regions: 2->2
[2.061s][info ][gc,heap       ] GC(10) Humongous regions: 0->0
[2.061s][info ][gc,metaspace  ] GC(10) Metaspace: 552K(704K)->552K(704K) NonClass: 515K(576K)->515K(576K) Class: 37K(128K)->37K(128K)
[2.062s][debug][gc,heap       ] GC(10) Heap after GC invocations=11 (full 0):
[2.062s][debug][gc,heap       ] GC(10)  garbage-first heap   total 1048576K, used 545200K [0x00000000c0000000, 0x0000000100000000)
[2.062s][debug][gc,heap       ] GC(10)   region size 1024K, 10 young (10240K), 10 survivors (10240K)
[2.062s][debug][gc,heap       ] GC(10)  Metaspace       used 552K, committed 704K, reserved 1114112K
[2.062s][debug][gc,heap       ] GC(10)   class space    used 37K, committed 128K, reserved 1048576K
[2.062s][info ][gc            ] GC(10) Pause Young (Normal) (G1 Evacuation Pause) 539M->532M(1024M) 137.922ms
[2.062s][info ][gc,cpu        ] GC(10) User=0.27s Sys=0.47s Real=0.14s
[2.097s][debug][gc,heap       ] GC(11) Heap before GC invocations=11 (full 0):
[2.097s][debug][gc,heap       ] GC(11)  garbage-first heap   total 1048576K, used 614832K [0x00000000c0000000, 0x0000000100000000)
[2.097s][debug][gc,heap       ] GC(11)   region size 1024K, 79 young (80896K), 10 survivors (10240K)
[2.097s][debug][gc,heap       ] GC(11)  Metaspace       used 552K, committed 704K, reserved 1114112K
[2.097s][debug][gc,heap       ] GC(11)   class space    used 37K, committed 128K, reserved 1048576K
[2.098s][debug][gc,ergo       ] GC(11) Initiate concurrent cycle (concurrent cycle initiation requested)
[2.098s][info ][gc,start      ] GC(11) Pause Young (Concurrent Start) (G1 Evacuation Pause)
[2.098s][info ][gc,task       ] GC(11) Using 10 workers of 10 for evacuation
[2.098s][trace][gc,ergo,cset  ] GC(11) Start choosing CSet. Pending cards: 257 target pause time: 200.00ms
[2.098s][trace][gc,ergo,cset  ] GC(11) Added young regions to CSet. Eden: 69 regions, Survivors: 10 regions, predicted eden time: 16.09ms, predicted base time: 16.93ms, target pause time: 200.00ms, remaining time: 166.98ms
[2.099s][debug][gc,ergo       ] GC(11) Running G1 Merge Heap Roots using 10 workers for 79 regions
[2.232s][debug][gc,ergo       ] GC(11) Running G1 Rebuild Free List Task using 10 workers for rebuilding free list of regions
[2.233s][debug][gc,ergo,heap  ] GC(11) Heap expansion: short term pause time ratio 76.52% long term pause time ratio 78.97% threshold 7.69% pause time ratio 7.69% fully expanded true resize by 0B
[2.233s][debug][gc,ergo,refine] GC(11) Concurrent refinement times: Logged Cards Scan time goal: 20.00ms Logged Cards Scan time: 1.08ms HCC time: 0.00ms
[2.233s][trace][gc,ergo,refine] GC(11) Updating Refinement Zones: logged cards scan time: 1.080ms, processed cards: 208, goal time: 19.999ms
[2.233s][debug][gc,ergo,refine] GC(11) Updated Refinement Zones: green: 2560, yellow: 7680, red: 12800
[2.233s][info ][gc,phases     ] GC(11)   Pre Evacuate Collection Set: 0.4ms
[2.233s][info ][gc,phases     ] GC(11)   Merge Heap Roots: 0.2ms
[2.233s][info ][gc,phases     ] GC(11)   Evacuate Collection Set: 108.1ms
[2.233s][info ][gc,phases     ] GC(11)   Post Evacuate Collection Set: 25.7ms
[2.233s][info ][gc,phases     ] GC(11)   Other: 2.1ms
[2.233s][info ][gc,heap       ] GC(11) Eden regions: 69->0(66)
[2.233s][info ][gc,heap       ] GC(11) Survivor regions: 10->10(10)
[2.233s][info ][gc,heap       ] GC(11) Old regions: 522->581
[2.233s][info ][gc,heap       ] GC(11) Archive regions: 2->2
[2.233s][info ][gc,heap       ] GC(11) Humongous regions: 0->0
[2.233s][info ][gc,metaspace  ] GC(11) Metaspace: 552K(704K)->552K(704K) NonClass: 515K(576K)->515K(576K) Class: 37K(128K)->37K(128K)
[2.234s][debug][gc,heap       ] GC(11) Heap after GC invocations=12 (full 0):
[2.234s][debug][gc,heap       ] GC(11)  garbage-first heap   total 1048576K, used 606000K [0x00000000c0000000, 0x0000000100000000)
[2.234s][debug][gc,heap       ] GC(11)   region size 1024K, 10 young (10240K), 10 survivors (10240K)
[2.234s][debug][gc,heap       ] GC(11)  Metaspace       used 552K, committed 704K, reserved 1114112K
[2.234s][debug][gc,heap       ] GC(11)   class space    used 37K, committed 128K, reserved 1048576K
[2.234s][info ][gc            ] GC(11) Pause Young (Concurrent Start) (G1 Evacuation Pause) 601M->591M(1024M) 136.071ms
[2.234s][info ][gc,cpu        ] GC(11) User=0.22s Sys=0.56s Real=0.14s
[2.234s][info ][gc            ] GC(12) Concurrent Mark Cycle
[2.234s][info ][gc,marking    ] GC(12) Concurrent Clear Claimed Marks
[2.235s][info ][gc,marking    ] GC(12) Concurrent Clear Claimed Marks 0.575ms
[2.235s][info ][gc,marking    ] GC(12) Concurrent Scan Root Regions
[2.235s][debug][gc,ergo       ] GC(12) Running G1 Root Region Scan using 3 workers for 70 work units.
[2.240s][info ][gc,marking    ] GC(12) Concurrent Scan Root Regions 5.099ms
[2.240s][info ][gc,marking    ] GC(12) Concurrent Mark
[2.240s][info ][gc,marking    ] GC(12) Concurrent Mark From Roots
[2.240s][info ][gc,task       ] GC(12) Using 3 workers of 3 for marking
[2.262s][debug][gc,heap       ] GC(13) Heap before GC invocations=12 (full 0):
[2.262s][debug][gc,heap       ] GC(13)  garbage-first heap   total 1048576K, used 672560K [0x00000000c0000000, 0x0000000100000000)
[2.262s][debug][gc,heap       ] GC(13)   region size 1024K, 76 young (77824K), 10 survivors (10240K)
[2.262s][debug][gc,heap       ] GC(13)  Metaspace       used 552K, committed 704K, reserved 1114112K
[2.262s][debug][gc,heap       ] GC(13)   class space    used 37K, committed 128K, reserved 1048576K
[2.263s][info ][gc,start      ] GC(13) Pause Young (Normal) (G1 Evacuation Pause)
[2.263s][info ][gc,task       ] GC(13) Using 10 workers of 10 for evacuation
[2.263s][trace][gc,ergo,cset  ] GC(13) Start choosing CSet. Pending cards: 283 target pause time: 200.00ms
[2.264s][trace][gc,ergo,cset  ] GC(13) Added young regions to CSet. Eden: 66 regions, Survivors: 10 regions, predicted eden time: 158.62ms, predicted base time: 21.62ms, target pause time: 200.00ms, remaining time: 19.77ms
[2.264s][debug][gc,ergo       ] GC(13) Running G1 Merge Heap Roots using 10 workers for 76 regions
[2.366s][debug][gc,ergo       ] GC(13) Running G1 Rebuild Free List Task using 10 workers for rebuilding free list of regions
[2.367s][debug][gc,ergo,heap  ] GC(13) Heap expansion: short term pause time ratio 78.69% long term pause time ratio 79.03% threshold 7.69% pause time ratio 7.69% fully expanded true resize by 0B
[2.367s][debug][gc,ergo,refine] GC(13) Concurrent refinement times: Logged Cards Scan time goal: 20.00ms Logged Cards Scan time: 0.20ms HCC time: 0.00ms
[2.367s][trace][gc,ergo,refine] GC(13) Updating Refinement Zones: logged cards scan time: 0.196ms, processed cards: 258, goal time: 19.999ms
[2.367s][debug][gc,ergo,refine] GC(13) Updated Refinement Zones: green: 2560, yellow: 7680, red: 12800
[2.367s][info ][gc,phases     ] GC(13)   Pre Evacuate Collection Set: 0.4ms
[2.367s][info ][gc,phases     ] GC(13)   Merge Heap Roots: 0.3ms
[2.367s][info ][gc,phases     ] GC(13)   Evacuate Collection Set: 84.1ms
[2.367s][info ][gc,phases     ] GC(13)   Post Evacuate Collection Set: 17.9ms
[2.367s][info ][gc,phases     ] GC(13)   Other: 1.8ms
[2.367s][info ][gc,heap       ] GC(13) Eden regions: 66->0(68)
[2.367s][info ][gc,heap       ] GC(13) Survivor regions: 10->10(10)
[2.367s][info ][gc,heap       ] GC(13) Old regions: 581->640
[2.367s][info ][gc,heap       ] GC(13) Archive regions: 2->2
[2.367s][info ][gc,heap       ] GC(13) Humongous regions: 0->0
[2.367s][info ][gc,metaspace  ] GC(13) Metaspace: 552K(704K)->552K(704K) NonClass: 515K(576K)->515K(576K) Class: 37K(128K)->37K(128K)
[2.367s][debug][gc,heap       ] GC(13) Heap after GC invocations=13 (full 0):
[2.367s][debug][gc,heap       ] GC(13)  garbage-first heap   total 1048576K, used 666420K [0x00000000c0000000, 0x0000000100000000)
[2.367s][debug][gc,heap       ] GC(13)   region size 1024K, 10 young (10240K), 10 survivors (10240K)
[2.367s][debug][gc,heap       ] GC(13)  Metaspace       used 552K, committed 704K, reserved 1114112K
[2.367s][debug][gc,heap       ] GC(13)   class space    used 37K, committed 128K, reserved 1048576K
[2.367s][info ][gc            ] GC(13) Pause Young (Normal) (G1 Evacuation Pause) 657M->650M(1024M) 104.042ms
[2.367s][info ][gc,cpu        ] GC(13) User=0.22s Sys=0.31s Real=0.10s
[2.368s][info ][gc,marking    ] GC(12) Concurrent Mark From Roots 127.764ms
[2.368s][info ][gc,marking    ] GC(12) Concurrent Preclean
[2.368s][info ][gc,marking    ] GC(12) Concurrent Preclean 0.129ms
[2.368s][info ][gc,start      ] GC(12) Pause Remark
[2.376s][debug][gc,ergo       ] GC(12) Running G1 Update RemSet Tracking Before Rebuild using 3 workers for 1024 regions in heap
[2.477s][info ][gc            ] GC(12) Pause Remark 651M->191M(1024M) 109.022ms
[2.477s][info ][gc,cpu        ] GC(12) User=0.72s Sys=0.16s Real=0.11s
[2.479s][info ][gc,marking    ] GC(12) Concurrent Mark 239.075ms
[2.479s][info ][gc,marking    ] GC(12) Concurrent Rebuild Remembered Sets
[2.485s][info ][gc,marking    ] GC(12) Concurrent Rebuild Remembered Sets 6.326ms
[2.486s][info ][gc,start      ] GC(12) Pause Cleanup
[2.487s][debug][gc,ergo,cset  ] GC(12) Pruned 55 regions out of 62, leaving 47486136 bytes waste (allowed 53687091)
[2.487s][info ][gc            ] GC(12) Pause Cleanup 201M->201M(1024M) 1.016ms
[2.487s][info ][gc,cpu        ] GC(12) User=0.00s Sys=0.00s Real=0.00s
[2.487s][info ][gc,marking    ] GC(12) Concurrent Cleanup for Next Mark
[2.487s][debug][gc,ergo       ] GC(12) Running G1 Clear Bitmap with 3 workers for 16 work units.
[2.519s][debug][gc,heap       ] GC(14) Heap before GC invocations=14 (full 0):
[2.519s][debug][gc,heap       ] GC(14)  garbage-first heap   total 1048576K, used 263988K [0x00000000c0000000, 0x0000000100000000)
[2.519s][debug][gc,heap       ] GC(14)   region size 1024K, 78 young (79872K), 10 survivors (10240K)
[2.519s][debug][gc,heap       ] GC(14)  Metaspace       used 552K, committed 704K, reserved 1114112K
[2.519s][debug][gc,heap       ] GC(14)   class space    used 37K, committed 128K, reserved 1048576K
[2.520s][info ][gc,start      ] GC(14) Pause Young (Prepare Mixed) (G1 Evacuation Pause)
[2.520s][info ][gc,task       ] GC(14) Using 10 workers of 10 for evacuation
[2.520s][trace][gc,ergo,cset  ] GC(14) Start choosing CSet. Pending cards: 265 target pause time: 200.00ms
[2.520s][trace][gc,ergo,cset  ] GC(14) Added young regions to CSet. Eden: 68 regions, Survivors: 10 regions, predicted eden time: 148.25ms, predicted base time: 20.98ms, target pause time: 200.00ms, remaining time: 30.78ms
[2.521s][debug][gc,ergo       ] GC(14) Running G1 Merge Heap Roots using 10 workers for 78 regions
[2.591s][debug][gc,ergo       ] GC(14) Running G1 Rebuild Free List Task using 10 workers for rebuilding free list of regions
[2.593s][debug][gc,ergo,heap  ] GC(14) Heap expansion: short term pause time ratio 9.58% long term pause time ratio 79.55% threshold 7.69% pause time ratio 7.69% fully expanded true resize by 0B
[2.593s][debug][gc,ergo,refine] GC(14) Concurrent refinement times: Logged Cards Scan time goal: 20.00ms Logged Cards Scan time: 0.25ms HCC time: 0.00ms
[2.593s][trace][gc,ergo,refine] GC(14) Updating Refinement Zones: logged cards scan time: 0.252ms, processed cards: 248, goal time: 19.999ms
[2.593s][debug][gc,ergo,refine] GC(14) Updated Refinement Zones: green: 2560, yellow: 7680, red: 12800
[2.593s][info ][gc,phases     ] GC(14)   Pre Evacuate Collection Set: 0.4ms
[2.593s][info ][gc,phases     ] GC(14)   Merge Heap Roots: 0.5ms
[2.593s][info ][gc,phases     ] GC(14)   Evacuate Collection Set: 52.7ms
[2.593s][info ][gc,phases     ] GC(14)   Post Evacuate Collection Set: 18.1ms
[2.593s][info ][gc,phases     ] GC(14)   Other: 2.3ms
[2.593s][info ][gc,heap       ] GC(14) Eden regions: 68->0(41)
[2.593s][info ][gc,heap       ] GC(14) Survivor regions: 10->10(10)
[2.593s][info ][gc,heap       ] GC(14) Old regions: 180->240
[2.593s][info ][gc,heap       ] GC(14) Archive regions: 2->2
[2.593s][info ][gc,heap       ] GC(14) Humongous regions: 0->0
[2.593s][info ][gc,metaspace  ] GC(14) Metaspace: 552K(704K)->552K(704K) NonClass: 515K(576K)->515K(576K) Class: 37K(128K)->37K(128K)
[2.593s][debug][gc,heap       ] GC(14) Heap after GC invocations=15 (full 0):
[2.593s][debug][gc,heap       ] GC(14)  garbage-first heap   total 1048576K, used 256048K [0x00000000c0000000, 0x0000000100000000)
[2.593s][debug][gc,heap       ] GC(14)   region size 1024K, 10 young (10240K), 10 survivors (10240K)
[2.593s][debug][gc,heap       ] GC(14)  Metaspace       used 552K, committed 704K, reserved 1114112K
[2.593s][debug][gc,heap       ] GC(14)   class space    used 37K, committed 128K, reserved 1048576K
[2.593s][info ][gc            ] GC(14) Pause Young (Prepare Mixed) (G1 Evacuation Pause) 258M->250M(1024M) 73.536ms
[2.593s][info ][gc,cpu        ] GC(14) User=0.22s Sys=0.02s Real=0.07s
[2.604s][info ][gc,marking    ] GC(12) Concurrent Cleanup for Next Mark 116.826ms
[2.604s][info ][gc            ] GC(12) Concurrent Mark Cycle 370.333ms
[2.619s][debug][gc,heap       ] GC(15) Heap before GC invocations=15 (full 0):
[2.619s][debug][gc,heap       ] GC(15)  garbage-first heap   total 1048576K, used 297008K [0x00000000c0000000, 0x0000000100000000)
[2.619s][debug][gc,heap       ] GC(15)   region size 1024K, 51 young (52224K), 10 survivors (10240K)
[2.619s][debug][gc,heap       ] GC(15)  Metaspace       used 552K, committed 704K, reserved 1114112K
[2.619s][debug][gc,heap       ] GC(15)   class space    used 37K, committed 128K, reserved 1048576K
[2.620s][info ][gc,start      ] GC(15) Pause Young (Mixed) (G1 Evacuation Pause)
[2.620s][info ][gc,task       ] GC(15) Using 10 workers of 10 for evacuation
[2.620s][trace][gc,ergo,cset  ] GC(15) Start choosing CSet. Pending cards: 270 target pause time: 200.00ms
[2.620s][trace][gc,ergo,cset  ] GC(15) Added young regions to CSet. Eden: 41 regions, Survivors: 10 regions, predicted eden time: 81.60ms, predicted base time: 20.66ms, target pause time: 200.00ms, remaining time: 97.74ms
[2.620s][debug][gc,ergo,cset  ] GC(15) Start adding old regions to collection set. Min 1 regions, max 103 regions, time remaining 97.74ms, optional threshold 19.55ms
[2.620s][debug][gc,ergo,cset  ] GC(15) Old candidate collection set empty.
[2.620s][debug][gc,ergo,cset  ] GC(15) Finish choosing collection set old regions. Initial: 7, optional: 0, predicted old time: 0.00ms, predicted optional time: 0.00ms, time remaining: 93.54
[2.620s][debug][gc,ergo       ] GC(15) Running G1 Merge Heap Roots using 10 workers for 58 regions
[2.675s][debug][gc,ergo       ] GC(15) Running G1 Rebuild Free List Task using 10 workers for rebuilding free list of regions
[2.676s][debug][gc,ergo,heap  ] GC(15) Heap expansion: short term pause time ratio 68.82% long term pause time ratio 79.01% threshold 7.69% pause time ratio 7.69% fully expanded true resize by 0B
[2.676s][debug][gc,ergo       ] GC(15) do not continue mixed GCs (candidate old regions not available)
[2.676s][debug][gc,ergo,refine] GC(15) Concurrent refinement times: Logged Cards Scan time goal: 20.00ms Logged Cards Scan time: 0.22ms HCC time: 0.00ms
[2.676s][trace][gc,ergo,refine] GC(15) Updating Refinement Zones: logged cards scan time: 0.221ms, processed cards: 253, goal time: 19.999ms
[2.676s][debug][gc,ergo,refine] GC(15) Updated Refinement Zones: green: 2560, yellow: 7680, red: 12800
[2.676s][info ][gc,phases     ] GC(15)   Pre Evacuate Collection Set: 0.5ms
[2.676s][info ][gc,phases     ] GC(15)   Merge Heap Roots: 0.7ms
[2.676s][info ][gc,phases     ] GC(15)   Evacuate Collection Set: 41.4ms
[2.676s][info ][gc,phases     ] GC(15)   Post Evacuate Collection Set: 13.0ms
[2.676s][info ][gc,phases     ] GC(15)   Other: 1.5ms
[2.676s][info ][gc,heap       ] GC(15) Eden regions: 41->0(98)
[2.676s][info ][gc,heap       ] GC(15) Survivor regions: 10->7(7)
[2.676s][info ][gc,heap       ] GC(15) Old regions: 240->276
[2.676s][info ][gc,heap       ] GC(15) Archive regions: 2->2
[2.676s][info ][gc,heap       ] GC(15) Humongous regions: 0->0
[2.676s][info ][gc,metaspace  ] GC(15) Metaspace: 552K(704K)->552K(704K) NonClass: 515K(576K)->515K(576K) Class: 37K(128K)->37K(128K)
[2.676s][debug][gc,heap       ] GC(15) Heap after GC invocations=16 (full 0):
[2.676s][debug][gc,heap       ] GC(15)  garbage-first heap   total 1048576K, used 290224K [0x00000000c0000000, 0x0000000100000000)
[2.676s][debug][gc,heap       ] GC(15)   region size 1024K, 7 young (7168K), 7 survivors (7168K)
[2.676s][debug][gc,heap       ] GC(15)  Metaspace       used 552K, committed 704K, reserved 1114112K
[2.676s][debug][gc,heap       ] GC(15)   class space    used 37K, committed 128K, reserved 1048576K
[2.676s][info ][gc            ] GC(15) Pause Young (Mixed) (G1 Evacuation Pause) 290M->283M(1024M) 56.934ms
[2.677s][info ][gc,cpu        ] GC(15) User=0.15s Sys=0.07s Real=0.05s
[2.837s][debug][gc,heap       ] GC(16) Heap before GC invocations=16 (full 0):
[2.837s][debug][gc,heap       ] GC(16)  garbage-first heap   total 1048576K, used 389552K [0x00000000c0000000, 0x0000000100000000)
[2.837s][debug][gc,heap       ] GC(16)   region size 1024K, 105 young (107520K), 7 survivors (7168K)
[2.837s][debug][gc,heap       ] GC(16)  Metaspace       used 552K, committed 704K, reserved 1114112K
[2.837s][debug][gc,heap       ] GC(16)   class space    used 37K, committed 128K, reserved 1048576K
[2.838s][info ][gc,start      ] GC(16) Pause Young (Normal) (G1 Evacuation Pause)
[2.838s][info ][gc,task       ] GC(16) Using 10 workers of 10 for evacuation
[2.839s][trace][gc,ergo,cset  ] GC(16) Start choosing CSet. Pending cards: 256 target pause time: 200.00ms
[2.839s][trace][gc,ergo,cset  ] GC(16) Added young regions to CSet. Eden: 98 regions, Survivors: 7 regions, predicted eden time: 21.87ms, predicted base time: 19.26ms, target pause time: 200.00ms, remaining time: 158.87ms
[2.839s][debug][gc,ergo       ] GC(16) Running G1 Merge Heap Roots using 10 workers for 105 regions
[2.962s][debug][gc,ergo       ] GC(16) Running G1 Rebuild Free List Task using 10 workers for rebuilding free list of regions
[2.963s][debug][gc,ergo,heap  ] GC(16) Heap expansion: short term pause time ratio 67.58% long term pause time ratio 78.00% threshold 7.69% pause time ratio 7.69% fully expanded true resize by 0B
[2.963s][debug][gc,ergo,refine] GC(16) Concurrent refinement times: Logged Cards Scan time goal: 20.00ms Logged Cards Scan time: 0.21ms HCC time: 0.00ms
[2.963s][trace][gc,ergo,refine] GC(16) Updating Refinement Zones: logged cards scan time: 0.212ms, processed cards: 231, goal time: 19.999ms
[2.963s][debug][gc,ergo,refine] GC(16) Updated Refinement Zones: green: 2560, yellow: 7680, red: 12800
[2.963s][info ][gc,phases     ] GC(16)   Pre Evacuate Collection Set: 0.5ms
[2.963s][info ][gc,phases     ] GC(16)   Merge Heap Roots: 0.3ms
[2.963s][info ][gc,phases     ] GC(16)   Evacuate Collection Set: 96.4ms
[2.963s][info ][gc,phases     ] GC(16)   Post Evacuate Collection Set: 26.3ms
[2.963s][info ][gc,phases     ] GC(16)   Other: 2.2ms
[2.963s][info ][gc,heap       ] GC(16) Eden regions: 98->0(106)
[2.963s][info ][gc,heap       ] GC(16) Survivor regions: 7->14(14)
[2.963s][info ][gc,heap       ] GC(16) Old regions: 276->342
[2.963s][info ][gc,heap       ] GC(16) Archive regions: 2->2
[2.963s][info ][gc,heap       ] GC(16) Humongous regions: 0->0
[2.963s][info ][gc,metaspace  ] GC(16) Metaspace: 552K(704K)->552K(704K) NonClass: 515K(576K)->515K(576K) Class: 37K(128K)->37K(128K)
[2.963s][debug][gc,heap       ] GC(16) Heap after GC invocations=17 (full 0):
[2.963s][debug][gc,heap       ] GC(16)  garbage-first heap   total 1048576K, used 365360K [0x00000000c0000000, 0x0000000100000000)
[2.963s][debug][gc,heap       ] GC(16)   region size 1024K, 14 young (14336K), 14 survivors (14336K)
[2.963s][debug][gc,heap       ] GC(16)  Metaspace       used 552K, committed 704K, reserved 1114112K
[2.963s][debug][gc,heap       ] GC(16)   class space    used 37K, committed 128K, reserved 1048576K
[2.963s][info ][gc            ] GC(16) Pause Young (Normal) (G1 Evacuation Pause) 381M->356M(1024M) 124.952ms
[2.963s][info ][gc,cpu        ] GC(16) User=0.29s Sys=0.27s Real=0.13s
[3.014s][debug][gc,heap       ] GC(17) Heap before GC invocations=17 (full 0):
[3.014s][debug][gc,heap       ] GC(17)  garbage-first heap   total 1048576K, used 472880K [0x00000000c0000000, 0x0000000100000000)
[3.014s][debug][gc,heap       ] GC(17)   region size 1024K, 120 young (122880K), 14 survivors (14336K)
[3.014s][debug][gc,heap       ] GC(17)  Metaspace       used 552K, committed 704K, reserved 1114112K
[3.014s][debug][gc,heap       ] GC(17)   class space    used 37K, committed 128K, reserved 1048576K
[3.015s][info ][gc,start      ] GC(17) Pause Young (Normal) (G1 Evacuation Pause)
[3.015s][info ][gc,task       ] GC(17) Using 10 workers of 10 for evacuation
[3.015s][trace][gc,ergo,cset  ] GC(17) Start choosing CSet. Pending cards: 236 target pause time: 200.00ms
[3.015s][trace][gc,ergo,cset  ] GC(17) Added young regions to CSet. Eden: 106 regions, Survivors: 14 regions, predicted eden time: 24.66ms, predicted base time: 22.94ms, target pause time: 200.00ms, remaining time: 152.40ms
[3.016s][debug][gc,ergo       ] GC(17) Running G1 Merge Heap Roots using 10 workers for 120 regions
[3.107s][debug][gc,ergo       ] GC(17) Running G1 Rebuild Free List Task using 10 workers for rebuilding free list of regions
[3.108s][debug][gc,ergo,heap  ] GC(17) Heap expansion: short term pause time ratio 43.25% long term pause time ratio 70.70% threshold 7.69% pause time ratio 7.69% fully expanded true resize by 0B
[3.108s][debug][gc,ergo,refine] GC(17) Concurrent refinement times: Logged Cards Scan time goal: 20.00ms Logged Cards Scan time: 0.21ms HCC time: 0.00ms
[3.108s][trace][gc,ergo,refine] GC(17) Updating Refinement Zones: logged cards scan time: 0.212ms, processed cards: 211, goal time: 19.999ms
[3.108s][debug][gc,ergo,refine] GC(17) Updated Refinement Zones: green: 2560, yellow: 7680, red: 12800
[3.109s][info ][gc,phases     ] GC(17)   Pre Evacuate Collection Set: 0.4ms
[3.109s][info ][gc,phases     ] GC(17)   Merge Heap Roots: 0.3ms
[3.109s][info ][gc,phases     ] GC(17)   Evacuate Collection Set: 67.7ms
[3.109s][info ][gc,phases     ] GC(17)   Post Evacuate Collection Set: 23.7ms
[3.109s][info ][gc,phases     ] GC(17)   Other: 2.6ms
[3.109s][info ][gc,heap       ] GC(17) Eden regions: 106->0(126)
[3.109s][info ][gc,heap       ] GC(17) Survivor regions: 14->15(15)
[3.109s][info ][gc,heap       ] GC(17) Old regions: 342->414
[3.109s][info ][gc,heap       ] GC(17) Archive regions: 2->2
[3.109s][info ][gc,heap       ] GC(17) Humongous regions: 0->0
[3.109s][info ][gc,metaspace  ] GC(17) Metaspace: 552K(704K)->552K(704K) NonClass: 515K(576K)->515K(576K) Class: 37K(128K)->37K(128K)
[3.109s][debug][gc,heap       ] GC(17) Heap after GC invocations=18 (full 0):
[3.109s][debug][gc,heap       ] GC(17)  garbage-first heap   total 1048576K, used 439472K [0x00000000c0000000, 0x0000000100000000)
[3.109s][debug][gc,heap       ] GC(17)   region size 1024K, 15 young (15360K), 15 survivors (15360K)
[3.109s][debug][gc,heap       ] GC(17)  Metaspace       used 552K, committed 704K, reserved 1114112K
[3.109s][debug][gc,heap       ] GC(17)   class space    used 37K, committed 128K, reserved 1048576K
[3.109s][info ][gc            ] GC(17) Pause Young (Normal) (G1 Evacuation Pause) 462M->429M(1024M) 94.304ms
[3.109s][info ][gc,cpu        ] GC(17) User=0.29s Sys=0.12s Real=0.10s
[3.195s][debug][gc,heap       ] GC(18) Heap before GC invocations=18 (full 0):
[3.195s][debug][gc,heap       ] GC(18)  garbage-first heap   total 1048576K, used 567472K [0x00000000c0000000, 0x0000000100000000)
[3.196s][debug][gc,heap       ] GC(18)   region size 1024K, 141 young (144384K), 15 survivors (15360K)
[3.196s][debug][gc,heap       ] GC(18)  Metaspace       used 552K, committed 704K, reserved 1114112K
[3.196s][debug][gc,heap       ] GC(18)   class space    used 37K, committed 128K, reserved 1048576K
[3.197s][info ][gc,start      ] GC(18) Pause Young (Normal) (G1 Evacuation Pause)
[3.197s][info ][gc,task       ] GC(18) Using 10 workers of 10 for evacuation
[3.197s][trace][gc,ergo,cset  ] GC(18) Start choosing CSet. Pending cards: 243 target pause time: 200.00ms
[3.197s][trace][gc,ergo,cset  ] GC(18) Added young regions to CSet. Eden: 126 regions, Survivors: 15 regions, predicted eden time: 27.31ms, predicted base time: 24.09ms, target pause time: 200.00ms, remaining time: 148.60ms
[3.197s][debug][gc,ergo       ] GC(18) Running G1 Merge Heap Roots using 10 workers for 141 regions
[3.289s][debug][gc,ergo       ] GC(18) Running G1 Rebuild Free List Task using 10 workers for rebuilding free list of regions
[3.290s][debug][gc,ergo,heap  ] GC(18) Heap expansion: short term pause time ratio 64.13% long term pause time ratio 69.46% threshold 7.69% pause time ratio 7.69% fully expanded true resize by 0B
[3.290s][debug][gc,ergo,refine] GC(18) Concurrent refinement times: Logged Cards Scan time goal: 20.00ms Logged Cards Scan time: 0.18ms HCC time: 0.00ms
[3.290s][trace][gc,ergo,refine] GC(18) Updating Refinement Zones: logged cards scan time: 0.176ms, processed cards: 218, goal time: 19.999ms
[3.290s][debug][gc,ergo,refine] GC(18) Updated Refinement Zones: green: 2560, yellow: 7680, red: 12800
[3.290s][info ][gc,phases     ] GC(18)   Pre Evacuate Collection Set: 0.4ms
[3.290s][info ][gc,phases     ] GC(18)   Merge Heap Roots: 0.4ms
[3.290s][info ][gc,phases     ] GC(18)   Evacuate Collection Set: 63.7ms
[3.290s][info ][gc,phases     ] GC(18)   Post Evacuate Collection Set: 28.1ms
[3.290s][info ][gc,phases     ] GC(18)   Other: 2.4ms
[3.290s][info ][gc,heap       ] GC(18) Eden regions: 126->0(134)
[3.290s][info ][gc,heap       ] GC(18) Survivor regions: 15->18(18)
[3.290s][info ][gc,heap       ] GC(18) Old regions: 414->491
[3.290s][info ][gc,heap       ] GC(18) Archive regions: 2->2
[3.290s][info ][gc,heap       ] GC(18) Humongous regions: 0->0
[3.290s][info ][gc,metaspace  ] GC(18) Metaspace: 552K(704K)->552K(704K) NonClass: 515K(576K)->515K(576K) Class: 37K(128K)->37K(128K)
[3.290s][debug][gc,heap       ] GC(18) Heap after GC invocations=19 (full 0):
[3.290s][debug][gc,heap       ] GC(18)  garbage-first heap   total 1048576K, used 521904K [0x00000000c0000000, 0x0000000100000000)
[3.290s][debug][gc,heap       ] GC(18)   region size 1024K, 18 young (18432K), 18 survivors (18432K)
[3.290s][debug][gc,heap       ] GC(18)  Metaspace       used 552K, committed 704K, reserved 1114112K
[3.290s][debug][gc,heap       ] GC(18)   class space    used 37K, committed 128K, reserved 1048576K
[3.290s][info ][gc            ] GC(18) Pause Young (Normal) (G1 Evacuation Pause) 555M->509M(1024M) 93.585ms
[3.290s][info ][gc,cpu        ] GC(18) User=0.29s Sys=0.22s Real=0.10s
[3.311s][debug][gc,heap       ] GC(19) Heap before GC invocations=19 (full 0):
[3.311s][debug][gc,heap       ] GC(19)  garbage-first heap   total 1048576K, used 658096K [0x00000000c0000000, 0x0000000100000000)
[3.311s][debug][gc,heap       ] GC(19)   region size 1024K, 152 young (155648K), 18 survivors (18432K)
[3.312s][debug][gc,heap       ] GC(19)  Metaspace       used 552K, committed 704K, reserved 1114112K
[3.312s][debug][gc,heap       ] GC(19)   class space    used 37K, committed 128K, reserved 1048576K
[3.312s][info ][gc,start      ] GC(19) Pause Young (Normal) (G1 Evacuation Pause)
[3.312s][info ][gc,task       ] GC(19) Using 10 workers of 10 for evacuation
[3.312s][trace][gc,ergo,cset  ] GC(19) Start choosing CSet. Pending cards: 234 target pause time: 200.00ms
[3.312s][trace][gc,ergo,cset  ] GC(19) Added young regions to CSet. Eden: 134 regions, Survivors: 18 regions, predicted eden time: 29.56ms, predicted base time: 26.52ms, target pause time: 200.00ms, remaining time: 143.92ms
[3.313s][debug][gc,ergo       ] GC(19) Running G1 Merge Heap Roots using 10 workers for 152 regions
[3.387s][debug][gc,ergo       ] GC(19) Running G1 Rebuild Free List Task using 10 workers for rebuilding free list of regions
[3.387s][debug][gc,ergo,heap  ] GC(19) Heap expansion: short term pause time ratio 51.30% long term pause time ratio 65.70% threshold 7.69% pause time ratio 7.69% fully expanded true resize by 0B
[3.387s][debug][gc,ergo,ihop  ] GC(19) Request concurrent cycle initiation (occupancy higher than threshold) occupancy: 597688320B allocation request: 0B threshold: 536870912B (50.00) source: end of GC
[3.387s][debug][gc,ergo,refine] GC(19) Concurrent refinement times: Logged Cards Scan time goal: 20.00ms Logged Cards Scan time: 0.15ms HCC time: 0.00ms
[3.387s][trace][gc,ergo,refine] GC(19) Updating Refinement Zones: logged cards scan time: 0.146ms, processed cards: 217, goal time: 19.999ms
[3.387s][debug][gc,ergo,refine] GC(19) Updated Refinement Zones: green: 2560, yellow: 7680, red: 12800
[3.387s][info ][gc,phases     ] GC(19)   Pre Evacuate Collection Set: 0.3ms
[3.387s][info ][gc,phases     ] GC(19)   Merge Heap Roots: 0.2ms
[3.387s][info ][gc,phases     ] GC(19)   Evacuate Collection Set: 47.6ms
[3.387s][info ][gc,phases     ] GC(19)   Post Evacuate Collection Set: 26.5ms
[3.387s][info ][gc,phases     ] GC(19)   Other: 1.1ms
[3.387s][info ][gc,heap       ] GC(19) Eden regions: 134->0(130)
[3.387s][info ][gc,heap       ] GC(19) Survivor regions: 18->19(19)
[3.387s][info ][gc,heap       ] GC(19) Old regions: 491->568
[3.387s][info ][gc,heap       ] GC(19) Archive regions: 2->2
[3.387s][info ][gc,heap       ] GC(19) Humongous regions: 0->0
[3.387s][info ][gc,metaspace  ] GC(19) Metaspace: 552K(704K)->552K(704K) NonClass: 515K(576K)->515K(576K) Class: 37K(128K)->37K(128K)
[3.387s][debug][gc,heap       ] GC(19) Heap after GC invocations=20 (full 0):
[3.387s][debug][gc,heap       ] GC(19)  garbage-first heap   total 1048576K, used 601524K [0x00000000c0000000, 0x0000000100000000)
[3.387s][debug][gc,heap       ] GC(19)   region size 1024K, 19 young (19456K), 19 survivors (19456K)
[3.387s][debug][gc,heap       ] GC(19)  Metaspace       used 552K, committed 704K, reserved 1114112K
[3.387s][debug][gc,heap       ] GC(19)   class space    used 37K, committed 128K, reserved 1048576K
[3.387s][info ][gc            ] GC(19) Pause Young (Normal) (G1 Evacuation Pause) 643M->587M(1024M) 75.441ms
[3.387s][info ][gc,cpu        ] GC(19) User=0.27s Sys=0.14s Real=0.07s
[3.410s][debug][gc,heap       ] GC(20) Heap before GC invocations=20 (full 0):
[3.410s][debug][gc,heap       ] GC(20)  garbage-first heap   total 1048576K, used 733620K [0x00000000c0000000, 0x0000000100000000)
[3.410s][debug][gc,heap       ] GC(20)   region size 1024K, 149 young (152576K), 19 survivors (19456K)
[3.410s][debug][gc,heap       ] GC(20)  Metaspace       used 552K, committed 704K, reserved 1114112K
[3.410s][debug][gc,heap       ] GC(20)   class space    used 37K, committed 128K, reserved 1048576K
[3.410s][debug][gc,ergo       ] GC(20) Initiate concurrent cycle (concurrent cycle initiation requested)
[3.410s][info ][gc,start      ] GC(20) Pause Young (Concurrent Start) (G1 Evacuation Pause)
[3.410s][info ][gc,task       ] GC(20) Using 10 workers of 10 for evacuation
[3.411s][trace][gc,ergo,cset  ] GC(20) Start choosing CSet. Pending cards: 230 target pause time: 200.00ms
[3.411s][trace][gc,ergo,cset  ] GC(20) Added young regions to CSet. Eden: 130 regions, Survivors: 19 regions, predicted eden time: 133.49ms, predicted base time: 27.20ms, target pause time: 200.00ms, remaining time: 39.32ms
[3.411s][debug][gc,ergo       ] GC(20) Running G1 Merge Heap Roots using 10 workers for 149 regions
[3.510s][debug][gc,ergo       ] GC(20) Running G1 Rebuild Free List Task using 10 workers for rebuilding free list of regions
[3.510s][debug][gc,ergo,heap  ] GC(20) Heap expansion: short term pause time ratio 77.26% long term pause time ratio 65.09% threshold 7.69% pause time ratio 7.69% fully expanded true resize by 0B
[3.510s][debug][gc,ergo,refine] GC(20) Concurrent refinement times: Logged Cards Scan time goal: 20.00ms Logged Cards Scan time: 0.19ms HCC time: 0.00ms
[3.510s][trace][gc,ergo,refine] GC(20) Updating Refinement Zones: logged cards scan time: 0.190ms, processed cards: 197, goal time: 19.999ms
[3.510s][debug][gc,ergo,refine] GC(20) Updated Refinement Zones: green: 2560, yellow: 7680, red: 12800
[3.510s][info ][gc,phases     ] GC(20)   Pre Evacuate Collection Set: 0.3ms
[3.510s][info ][gc,phases     ] GC(20)   Merge Heap Roots: 0.2ms
[3.510s][info ][gc,phases     ] GC(20)   Evacuate Collection Set: 70.8ms
[3.510s][info ][gc,phases     ] GC(20)   Post Evacuate Collection Set: 27.9ms
[3.510s][info ][gc,phases     ] GC(20)   Other: 1.2ms
[3.510s][info ][gc,heap       ] GC(20) Eden regions: 130->0(96)
[3.510s][info ][gc,heap       ] GC(20) Survivor regions: 19->19(19)
[3.510s][info ][gc,heap       ] GC(20) Old regions: 568->650
[3.510s][info ][gc,heap       ] GC(20) Archive regions: 2->2
[3.510s][info ][gc,heap       ] GC(20) Humongous regions: 0->0
[3.510s][info ][gc,metaspace  ] GC(20) Metaspace: 552K(704K)->552K(704K) NonClass: 515K(576K)->515K(576K) Class: 37K(128K)->37K(128K)
[3.511s][debug][gc,heap       ] GC(20) Heap after GC invocations=21 (full 0):
[3.511s][debug][gc,heap       ] GC(20)  garbage-first heap   total 1048576K, used 685746K [0x00000000c0000000, 0x0000000100000000)
[3.511s][debug][gc,heap       ] GC(20)   region size 1024K, 19 young (19456K), 19 survivors (19456K)
[3.511s][debug][gc,heap       ] GC(20)  Metaspace       used 552K, committed 704K, reserved 1114112K
[3.511s][debug][gc,heap       ] GC(20)   class space    used 37K, committed 128K, reserved 1048576K
[3.511s][info ][gc            ] GC(20) Pause Young (Concurrent Start) (G1 Evacuation Pause) 717M->669M(1024M) 100.158ms
[3.511s][info ][gc,cpu        ] GC(20) User=0.39s Sys=0.07s Real=0.10s
[3.511s][info ][gc            ] GC(21) Concurrent Mark Cycle
[3.511s][info ][gc,marking    ] GC(21) Concurrent Clear Claimed Marks
[3.511s][info ][gc,marking    ] GC(21) Concurrent Clear Claimed Marks 0.010ms
[3.511s][info ][gc,marking    ] GC(21) Concurrent Scan Root Regions
[3.511s][debug][gc,ergo       ] GC(21) Running G1 Root Region Scan using 3 workers for 102 work units.
[3.511s][info ][gc,marking    ] GC(21) Concurrent Scan Root Regions 0.527ms
[3.511s][info ][gc,marking    ] GC(21) Concurrent Mark
[3.511s][info ][gc,marking    ] GC(21) Concurrent Mark From Roots
[3.511s][info ][gc,task       ] GC(21) Using 3 workers of 3 for marking
[3.519s][info ][gc,marking    ] GC(21) Concurrent Mark From Roots 8.055ms
[3.519s][info ][gc,marking    ] GC(21) Concurrent Preclean
[3.519s][info ][gc,marking    ] GC(21) Concurrent Preclean 0.085ms
[3.520s][info ][gc,start      ] GC(21) Pause Remark
[3.522s][debug][gc,ergo       ] GC(21) Running G1 Update RemSet Tracking Before Rebuild using 3 workers for 1024 regions in heap
[3.614s][info ][gc            ] GC(21) Pause Remark 717M->183M(1024M) 94.210ms
[3.614s][info ][gc,cpu        ] GC(21) User=0.90s Sys=0.01s Real=0.09s
[3.614s][info ][gc,marking    ] GC(21) Concurrent Mark 102.748ms
[3.614s][info ][gc,marking    ] GC(21) Concurrent Rebuild Remembered Sets
[3.617s][info ][gc,marking    ] GC(21) Concurrent Rebuild Remembered Sets 2.575ms
[3.617s][info ][gc,start      ] GC(21) Pause Cleanup
[3.618s][debug][gc,ergo,cset  ] GC(21) Pruned 29 regions out of 33, leaving 26526736 bytes waste (allowed 53687091)
[3.618s][info ][gc            ] GC(21) Pause Cleanup 205M->205M(1024M) 0.668ms
[3.618s][info ][gc,cpu        ] GC(21) User=0.00s Sys=0.00s Real=0.00s
[3.618s][info ][gc,marking    ] GC(21) Concurrent Cleanup for Next Mark
[3.618s][debug][gc,ergo       ] GC(21) Running G1 Clear Bitmap with 3 workers for 16 work units.
[3.624s][debug][gc,heap       ] GC(22) Heap before GC invocations=22 (full 0):
[3.624s][debug][gc,heap       ] GC(22)  garbage-first heap   total 1048576K, used 236210K [0x00000000c0000000, 0x0000000100000000)
[3.624s][debug][gc,heap       ] GC(22)   region size 1024K, 115 young (117760K), 19 survivors (19456K)
[3.624s][debug][gc,heap       ] GC(22)  Metaspace       used 552K, committed 704K, reserved 1114112K
[3.624s][debug][gc,heap       ] GC(22)   class space    used 37K, committed 128K, reserved 1048576K
[3.624s][info ][gc,start      ] GC(22) Pause Young (Prepare Mixed) (G1 Evacuation Pause)
[3.624s][info ][gc,task       ] GC(22) Using 10 workers of 10 for evacuation
[3.624s][trace][gc,ergo,cset  ] GC(22) Start choosing CSet. Pending cards: 251 target pause time: 200.00ms
[3.624s][trace][gc,ergo,cset  ] GC(22) Added young regions to CSet. Eden: 96 regions, Survivors: 19 regions, predicted eden time: 96.05ms, predicted base time: 28.14ms, target pause time: 200.00ms, remaining time: 75.81ms
[3.625s][debug][gc,ergo       ] GC(22) Running G1 Merge Heap Roots using 10 workers for 115 regions
[3.676s][debug][gc,ergo       ] GC(22) Running G1 Rebuild Free List Task using 10 workers for rebuilding free list of regions
[3.676s][debug][gc,ergo,heap  ] GC(22) Heap expansion: short term pause time ratio 16.27% long term pause time ratio 62.25% threshold 7.69% pause time ratio 7.69% fully expanded true resize by 0B
[3.676s][debug][gc,ergo,refine] GC(22) Concurrent refinement times: Logged Cards Scan time goal: 20.00ms Logged Cards Scan time: 0.16ms HCC time: 0.00ms
[3.676s][trace][gc,ergo,refine] GC(22) Updating Refinement Zones: logged cards scan time: 0.156ms, processed cards: 222, goal time: 19.999ms
[3.676s][debug][gc,ergo,refine] GC(22) Updated Refinement Zones: green: 2560, yellow: 7680, red: 12800
[3.676s][info ][gc,phases     ] GC(22)   Pre Evacuate Collection Set: 0.3ms
[3.676s][info ][gc,phases     ] GC(22)   Merge Heap Roots: 0.2ms
[3.676s][info ][gc,phases     ] GC(22)   Evacuate Collection Set: 30.5ms
[3.676s][info ][gc,phases     ] GC(22)   Post Evacuate Collection Set: 20.6ms
[3.676s][info ][gc,phases     ] GC(22)   Other: 0.8ms
[3.676s][info ][gc,heap       ] GC(22) Eden regions: 96->0(36)
[3.676s][info ][gc,heap       ] GC(22) Survivor regions: 19->15(15)
[3.676s][info ][gc,heap       ] GC(22) Old regions: 116->181
[3.676s][info ][gc,heap       ] GC(22) Archive regions: 2->2
[3.676s][info ][gc,heap       ] GC(22) Humongous regions: 0->0
[3.676s][info ][gc,metaspace  ] GC(22) Metaspace: 552K(704K)->552K(704K) NonClass: 515K(576K)->515K(576K) Class: 37K(128K)->37K(128K)
[3.676s][debug][gc,heap       ] GC(22) Heap after GC invocations=23 (full 0):
[3.676s][debug][gc,heap       ] GC(22)  garbage-first heap   total 1048576K, used 201396K [0x00000000c0000000, 0x0000000100000000)
[3.676s][debug][gc,heap       ] GC(22)   region size 1024K, 15 young (15360K), 15 survivors (15360K)
[3.676s][debug][gc,heap       ] GC(22)  Metaspace       used 552K, committed 704K, reserved 1114112K
[3.676s][debug][gc,heap       ] GC(22)   class space    used 37K, committed 128K, reserved 1048576K
[3.676s][info ][gc            ] GC(22) Pause Young (Prepare Mixed) (G1 Evacuation Pause) 231M->196M(1024M) 52.159ms
[3.676s][info ][gc,cpu        ] GC(22) User=0.24s Sys=0.02s Real=0.05s
[3.683s][debug][gc,heap       ] GC(23) Heap before GC invocations=23 (full 0):
[3.683s][debug][gc,heap       ] GC(23)  garbage-first heap   total 1048576K, used 237236K [0x00000000c0000000, 0x0000000100000000)
[3.683s][debug][gc,heap       ] GC(23)   region size 1024K, 51 young (52224K), 15 survivors (15360K)
[3.683s][debug][gc,heap       ] GC(23)  Metaspace       used 552K, committed 704K, reserved 1114112K
[3.683s][debug][gc,heap       ] GC(23)   class space    used 37K, committed 128K, reserved 1048576K
[3.683s][info ][gc,start      ] GC(23) Pause Young (Mixed) (G1 Evacuation Pause)
[3.683s][info ][gc,task       ] GC(23) Using 10 workers of 10 for evacuation
[3.684s][trace][gc,ergo,cset  ] GC(23) Start choosing CSet. Pending cards: 238 target pause time: 200.00ms
[3.684s][trace][gc,ergo,cset  ] GC(23) Added young regions to CSet. Eden: 36 regions, Survivors: 15 regions, predicted eden time: 39.51ms, predicted base time: 26.63ms, target pause time: 200.00ms, remaining time: 133.86ms
[3.684s][debug][gc,ergo,cset  ] GC(23) Start adding old regions to collection set. Min 1 regions, max 103 regions, time remaining 133.86ms, optional threshold 26.77ms
[3.684s][debug][gc,ergo,cset  ] GC(23) Old candidate collection set empty.
[3.684s][debug][gc,ergo,cset  ] GC(23) Finish choosing collection set old regions. Initial: 4, optional: 0, predicted old time: 0.00ms, predicted optional time: 0.00ms, time remaining: 130.81
[3.684s][debug][gc,ergo       ] GC(23) Running G1 Merge Heap Roots using 10 workers for 55 regions
[3.712s][debug][gc,ergo       ] GC(23) Running G1 Rebuild Free List Task using 10 workers for rebuilding free list of regions
[3.713s][debug][gc,ergo,heap  ] GC(23) Heap expansion: short term pause time ratio 88.53% long term pause time ratio 64.00% threshold 7.69% pause time ratio 7.69% fully expanded true resize by 0B
[3.713s][debug][gc,ergo       ] GC(23) do not continue mixed GCs (candidate old regions not available)
[3.713s][debug][gc,ergo,refine] GC(23) Concurrent refinement times: Logged Cards Scan time goal: 20.00ms Logged Cards Scan time: 0.16ms HCC time: 0.00ms
[3.713s][trace][gc,ergo,refine] GC(23) Updating Refinement Zones: logged cards scan time: 0.156ms, processed cards: 221, goal time: 20.000ms
[3.713s][debug][gc,ergo,refine] GC(23) Updated Refinement Zones: green: 2560, yellow: 7680, red: 12800
[3.713s][info ][gc,phases     ] GC(23)   Pre Evacuate Collection Set: 0.3ms
[3.713s][info ][gc,phases     ] GC(23)   Merge Heap Roots: 0.2ms
[3.713s][info ][gc,phases     ] GC(23)   Evacuate Collection Set: 18.3ms
[3.713s][info ][gc,phases     ] GC(23)   Post Evacuate Collection Set: 10.1ms
[3.713s][info ][gc,phases     ] GC(23)   Other: 0.7ms
[3.713s][info ][gc,heap       ] GC(23) Eden regions: 36->0(236)
[3.713s][info ][gc,heap       ] GC(23) Survivor regions: 15->7(7)
[3.713s][info ][gc,heap       ] GC(23) Old regions: 181->219
[3.713s][info ][gc,heap       ] GC(23) Archive regions: 2->2
[3.713s][info ][gc,heap       ] GC(23) Humongous regions: 0->0
[3.713s][info ][gc,metaspace  ] GC(23) Metaspace: 552K(704K)->552K(704K) NonClass: 515K(576K)->515K(576K) Class: 37K(128K)->37K(128K)
[3.713s][debug][gc,heap       ] GC(23) Heap after GC invocations=24 (full 0):
[3.713s][debug][gc,heap       ] GC(23)  garbage-first heap   total 1048576K, used 231472K [0x00000000c0000000, 0x0000000100000000)
[3.713s][debug][gc,heap       ] GC(23)   region size 1024K, 7 young (7168K), 7 survivors (7168K)
[3.713s][debug][gc,heap       ] GC(23)  Metaspace       used 552K, committed 704K, reserved 1114112K
[3.713s][debug][gc,heap       ] GC(23)   class space    used 37K, committed 128K, reserved 1048576K
[3.713s][info ][gc            ] GC(23) Pause Young (Mixed) (G1 Evacuation Pause) 232M->226M(1024M) 29.629ms
[3.713s][info ][gc,cpu        ] GC(23) User=0.13s Sys=0.01s Real=0.03s
[3.778s][info ][gc,marking    ] GC(21) Concurrent Cleanup for Next Mark 160.526ms
[3.778s][info ][gc            ] GC(21) Concurrent Mark Cycle 267.666ms
[5.651s][debug][gc,heap       ] GC(24) Heap before GC invocations=24 (full 0):
[5.651s][debug][gc,heap       ] GC(24)  garbage-first heap   total 1048576K, used 472112K [0x00000000c0000000, 0x0000000100000000)
[5.651s][debug][gc,heap       ] GC(24)   region size 1024K, 243 young (248832K), 7 survivors (7168K)
[5.651s][debug][gc,heap       ] GC(24)  Metaspace       used 552K, committed 704K, reserved 1114112K
[5.652s][debug][gc,heap       ] GC(24)   class space    used 37K, committed 128K, reserved 1048576K
[5.653s][info ][gc,start      ] GC(24) Pause Young (Normal) (G1 Evacuation Pause)
[5.653s][info ][gc,task       ] GC(24) Using 10 workers of 10 for evacuation
[5.653s][trace][gc,ergo,cset  ] GC(24) Start choosing CSet. Pending cards: 264 target pause time: 200.00ms
[5.654s][trace][gc,ergo,cset  ] GC(24) Added young regions to CSet. Eden: 236 regions, Survivors: 7 regions, predicted eden time: 44.00ms, predicted base time: 23.95ms, target pause time: 200.00ms, remaining time: 132.05ms
[5.654s][debug][gc,ergo       ] GC(24) Running G1 Merge Heap Roots using 10 workers for 243 regions
[6.098s][debug][gc,ergo       ] GC(24) Running G1 Rebuild Free List Task using 10 workers for rebuilding free list of regions
[6.099s][debug][gc,ergo,heap  ] GC(24) Heap expansion: short term pause time ratio 79.98% long term pause time ratio 64.06% threshold 7.69% pause time ratio 7.69% fully expanded true resize by 0B
[6.099s][info ][gc,mmu        ] GC(24) MMU target violated: 201.0ms (200.0ms/201.0ms)
[6.099s][debug][gc,ergo,refine] GC(24) Concurrent refinement times: Logged Cards Scan time goal: 20.00ms Logged Cards Scan time: 0.20ms HCC time: 0.00ms
[6.099s][trace][gc,ergo,refine] GC(24) Updating Refinement Zones: logged cards scan time: 0.197ms, processed cards: 231, goal time: 19.998ms
[6.099s][debug][gc,ergo,refine] GC(24) Updated Refinement Zones: green: 2560, yellow: 7680, red: 12800
[6.099s][info ][gc,phases     ] GC(24)   Pre Evacuate Collection Set: 0.6ms
[6.099s][info ][gc,phases     ] GC(24)   Merge Heap Roots: 0.3ms
[6.099s][info ][gc,phases     ] GC(24)   Evacuate Collection Set: 390.7ms
[6.099s][info ][gc,phases     ] GC(24)   Post Evacuate Collection Set: 53.6ms
[6.099s][info ][gc,phases     ] GC(24)   Other: 2.7ms
[6.099s][info ][gc,heap       ] GC(24) Eden regions: 236->0(58)
[6.099s][info ][gc,heap       ] GC(24) Survivor regions: 7->31(31)
[6.099s][info ][gc,heap       ] GC(24) Old regions: 219->309
[6.099s][info ][gc,heap       ] GC(24) Archive regions: 2->2
[6.099s][info ][gc,heap       ] GC(24) Humongous regions: 0->0
[6.099s][info ][gc,metaspace  ] GC(24) Metaspace: 552K(704K)->552K(704K) NonClass: 515K(576K)->515K(576K) Class: 37K(128K)->37K(128K)
[6.099s][debug][gc,heap       ] GC(24) Heap after GC invocations=25 (full 0):
[6.099s][debug][gc,heap       ] GC(24)  garbage-first heap   total 1048576K, used 348470K [0x00000000c0000000, 0x0000000100000000)
[6.099s][debug][gc,heap       ] GC(24)   region size 1024K, 31 young (31744K), 31 survivors (31744K)
[6.099s][debug][gc,heap       ] GC(24)  Metaspace       used 552K, committed 704K, reserved 1114112K
[6.099s][debug][gc,heap       ] GC(24)   class space    used 37K, committed 128K, reserved 1048576K
[6.100s][info ][gc            ] GC(24) Pause Young (Normal) (G1 Evacuation Pause) 461M->340M(1024M) 446.571ms
[6.100s][info ][gc,cpu        ] GC(24) User=0.74s Sys=2.37s Real=0.45s
[6.118s][debug][gc,heap       ] GC(25) Heap before GC invocations=25 (full 0):
[6.120s][debug][gc,heap       ] GC(25)  garbage-first heap   total 1048576K, used 406838K [0x00000000c0000000, 0x0000000100000000)
[6.120s][debug][gc,heap       ] GC(25)   region size 1024K, 89 young (91136K), 31 survivors (31744K)
[6.120s][debug][gc,heap       ] GC(25)  Metaspace       used 552K, committed 704K, reserved 1114112K
[6.120s][debug][gc,heap       ] GC(25)   class space    used 37K, committed 128K, reserved 1048576K
[6.123s][info ][gc,start      ] GC(25) Pause Young (Normal) (G1 Evacuation Pause)
[6.124s][info ][gc,task       ] GC(25) Using 10 workers of 10 for evacuation
[6.124s][trace][gc,ergo,cset  ] GC(25) Start choosing CSet. Pending cards: 238 target pause time: 200.00ms
[6.124s][trace][gc,ergo,cset  ] GC(25) Added young regions to CSet. Eden: 58 regions, Survivors: 31 regions, predicted eden time: 132.93ms, predicted base time: 39.04ms, target pause time: 200.00ms, remaining time: 28.02ms
[6.126s][debug][gc,ergo       ] GC(25) Running G1 Merge Heap Roots using 10 workers for 89 regions
[6.202s][debug][gc,ergo       ] GC(25) Running G1 Rebuild Free List Task using 10 workers for rebuilding free list of regions
[6.203s][debug][gc,ergo,heap  ] GC(25) Heap expansion: short term pause time ratio 18.69% long term pause time ratio 32.35% threshold 7.69% pause time ratio 7.69% fully expanded true resize by 0B
[6.203s][debug][gc,ergo,refine] GC(25) Concurrent refinement times: Logged Cards Scan time goal: 20.00ms Logged Cards Scan time: 0.17ms HCC time: 0.00ms
[6.203s][trace][gc,ergo,refine] GC(25) Updating Refinement Zones: logged cards scan time: 0.175ms, processed cards: 221, goal time: 19.999ms
[6.203s][debug][gc,ergo,refine] GC(25) Updated Refinement Zones: green: 2560, yellow: 7680, red: 12800
[6.203s][info ][gc,phases     ] GC(25)   Pre Evacuate Collection Set: 1.7ms
[6.203s][info ][gc,phases     ] GC(25)   Merge Heap Roots: 0.6ms
[6.203s][info ][gc,phases     ] GC(25)   Evacuate Collection Set: 55.7ms
[6.203s][info ][gc,phases     ] GC(25)   Post Evacuate Collection Set: 20.1ms
[6.203s][info ][gc,phases     ] GC(25)   Other: 6.9ms
[6.203s][info ][gc,heap       ] GC(25) Eden regions: 58->0(84)
[6.203s][info ][gc,heap       ] GC(25) Survivor regions: 31->12(12)
[6.203s][info ][gc,heap       ] GC(25) Old regions: 309->373
[6.203s][info ][gc,heap       ] GC(25) Archive regions: 2->2
[6.203s][info ][gc,heap       ] GC(25) Humongous regions: 0->0
[6.203s][info ][gc,metaspace  ] GC(25) Metaspace: 552K(704K)->552K(704K) NonClass: 515K(576K)->515K(576K) Class: 37K(128K)->37K(128K)
[6.203s][debug][gc,heap       ] GC(25) Heap after GC invocations=26 (full 0):
[6.203s][debug][gc,heap       ] GC(25)  garbage-first heap   total 1048576K, used 395060K [0x00000000c0000000, 0x0000000100000000)
[6.203s][debug][gc,heap       ] GC(25)   region size 1024K, 12 young (12288K), 12 survivors (12288K)
[6.203s][debug][gc,heap       ] GC(25)  Metaspace       used 552K, committed 704K, reserved 1114112K
[6.203s][debug][gc,heap       ] GC(25)   class space    used 37K, committed 128K, reserved 1048576K
[6.203s][info ][gc            ] GC(25) Pause Young (Normal) (G1 Evacuation Pause) 398M->385M(1024M) 80.718ms
[6.203s][info ][gc,cpu        ] GC(25) User=0.23s Sys=0.05s Real=0.08s
[6.232s][debug][gc,heap       ] GC(26) Heap before GC invocations=26 (full 0):
[6.232s][debug][gc,heap       ] GC(26)  garbage-first heap   total 1048576K, used 480052K [0x00000000c0000000, 0x0000000100000000)
[6.232s][debug][gc,heap       ] GC(26)   region size 1024K, 96 young (98304K), 12 survivors (12288K)
[6.232s][debug][gc,heap       ] GC(26)  Metaspace       used 552K, committed 704K, reserved 1114112K
[6.232s][debug][gc,heap       ] GC(26)   class space    used 37K, committed 128K, reserved 1048576K
[6.233s][info ][gc,start      ] GC(26) Pause Young (Normal) (G1 Evacuation Pause)
[6.233s][info ][gc,task       ] GC(26) Using 10 workers of 10 for evacuation
[6.233s][trace][gc,ergo,cset  ] GC(26) Start choosing CSet. Pending cards: 256 target pause time: 200.00ms
[6.233s][trace][gc,ergo,cset  ] GC(26) Added young regions to CSet. Eden: 84 regions, Survivors: 12 regions, predicted eden time: 150.81ms, predicted base time: 35.41ms, target pause time: 200.00ms, remaining time: 13.77ms
[6.234s][debug][gc,ergo       ] GC(26) Running G1 Merge Heap Roots using 10 workers for 96 regions
[6.310s][debug][gc,ergo       ] GC(26) Running G1 Rebuild Free List Task using 10 workers for rebuilding free list of regions
[6.310s][debug][gc,ergo,heap  ] GC(26) Heap expansion: short term pause time ratio 75.87% long term pause time ratio 32.77% threshold 7.69% pause time ratio 7.69% fully expanded true resize by 0B
[6.311s][debug][gc,ergo,refine] GC(26) Concurrent refinement times: Logged Cards Scan time goal: 20.00ms Logged Cards Scan time: 0.16ms HCC time: 0.00ms
[6.311s][trace][gc,ergo,refine] GC(26) Updating Refinement Zones: logged cards scan time: 0.159ms, processed cards: 239, goal time: 19.999ms
[6.311s][debug][gc,ergo,refine] GC(26) Updated Refinement Zones: green: 2560, yellow: 7680, red: 12800
[6.311s][info ][gc,phases     ] GC(26)   Pre Evacuate Collection Set: 0.4ms
[6.311s][info ][gc,phases     ] GC(26)   Merge Heap Roots: 0.3ms
[6.311s][info ][gc,phases     ] GC(26)   Evacuate Collection Set: 54.3ms
[6.311s][info ][gc,phases     ] GC(26)   Post Evacuate Collection Set: 21.6ms
[6.311s][info ][gc,phases     ] GC(26)   Other: 1.7ms
[6.311s][info ][gc,heap       ] GC(26) Eden regions: 84->0(103)
[6.311s][info ][gc,heap       ] GC(26) Survivor regions: 12->12(12)
[6.311s][info ][gc,heap       ] GC(26) Old regions: 373->439
[6.311s][info ][gc,heap       ] GC(26) Archive regions: 2->2
[6.311s][info ][gc,heap       ] GC(26) Humongous regions: 0->0
[6.311s][info ][gc,metaspace  ] GC(26) Metaspace: 552K(704K)->552K(704K) NonClass: 515K(576K)->515K(576K) Class: 37K(128K)->37K(128K)
[6.311s][debug][gc,heap       ] GC(26) Heap after GC invocations=27 (full 0):
[6.311s][debug][gc,heap       ] GC(26)  garbage-first heap   total 1048576K, used 462256K [0x00000000c0000000, 0x0000000100000000)
[6.311s][debug][gc,heap       ] GC(26)   region size 1024K, 12 young (12288K), 12 survivors (12288K)
[6.311s][debug][gc,heap       ] GC(26)  Metaspace       used 552K, committed 704K, reserved 1114112K
[6.311s][debug][gc,heap       ] GC(26)   class space    used 37K, committed 128K, reserved 1048576K
[6.311s][info ][gc            ] GC(26) Pause Young (Normal) (G1 Evacuation Pause) 469M->451M(1024M) 77.838ms
[6.311s][info ][gc,cpu        ] GC(26) User=0.14s Sys=0.14s Real=0.08s
[6.357s][debug][gc,heap       ] GC(27) Heap before GC invocations=27 (full 0):
[6.357s][debug][gc,heap       ] GC(27)  garbage-first heap   total 1048576K, used 566704K [0x00000000c0000000, 0x0000000100000000)
[6.357s][debug][gc,heap       ] GC(27)   region size 1024K, 115 young (117760K), 12 survivors (12288K)
[6.357s][debug][gc,heap       ] GC(27)  Metaspace       used 552K, committed 704K, reserved 1114112K
[6.357s][debug][gc,heap       ] GC(27)   class space    used 37K, committed 128K, reserved 1048576K
[6.357s][info ][gc,start      ] GC(27) Pause Young (Normal) (G1 Evacuation Pause)
[6.357s][info ][gc,task       ] GC(27) Using 10 workers of 10 for evacuation
[6.358s][trace][gc,ergo,cset  ] GC(27) Start choosing CSet. Pending cards: 274 target pause time: 200.00ms
[6.358s][trace][gc,ergo,cset  ] GC(27) Added young regions to CSet. Eden: 103 regions, Survivors: 12 regions, predicted eden time: 155.76ms, predicted base time: 32.63ms, target pause time: 200.00ms, remaining time: 11.61ms
[6.358s][debug][gc,ergo       ] GC(27) Running G1 Merge Heap Roots using 10 workers for 115 regions
[6.441s][debug][gc,ergo       ] GC(27) Running G1 Rebuild Free List Task using 10 workers for rebuilding free list of regions
[6.442s][debug][gc,ergo,heap  ] GC(27) Heap expansion: short term pause time ratio 71.66% long term pause time ratio 32.65% threshold 7.69% pause time ratio 7.69% fully expanded true resize by 0B
[6.442s][debug][gc,ergo,refine] GC(27) Concurrent refinement times: Logged Cards Scan time goal: 20.00ms Logged Cards Scan time: 0.18ms HCC time: 0.00ms
[6.442s][trace][gc,ergo,refine] GC(27) Updating Refinement Zones: logged cards scan time: 0.176ms, processed cards: 249, goal time: 19.999ms
[6.442s][debug][gc,ergo,refine] GC(27) Updated Refinement Zones: green: 2560, yellow: 7680, red: 12800
[6.442s][info ][gc,phases     ] GC(27)   Pre Evacuate Collection Set: 0.4ms
[6.442s][info ][gc,phases     ] GC(27)   Merge Heap Roots: 0.3ms
[6.442s][info ][gc,phases     ] GC(27)   Evacuate Collection Set: 57.3ms
[6.442s][info ][gc,phases     ] GC(27)   Post Evacuate Collection Set: 26.0ms
[6.442s][info ][gc,phases     ] GC(27)   Other: 1.5ms
[6.442s][info ][gc,heap       ] GC(27) Eden regions: 103->0(120)
[6.442s][info ][gc,heap       ] GC(27) Survivor regions: 12->15(15)
[6.442s][info ][gc,heap       ] GC(27) Old regions: 439->508
[6.442s][info ][gc,heap       ] GC(27) Archive regions: 2->2
[6.442s][info ][gc,heap       ] GC(27) Humongous regions: 0->0
[6.442s][info ][gc,metaspace  ] GC(27) Metaspace: 552K(704K)->552K(704K) NonClass: 515K(576K)->515K(576K) Class: 37K(128K)->37K(128K)
[6.443s][debug][gc,heap       ] GC(27) Heap after GC invocations=28 (full 0):
[6.443s][debug][gc,heap       ] GC(27)  garbage-first heap   total 1048576K, used 535856K [0x00000000c0000000, 0x0000000100000000)
[6.443s][debug][gc,heap       ] GC(27)   region size 1024K, 15 young (15360K), 15 survivors (15360K)
[6.443s][debug][gc,heap       ] GC(27)  Metaspace       used 552K, committed 704K, reserved 1114112K
[6.443s][debug][gc,heap       ] GC(27)   class space    used 37K, committed 128K, reserved 1048576K
[6.443s][info ][gc            ] GC(27) Pause Young (Normal) (G1 Evacuation Pause) 554M->523M(1024M) 85.310ms
[6.443s][info ][gc,cpu        ] GC(27) User=0.34s Sys=0.01s Real=0.09s
[6.494s][debug][gc,heap       ] GC(28) Heap before GC invocations=28 (full 0):
[6.495s][debug][gc,heap       ] GC(28)  garbage-first heap   total 1048576K, used 657712K [0x00000000c0000000, 0x0000000100000000)
[6.495s][debug][gc,heap       ] GC(28)   region size 1024K, 135 young (138240K), 15 survivors (15360K)
[6.495s][debug][gc,heap       ] GC(28)  Metaspace       used 552K, committed 704K, reserved 1114112K
[6.495s][debug][gc,heap       ] GC(28)   class space    used 37K, committed 128K, reserved 1048576K
[6.496s][info ][gc,start      ] GC(28) Pause Young (Normal) (G1 Evacuation Pause)
[6.496s][info ][gc,task       ] GC(28) Using 10 workers of 10 for evacuation
[6.498s][trace][gc,ergo,cset  ] GC(28) Start choosing CSet. Pending cards: 240 target pause time: 200.00ms
[6.498s][trace][gc,ergo,cset  ] GC(28) Added young regions to CSet. Eden: 120 regions, Survivors: 15 regions, predicted eden time: 156.14ms, predicted base time: 31.64ms, target pause time: 200.00ms, remaining time: 12.21ms
[6.502s][debug][gc,ergo       ] GC(28) Running G1 Merge Heap Roots using 10 workers for 135 regions
[6.591s][debug][gc,ergo       ] GC(28) Running G1 Rebuild Free List Task using 10 workers for rebuilding free list of regions
[6.592s][debug][gc,ergo,heap  ] GC(28) Heap expansion: short term pause time ratio 64.27% long term pause time ratio 32.90% threshold 7.69% pause time ratio 7.69% fully expanded true resize by 0B
[6.592s][debug][gc,ergo,ihop  ] GC(28) Request concurrent cycle initiation (occupancy higher than threshold) occupancy: 608174080B allocation request: 0B threshold: 536870912B (50.00) source: end of GC
[6.592s][debug][gc,ergo,refine] GC(28) Concurrent refinement times: Logged Cards Scan time goal: 20.00ms Logged Cards Scan time: 0.18ms HCC time: 0.00ms
[6.592s][trace][gc,ergo,refine] GC(28) Updating Refinement Zones: logged cards scan time: 0.178ms, processed cards: 223, goal time: 19.998ms
[6.592s][debug][gc,ergo,refine] GC(28) Updated Refinement Zones: green: 2560, yellow: 7680, red: 12800
[6.592s][info ][gc,phases     ] GC(28)   Pre Evacuate Collection Set: 3.8ms
[6.592s][info ][gc,phases     ] GC(28)   Merge Heap Roots: 0.8ms
[6.592s][info ][gc,phases     ] GC(28)   Evacuate Collection Set: 62.5ms
[6.592s][info ][gc,phases     ] GC(28)   Post Evacuate Collection Set: 26.6ms
[6.592s][info ][gc,phases     ] GC(28)   Other: 3.9ms
[6.592s][info ][gc,heap       ] GC(28) Eden regions: 120->0(128)
[6.592s][info ][gc,heap       ] GC(28) Survivor regions: 15->17(17)
[6.592s][info ][gc,heap       ] GC(28) Old regions: 508->578
[6.592s][info ][gc,heap       ] GC(28) Archive regions: 2->2
[6.592s][info ][gc,heap       ] GC(28) Humongous regions: 0->0
[6.592s][info ][gc,metaspace  ] GC(28) Metaspace: 552K(704K)->552K(704K) NonClass: 515K(576K)->515K(576K) Class: 37K(128K)->37K(128K)
[6.592s][debug][gc,heap       ] GC(28) Heap after GC invocations=29 (full 0):
[6.592s][debug][gc,heap       ] GC(28)  garbage-first heap   total 1048576K, used 609842K [0x00000000c0000000, 0x0000000100000000)
[6.592s][debug][gc,heap       ] GC(28)   region size 1024K, 17 young (17408K), 17 survivors (17408K)
[6.592s][debug][gc,heap       ] GC(28)  Metaspace       used 552K, committed 704K, reserved 1114112K
[6.592s][debug][gc,heap       ] GC(28)   class space    used 37K, committed 128K, reserved 1048576K
[6.592s][info ][gc            ] GC(28) Pause Young (Normal) (G1 Evacuation Pause) 643M->595M(1024M) 96.699ms
[6.593s][info ][gc,cpu        ] GC(28) User=0.35s Sys=0.02s Real=0.10s
[6.644s][debug][gc,heap       ] GC(29) Heap before GC invocations=29 (full 0):
[6.644s][debug][gc,heap       ] GC(29)  garbage-first heap   total 1048576K, used 739890K [0x00000000c0000000, 0x0000000100000000)
[6.644s][debug][gc,heap       ] GC(29)   region size 1024K, 145 young (148480K), 17 survivors (17408K)
[6.644s][debug][gc,heap       ] GC(29)  Metaspace       used 552K, committed 704K, reserved 1114112K
[6.644s][debug][gc,heap       ] GC(29)   class space    used 37K, committed 128K, reserved 1048576K
[6.647s][debug][gc,ergo       ] GC(29) Initiate concurrent cycle (concurrent cycle initiation requested)
[6.648s][info ][gc,start      ] GC(29) Pause Young (Concurrent Start) (G1 Evacuation Pause)
[6.648s][info ][gc,task       ] GC(29) Using 10 workers of 10 for evacuation
[6.649s][trace][gc,ergo,cset  ] GC(29) Start choosing CSet. Pending cards: 223 target pause time: 200.00ms
[6.650s][trace][gc,ergo,cset  ] GC(29) Added young regions to CSet. Eden: 128 regions, Survivors: 17 regions, predicted eden time: 146.11ms, predicted base time: 32.96ms, target pause time: 200.00ms, remaining time: 20.93ms
[6.653s][debug][gc,ergo       ] GC(29) Running G1 Merge Heap Roots using 10 workers for 145 regions
[6.845s][debug][gc,ergo       ] GC(29) Running G1 Rebuild Free List Task using 10 workers for rebuilding free list of regions
[6.846s][debug][gc,ergo,heap  ] GC(29) Heap expansion: short term pause time ratio 64.07% long term pause time ratio 33.01% threshold 7.69% pause time ratio 7.69% fully expanded true resize by 0B
[6.846s][debug][gc,ergo,refine] GC(29) Concurrent refinement times: Logged Cards Scan time goal: 20.00ms Logged Cards Scan time: 0.21ms HCC time: 0.00ms
[6.847s][trace][gc,ergo,refine] GC(29) Updating Refinement Zones: logged cards scan time: 0.205ms, processed cards: 198, goal time: 19.999ms
[6.847s][debug][gc,ergo,refine] GC(29) Updated Refinement Zones: green: 2560, yellow: 7680, red: 12800
[6.847s][info ][gc,phases     ] GC(29)   Pre Evacuate Collection Set: 3.5ms
[6.847s][info ][gc,phases     ] GC(29)   Merge Heap Roots: 0.4ms
[6.847s][info ][gc,phases     ] GC(29)   Evacuate Collection Set: 165.0ms
[6.847s][info ][gc,phases     ] GC(29)   Post Evacuate Collection Set: 27.5ms
[6.847s][info ][gc,phases     ] GC(29)   Other: 6.6ms
[6.847s][info ][gc,heap       ] GC(29) Eden regions: 128->0(93)
[6.847s][info ][gc,heap       ] GC(29) Survivor regions: 17->19(19)
[6.847s][info ][gc,heap       ] GC(29) Old regions: 578->653
[6.847s][info ][gc,heap       ] GC(29) Archive regions: 2->2
[6.847s][info ][gc,heap       ] GC(29) Humongous regions: 0->0
[6.847s][info ][gc,metaspace  ] GC(29) Metaspace: 552K(704K)->552K(704K) NonClass: 515K(576K)->515K(576K) Class: 37K(128K)->37K(128K)
[6.847s][debug][gc,heap       ] GC(29) Heap after GC invocations=30 (full 0):
[6.847s][debug][gc,heap       ] GC(29)  garbage-first heap   total 1048576K, used 688688K [0x00000000c0000000, 0x0000000100000000)
[6.847s][debug][gc,heap       ] GC(29)   region size 1024K, 19 young (19456K), 19 survivors (19456K)
[6.847s][debug][gc,heap       ] GC(29)  Metaspace       used 552K, committed 704K, reserved 1114112K
[6.847s][debug][gc,heap       ] GC(29)   class space    used 37K, committed 128K, reserved 1048576K
[6.847s][info ][gc            ] GC(29) Pause Young (Concurrent Start) (G1 Evacuation Pause) 723M->672M(1024M) 199.752ms
[6.847s][info ][gc,cpu        ] GC(29) User=0.37s Sys=0.62s Real=0.20s
[6.847s][info ][gc            ] GC(30) Concurrent Mark Cycle
[6.848s][info ][gc,marking    ] GC(30) Concurrent Clear Claimed Marks
[6.848s][info ][gc,marking    ] GC(30) Concurrent Clear Claimed Marks 0.019ms
[6.848s][info ][gc,marking    ] GC(30) Concurrent Scan Root Regions
[6.848s][debug][gc,ergo       ] GC(30) Running G1 Root Region Scan using 3 workers for 95 work units.
[6.849s][info ][gc,marking    ] GC(30) Concurrent Scan Root Regions 1.448ms
[6.849s][info ][gc,marking    ] GC(30) Concurrent Mark
[6.849s][info ][gc,marking    ] GC(30) Concurrent Mark From Roots
[6.849s][info ][gc,task       ] GC(30) Using 3 workers of 3 for marking
[6.874s][info ][gc,marking    ] GC(30) Concurrent Mark From Roots 25.259ms
[6.875s][info ][gc,marking    ] GC(30) Concurrent Preclean
[6.875s][info ][gc,marking    ] GC(30) Concurrent Preclean 0.160ms
[6.875s][info ][gc,start      ] GC(30) Pause Remark
[6.878s][debug][gc,ergo       ] GC(30) Running G1 Update RemSet Tracking Before Rebuild using 3 workers for 1024 regions in heap
[6.984s][info ][gc            ] GC(30) Pause Remark 735M->183M(1024M) 108.362ms
[6.984s][info ][gc,cpu        ] GC(30) User=0.89s Sys=0.05s Real=0.11s
[6.984s][info ][gc,marking    ] GC(30) Concurrent Mark 134.810ms
[6.984s][info ][gc,marking    ] GC(30) Concurrent Rebuild Remembered Sets
[6.989s][info ][gc,marking    ] GC(30) Concurrent Rebuild Remembered Sets 5.436ms
[6.990s][info ][gc,start      ] GC(30) Pause Cleanup
[6.991s][debug][gc,ergo,cset  ] GC(30) Pruned 22 regions out of 25, leaving 19316232 bytes waste (allowed 53687091)
[6.991s][info ][gc            ] GC(30) Pause Cleanup 196M->196M(1024M) 0.951ms
[6.991s][info ][gc,cpu        ] GC(30) User=0.00s Sys=0.00s Real=0.00s
[6.991s][info ][gc,marking    ] GC(30) Concurrent Cleanup for Next Mark
[6.991s][debug][gc,ergo       ] GC(30) Running G1 Clear Bitmap with 3 workers for 16 work units.
[6.996s][info ][gc,marking    ] GC(30) Concurrent Cleanup for Next Mark 5.305ms
[6.997s][info ][gc            ] GC(30) Concurrent Mark Cycle 149.219ms
[7.005s][debug][gc,heap       ] GC(31) Heap before GC invocations=31 (full 0):
[7.005s][debug][gc,heap       ] GC(31)  garbage-first heap   total 1048576K, used 217648K [0x00000000c0000000, 0x0000000100000000)
[7.005s][debug][gc,heap       ] GC(31)   region size 1024K, 112 young (114688K), 19 survivors (19456K)
[7.005s][debug][gc,heap       ] GC(31)  Metaspace       used 552K, committed 704K, reserved 1114112K
[7.005s][debug][gc,heap       ] GC(31)   class space    used 37K, committed 128K, reserved 1048576K
[7.006s][info ][gc,start      ] GC(31) Pause Young (Prepare Mixed) (G1 Evacuation Pause)
[7.006s][info ][gc,task       ] GC(31) Using 10 workers of 10 for evacuation
[7.006s][trace][gc,ergo,cset  ] GC(31) Start choosing CSet. Pending cards: 257 target pause time: 200.00ms
[7.006s][trace][gc,ergo,cset  ] GC(31) Added young regions to CSet. Eden: 93 regions, Survivors: 19 regions, predicted eden time: 123.91ms, predicted base time: 33.40ms, target pause time: 200.00ms, remaining time: 42.68ms
[7.008s][debug][gc,ergo       ] GC(31) Running G1 Merge Heap Roots using 10 workers for 112 regions
[7.106s][debug][gc,ergo       ] GC(31) Running G1 Rebuild Free List Task using 10 workers for rebuilding free list of regions
[7.107s][debug][gc,ergo,heap  ] GC(31) Heap expansion: short term pause time ratio 12.07% long term pause time ratio 34.69% threshold 7.69% pause time ratio 7.69% fully expanded true resize by 0B
[7.107s][debug][gc,ergo,refine] GC(31) Concurrent refinement times: Logged Cards Scan time goal: 20.00ms Logged Cards Scan time: 0.22ms HCC time: 0.00ms
[7.107s][trace][gc,ergo,refine] GC(31) Updating Refinement Zones: logged cards scan time: 0.219ms, processed cards: 233, goal time: 19.999ms
[7.107s][debug][gc,ergo,refine] GC(31) Updated Refinement Zones: green: 2560, yellow: 7680, red: 12800
[7.107s][info ][gc,phases     ] GC(31)   Pre Evacuate Collection Set: 1.2ms
[7.107s][info ][gc,phases     ] GC(31)   Merge Heap Roots: 0.6ms
[7.107s][info ][gc,phases     ] GC(31)   Evacuate Collection Set: 75.6ms
[7.107s][info ][gc,phases     ] GC(31)   Post Evacuate Collection Set: 22.6ms
[7.107s][info ][gc,phases     ] GC(31)   Other: 2.2ms
[7.107s][info ][gc,heap       ] GC(31) Eden regions: 93->0(37)
[7.107s][info ][gc,heap       ] GC(31) Survivor regions: 19->14(14)
[7.107s][info ][gc,heap       ] GC(31) Old regions: 101->169
[7.107s][info ][gc,heap       ] GC(31) Archive regions: 2->2
[7.107s][info ][gc,heap       ] GC(31) Humongous regions: 0->0
[7.107s][info ][gc,metaspace  ] GC(31) Metaspace: 552K(704K)->552K(704K) NonClass: 515K(576K)->515K(576K) Class: 37K(128K)->37K(128K)
[7.108s][debug][gc,heap       ] GC(31) Heap after GC invocations=32 (full 0):
[7.108s][debug][gc,heap       ] GC(31)  garbage-first heap   total 1048576K, used 188080K [0x00000000c0000000, 0x0000000100000000)
[7.108s][debug][gc,heap       ] GC(31)   region size 1024K, 14 young (14336K), 14 survivors (14336K)
[7.108s][debug][gc,heap       ] GC(31)  Metaspace       used 552K, committed 704K, reserved 1114112K
[7.108s][debug][gc,heap       ] GC(31)   class space    used 37K, committed 128K, reserved 1048576K
[7.108s][info ][gc            ] GC(31) Pause Young (Prepare Mixed) (G1 Evacuation Pause) 213M->183M(1024M) 101.914ms
[7.108s][info ][gc,cpu        ] GC(31) User=0.34s Sys=0.07s Real=0.10s
[7.121s][debug][gc,heap       ] GC(32) Heap before GC invocations=32 (full 0):
[7.121s][debug][gc,heap       ] GC(32)  garbage-first heap   total 1048576K, used 224944K [0x00000000c0000000, 0x0000000100000000)
[7.121s][debug][gc,heap       ] GC(32)   region size 1024K, 51 young (52224K), 14 survivors (14336K)
[7.121s][debug][gc,heap       ] GC(32)  Metaspace       used 552K, committed 704K, reserved 1114112K
[7.122s][debug][gc,heap       ] GC(32)   class space    used 37K, committed 128K, reserved 1048576K
[7.122s][info ][gc,start      ] GC(32) Pause Young (Mixed) (G1 Evacuation Pause)
[7.122s][info ][gc,task       ] GC(32) Using 10 workers of 10 for evacuation
[7.122s][trace][gc,ergo,cset  ] GC(32) Start choosing CSet. Pending cards: 253 target pause time: 200.00ms
[7.122s][trace][gc,ergo,cset  ] GC(32) Added young regions to CSet. Eden: 37 regions, Survivors: 14 regions, predicted eden time: 56.04ms, predicted base time: 31.43ms, target pause time: 200.00ms, remaining time: 112.54ms
[7.122s][debug][gc,ergo,cset  ] GC(32) Start adding old regions to collection set. Min 1 regions, max 103 regions, time remaining 112.54ms, optional threshold 22.51ms
[7.122s][debug][gc,ergo,cset  ] GC(32) Old candidate collection set empty.
[7.122s][debug][gc,ergo,cset  ] GC(32) Finish choosing collection set old regions. Initial: 3, optional: 0, predicted old time: 0.00ms, predicted optional time: 0.00ms, time remaining: 108.29
[7.123s][debug][gc,ergo       ] GC(32) Running G1 Merge Heap Roots using 10 workers for 54 regions
[7.169s][debug][gc,ergo       ] GC(32) Running G1 Rebuild Free List Task using 10 workers for rebuilding free list of regions
[7.170s][debug][gc,ergo,heap  ] GC(32) Heap expansion: short term pause time ratio 86.83% long term pause time ratio 35.53% threshold 7.69% pause time ratio 7.69% fully expanded true resize by 0B
[7.170s][debug][gc,ergo       ] GC(32) do not continue mixed GCs (candidate old regions not available)
[7.170s][debug][gc,ergo,refine] GC(32) Concurrent refinement times: Logged Cards Scan time goal: 20.00ms Logged Cards Scan time: 0.21ms HCC time: 0.00ms
[7.170s][trace][gc,ergo,refine] GC(32) Updating Refinement Zones: logged cards scan time: 0.212ms, processed cards: 228, goal time: 19.999ms
[7.170s][debug][gc,ergo,refine] GC(32) Updated Refinement Zones: green: 2560, yellow: 7680, red: 12800
[7.170s][info ][gc,phases     ] GC(32)   Pre Evacuate Collection Set: 0.5ms
[7.170s][info ][gc,phases     ] GC(32)   Merge Heap Roots: 0.3ms
[7.170s][info ][gc,phases     ] GC(32)   Evacuate Collection Set: 35.2ms
[7.170s][info ][gc,phases     ] GC(32)   Post Evacuate Collection Set: 11.0ms
[7.170s][info ][gc,phases     ] GC(32)   Other: 1.4ms
[7.170s][info ][gc,heap       ] GC(32) Eden regions: 37->0(169)
[7.170s][info ][gc,heap       ] GC(32) Survivor regions: 14->7(7)
[7.170s][info ][gc,heap       ] GC(32) Old regions: 169->209
[7.170s][info ][gc,heap       ] GC(32) Archive regions: 2->2
[7.170s][info ][gc,heap       ] GC(32) Humongous regions: 0->0
[7.170s][info ][gc,metaspace  ] GC(32) Metaspace: 552K(704K)->552K(704K) NonClass: 515K(576K)->515K(576K) Class: 37K(128K)->37K(128K)
[7.170s][debug][gc,heap       ] GC(32) Heap after GC invocations=33 (full 0):
[7.170s][debug][gc,heap       ] GC(32)  garbage-first heap   total 1048576K, used 221232K [0x00000000c0000000, 0x0000000100000000)
[7.170s][debug][gc,heap       ] GC(32)   region size 1024K, 7 young (7168K), 7 survivors (7168K)
[7.170s][debug][gc,heap       ] GC(32)  Metaspace       used 552K, committed 704K, reserved 1114112K
[7.170s][debug][gc,heap       ] GC(32)   class space    used 37K, committed 128K, reserved 1048576K
[7.170s][info ][gc            ] GC(32) Pause Young (Mixed) (G1 Evacuation Pause) 220M->216M(1024M) 48.211ms
[7.170s][info ][gc,cpu        ] GC(32) User=0.12s Sys=0.03s Real=0.04s
[7.251s][debug][gc,heap       ] GC(33) Heap before GC invocations=33 (full 0):
[7.251s][debug][gc,heap       ] GC(33)  garbage-first heap   total 1048576K, used 393264K [0x00000000c0000000, 0x0000000100000000)
[7.251s][debug][gc,heap       ] GC(33)   region size 1024K, 176 young (180224K), 7 survivors (7168K)
[7.251s][debug][gc,heap       ] GC(33)  Metaspace       used 552K, committed 704K, reserved 1114112K
[7.251s][debug][gc,heap       ] GC(33)   class space    used 37K, committed 128K, reserved 1048576K
[7.252s][info ][gc,start      ] GC(33) Pause Young (Normal) (G1 Evacuation Pause)
[7.252s][info ][gc,task       ] GC(33) Using 10 workers of 10 for evacuation
[7.253s][trace][gc,ergo,cset  ] GC(33) Start choosing CSet. Pending cards: 238 target pause time: 200.00ms
[7.253s][trace][gc,ergo,cset  ] GC(33) Added young regions to CSet. Eden: 169 regions, Survivors: 7 regions, predicted eden time: 166.11ms, predicted base time: 27.76ms, target pause time: 200.00ms, remaining time: 6.12ms
[7.253s][debug][gc,ergo       ] GC(33) Running G1 Merge Heap Roots using 10 workers for 176 regions
[7.351s][debug][gc,ergo       ] GC(33) Running G1 Rebuild Free List Task using 10 workers for rebuilding free list of regions
[7.352s][debug][gc,ergo,heap  ] GC(33) Heap expansion: short term pause time ratio 75.63% long term pause time ratio 35.79% threshold 7.69% pause time ratio 7.69% fully expanded true resize by 0B
[7.352s][debug][gc,ergo,refine] GC(33) Concurrent refinement times: Logged Cards Scan time goal: 20.00ms Logged Cards Scan time: 0.16ms HCC time: 0.00ms
[7.352s][trace][gc,ergo,refine] GC(33) Updating Refinement Zones: logged cards scan time: 0.161ms, processed cards: 213, goal time: 19.999ms
[7.352s][debug][gc,ergo,refine] GC(33) Updated Refinement Zones: green: 2560, yellow: 7680, red: 12800
[7.352s][info ][gc,phases     ] GC(33)   Pre Evacuate Collection Set: 0.4ms
[7.352s][info ][gc,phases     ] GC(33)   Merge Heap Roots: 0.2ms
[7.352s][info ][gc,phases     ] GC(33)   Evacuate Collection Set: 64.1ms
[7.352s][info ][gc,phases     ] GC(33)   Post Evacuate Collection Set: 33.6ms
[7.352s][info ][gc,phases     ] GC(33)   Other: 2.0ms
[7.352s][info ][gc,heap       ] GC(33) Eden regions: 169->0(174)
[7.352s][info ][gc,heap       ] GC(33) Survivor regions: 7->22(22)
[7.352s][info ][gc,heap       ] GC(33) Old regions: 209->290
[7.352s][info ][gc,heap       ] GC(33) Archive regions: 2->2
[7.352s][info ][gc,heap       ] GC(33) Humongous regions: 0->0
[7.352s][info ][gc,metaspace  ] GC(33) Metaspace: 552K(704K)->552K(704K) NonClass: 515K(576K)->515K(576K) Class: 37K(128K)->37K(128K)
[7.352s][debug][gc,heap       ] GC(33) Heap after GC invocations=34 (full 0):
[7.352s][debug][gc,heap       ] GC(33)  garbage-first heap   total 1048576K, used 320048K [0x00000000c0000000, 0x0000000100000000)
[7.352s][debug][gc,heap       ] GC(33)   region size 1024K, 22 young (22528K), 22 survivors (22528K)
[7.352s][debug][gc,heap       ] GC(33)  Metaspace       used 552K, committed 704K, reserved 1114112K
[7.352s][debug][gc,heap       ] GC(33)   class space    used 37K, committed 128K, reserved 1048576K
[7.352s][info ][gc            ] GC(33) Pause Young (Normal) (G1 Evacuation Pause) 384M->312M(1024M) 99.848ms
[7.352s][info ][gc,cpu        ] GC(33) User=0.40s Sys=0.01s Real=0.10s
[7.416s][debug][gc,heap       ] GC(34) Heap before GC invocations=34 (full 0):
[7.416s][debug][gc,heap       ] GC(34)  garbage-first heap   total 1048576K, used 497200K [0x00000000c0000000, 0x0000000100000000)
[7.416s][debug][gc,heap       ] GC(34)   region size 1024K, 196 young (200704K), 22 survivors (22528K)
[7.416s][debug][gc,heap       ] GC(34)  Metaspace       used 552K, committed 704K, reserved 1114112K
[7.416s][debug][gc,heap       ] GC(34)   class space    used 37K, committed 128K, reserved 1048576K
[7.417s][info ][gc,start      ] GC(34) Pause Young (Normal) (G1 Evacuation Pause)
[7.417s][info ][gc,task       ] GC(34) Using 10 workers of 10 for evacuation
[7.417s][trace][gc,ergo,cset  ] GC(34) Start choosing CSet. Pending cards: 242 target pause time: 200.00ms
[7.417s][trace][gc,ergo,cset  ] GC(34) Added young regions to CSet. Eden: 174 regions, Survivors: 22 regions, predicted eden time: 155.08ms, predicted base time: 31.13ms, target pause time: 200.00ms, remaining time: 13.79ms
[7.418s][debug][gc,ergo       ] GC(34) Running G1 Merge Heap Roots using 10 workers for 196 regions
[7.535s][debug][gc,ergo       ] GC(34) Running G1 Rebuild Free List Task using 10 workers for rebuilding free list of regions
[7.535s][debug][gc,ergo,heap  ] GC(34) Heap expansion: short term pause time ratio 54.48% long term pause time ratio 71.09% threshold 7.69% pause time ratio 7.69% fully expanded true resize by 0B
[7.536s][debug][gc,ergo,refine] GC(34) Concurrent refinement times: Logged Cards Scan time goal: 20.00ms Logged Cards Scan time: 0.17ms HCC time: 0.00ms
[7.536s][trace][gc,ergo,refine] GC(34) Updating Refinement Zones: logged cards scan time: 0.166ms, processed cards: 217, goal time: 19.999ms
[7.536s][debug][gc,ergo,refine] GC(34) Updated Refinement Zones: green: 2560, yellow: 7680, red: 12800
[7.536s][info ][gc,phases     ] GC(34)   Pre Evacuate Collection Set: 0.5ms
[7.536s][info ][gc,phases     ] GC(34)   Merge Heap Roots: 0.3ms
[7.536s][info ][gc,phases     ] GC(34)   Evacuate Collection Set: 63.5ms
[7.536s][info ][gc,phases     ] GC(34)   Post Evacuate Collection Set: 53.7ms
[7.536s][info ][gc,phases     ] GC(34)   Other: 1.9ms
[7.536s][info ][gc,heap       ] GC(34) Eden regions: 174->0(168)
[7.536s][info ][gc,heap       ] GC(34) Survivor regions: 22->25(25)
[7.536s][info ][gc,heap       ] GC(34) Old regions: 290->375
[7.536s][info ][gc,heap       ] GC(34) Archive regions: 2->2
[7.536s][info ][gc,heap       ] GC(34) Humongous regions: 0->0
[7.536s][info ][gc,metaspace  ] GC(34) Metaspace: 552K(704K)->552K(704K) NonClass: 515K(576K)->515K(576K) Class: 37K(128K)->37K(128K)
[7.536s][debug][gc,heap       ] GC(34) Heap after GC invocations=35 (full 0):
[7.536s][debug][gc,heap       ] GC(34)  garbage-first heap   total 1048576K, used 409648K [0x00000000c0000000, 0x0000000100000000)
[7.536s][debug][gc,heap       ] GC(34)   region size 1024K, 25 young (25600K), 25 survivors (25600K)
[7.536s][debug][gc,heap       ] GC(34)  Metaspace       used 552K, committed 704K, reserved 1114112K
[7.536s][debug][gc,heap       ] GC(34)   class space    used 37K, committed 128K, reserved 1048576K
[7.536s][info ][gc            ] GC(34) Pause Young (Normal) (G1 Evacuation Pause) 486M->400M(1024M) 119.648ms
[7.537s][info ][gc,cpu        ] GC(34) User=0.52s Sys=0.09s Real=0.12s
[7.617s][debug][gc,heap       ] GC(35) Heap before GC invocations=35 (full 0):
[7.617s][debug][gc,heap       ] GC(35)  garbage-first heap   total 1048576K, used 580656K [0x00000000c0000000, 0x0000000100000000)
[7.617s][debug][gc,heap       ] GC(35)   region size 1024K, 193 young (197632K), 25 survivors (25600K)
[7.617s][debug][gc,heap       ] GC(35)  Metaspace       used 557K, committed 704K, reserved 1114112K
[7.617s][debug][gc,heap       ] GC(35)   class space    used 37K, committed 128K, reserved 1048576K
[7.618s][info ][gc,start      ] GC(35) Pause Young (Normal) (G1 Evacuation Pause)
[7.618s][info ][gc,task       ] GC(35) Using 10 workers of 10 for evacuation
[7.618s][trace][gc,ergo,cset  ] GC(35) Start choosing CSet. Pending cards: 213 target pause time: 200.00ms
[7.618s][trace][gc,ergo,cset  ] GC(35) Added young regions to CSet. Eden: 168 regions, Survivors: 25 regions, predicted eden time: 142.47ms, predicted base time: 42.32ms, target pause time: 200.00ms, remaining time: 15.21ms
[7.619s][debug][gc,ergo       ] GC(35) Running G1 Merge Heap Roots using 10 workers for 193 regions
[7.733s][debug][gc,ergo       ] GC(35) Running G1 Rebuild Free List Task using 10 workers for rebuilding free list of regions
[7.734s][debug][gc,ergo,heap  ] GC(35) Heap expansion: short term pause time ratio 64.46% long term pause time ratio 69.80% threshold 7.69% pause time ratio 7.69% fully expanded true resize by 0B
[7.734s][debug][gc,ergo,refine] GC(35) Concurrent refinement times: Logged Cards Scan time goal: 20.00ms Logged Cards Scan time: 0.16ms HCC time: 0.00ms
[7.734s][trace][gc,ergo,refine] GC(35) Updating Refinement Zones: logged cards scan time: 0.160ms, processed cards: 188, goal time: 19.999ms
[7.734s][debug][gc,ergo,refine] GC(35) Updated Refinement Zones: green: 2560, yellow: 7680, red: 12800
[7.734s][info ][gc,phases     ] GC(35)   Pre Evacuate Collection Set: 0.4ms
[7.734s][info ][gc,phases     ] GC(35)   Merge Heap Roots: 0.3ms
[7.734s][info ][gc,phases     ] GC(35)   Evacuate Collection Set: 75.9ms
[7.734s][info ][gc,phases     ] GC(35)   Post Evacuate Collection Set: 38.5ms
[7.734s][info ][gc,phases     ] GC(35)   Other: 1.8ms
[7.734s][info ][gc,heap       ] GC(35) Eden regions: 168->0(179)
[7.734s][info ][gc,heap       ] GC(35) Survivor regions: 25->25(25)
[7.734s][info ][gc,heap       ] GC(35) Old regions: 375->453
[7.734s][info ][gc,heap       ] GC(35) Archive regions: 2->2
[7.734s][info ][gc,heap       ] GC(35) Humongous regions: 0->0
[7.734s][info ][gc,metaspace  ] GC(35) Metaspace: 557K(704K)->557K(704K) NonClass: 520K(576K)->520K(576K) Class: 37K(128K)->37K(128K)
[7.734s][debug][gc,heap       ] GC(35) Heap after GC invocations=36 (full 0):
[7.734s][debug][gc,heap       ] GC(35)  garbage-first heap   total 1048576K, used 490164K [0x00000000c0000000, 0x0000000100000000)
[7.734s][debug][gc,heap       ] GC(35)   region size 1024K, 25 young (25600K), 25 survivors (25600K)
[7.734s][debug][gc,heap       ] GC(35)  Metaspace       used 557K, committed 704K, reserved 1114112K
[7.734s][debug][gc,heap       ] GC(35)   class space    used 37K, committed 128K, reserved 1048576K
[7.734s][info ][gc            ] GC(35) Pause Young (Normal) (G1 Evacuation Pause) 567M->478M(1024M) 116.528ms
[7.734s][info ][gc,cpu        ] GC(35) User=0.47s Sys=0.10s Real=0.12s
[7.811s][debug][gc,heap       ] GC(36) Heap before GC invocations=36 (full 0):
[7.812s][debug][gc,heap       ] GC(36)  garbage-first heap   total 1048576K, used 672436K [0x00000000c0000000, 0x0000000100000000)
[7.812s][debug][gc,heap       ] GC(36)   region size 1024K, 204 young (208896K), 25 survivors (25600K)
[7.812s][debug][gc,heap       ] GC(36)  Metaspace       used 557K, committed 704K, reserved 1114112K
[7.812s][debug][gc,heap       ] GC(36)   class space    used 37K, committed 128K, reserved 1048576K
[7.812s][info ][gc,start      ] GC(36) Pause Young (Normal) (G1 Evacuation Pause)
[7.812s][info ][gc,task       ] GC(36) Using 10 workers of 10 for evacuation
[7.813s][trace][gc,ergo,cset  ] GC(36) Start choosing CSet. Pending cards: 217 target pause time: 200.00ms
[7.813s][trace][gc,ergo,cset  ] GC(36) Added young regions to CSet. Eden: 179 regions, Survivors: 25 regions, predicted eden time: 144.97ms, predicted base time: 42.55ms, target pause time: 200.00ms, remaining time: 12.48ms
[7.813s][debug][gc,ergo       ] GC(36) Running G1 Merge Heap Roots using 10 workers for 204 regions
[7.914s][debug][gc,ergo       ] GC(36) Running G1 Rebuild Free List Task using 10 workers for rebuilding free list of regions
[7.915s][debug][gc,ergo,heap  ] GC(36) Heap expansion: short term pause time ratio 58.37% long term pause time ratio 68.07% threshold 7.69% pause time ratio 7.69% fully expanded true resize by 0B
[7.915s][debug][gc,ergo,refine] GC(36) Concurrent refinement times: Logged Cards Scan time goal: 20.00ms Logged Cards Scan time: 0.15ms HCC time: 0.00ms
[7.915s][trace][gc,ergo,refine] GC(36) Updating Refinement Zones: logged cards scan time: 0.147ms, processed cards: 192, goal time: 19.999ms
[7.915s][debug][gc,ergo,refine] GC(36) Updated Refinement Zones: green: 2560, yellow: 7680, red: 12800
[7.915s][info ][gc,phases     ] GC(36)   Pre Evacuate Collection Set: 0.4ms
[7.915s][info ][gc,phases     ] GC(36)   Merge Heap Roots: 0.3ms
[7.915s][info ][gc,phases     ] GC(36)   Evacuate Collection Set: 60.1ms
[7.915s][info ][gc,phases     ] GC(36)   Post Evacuate Collection Set: 40.8ms
[7.915s][info ][gc,phases     ] GC(36)   Other: 1.8ms
[7.915s][info ][gc,heap       ] GC(36) Eden regions: 179->0(157)
[7.915s][info ][gc,heap       ] GC(36) Survivor regions: 25->26(26)
[7.915s][info ][gc,heap       ] GC(36) Old regions: 453->534
[7.915s][info ][gc,heap       ] GC(36) Archive regions: 2->2
[7.915s][info ][gc,heap       ] GC(36) Humongous regions: 0->0
[7.915s][info ][gc,metaspace  ] GC(36) Metaspace: 557K(704K)->557K(704K) NonClass: 520K(576K)->520K(576K) Class: 37K(128K)->37K(128K)
[7.916s][debug][gc,heap       ] GC(36) Heap after GC invocations=37 (full 0):
[7.916s][debug][gc,heap       ] GC(36)  garbage-first heap   total 1048576K, used 573616K [0x00000000c0000000, 0x0000000100000000)
[7.916s][debug][gc,heap       ] GC(36)   region size 1024K, 26 young (26624K), 26 survivors (26624K)
[7.916s][debug][gc,heap       ] GC(36)  Metaspace       used 557K, committed 704K, reserved 1114112K
[7.916s][debug][gc,heap       ] GC(36)   class space    used 37K, committed 128K, reserved 1048576K
[7.916s][info ][gc            ] GC(36) Pause Young (Normal) (G1 Evacuation Pause) 657M->560M(1024M) 103.319ms
[7.916s][info ][gc,cpu        ] GC(36) User=0.42s Sys=0.08s Real=0.10s
[7.976s][debug][gc,heap       ] GC(37) Heap before GC invocations=37 (full 0):
[7.976s][debug][gc,heap       ] GC(37)  garbage-first heap   total 1048576K, used 733360K [0x00000000c0000000, 0x0000000100000000)
[7.976s][debug][gc,heap       ] GC(37)   region size 1024K, 183 young (187392K), 26 survivors (26624K)
[7.976s][debug][gc,heap       ] GC(37)  Metaspace       used 557K, committed 704K, reserved 1114112K
[7.977s][debug][gc,heap       ] GC(37)   class space    used 37K, committed 128K, reserved 1048576K
[7.978s][info ][gc,start      ] GC(37) Pause Young (Normal) (G1 Evacuation Pause)
[7.978s][info ][gc,task       ] GC(37) Using 10 workers of 10 for evacuation
[7.978s][trace][gc,ergo,cset  ] GC(37) Start choosing CSet. Pending cards: 221 target pause time: 200.00ms
[7.978s][trace][gc,ergo,cset  ] GC(37) Added young regions to CSet. Eden: 157 regions, Survivors: 26 regions, predicted eden time: 120.23ms, predicted base time: 43.11ms, target pause time: 200.00ms, remaining time: 36.66ms
[7.979s][debug][gc,ergo       ] GC(37) Running G1 Merge Heap Roots using 10 workers for 183 regions
[8.084s][debug][gc,ergo       ] GC(37) Running G1 Rebuild Free List Task using 10 workers for rebuilding free list of regions
[8.085s][debug][gc,ergo,heap  ] GC(37) Heap expansion: short term pause time ratio 56.47% long term pause time ratio 66.99% threshold 7.69% pause time ratio 7.69% fully expanded true resize by 0B
[8.085s][debug][gc,ergo,refine] GC(37) Concurrent refinement times: Logged Cards Scan time goal: 20.00ms Logged Cards Scan time: 0.14ms HCC time: 0.00ms
[8.085s][trace][gc,ergo,refine] GC(37) Updating Refinement Zones: logged cards scan time: 0.139ms, processed cards: 172, goal time: 19.999ms
[8.085s][debug][gc,ergo,refine] GC(37) Updated Refinement Zones: green: 2560, yellow: 7680, red: 12800
[8.085s][info ][gc,phases     ] GC(37)   Pre Evacuate Collection Set: 0.4ms
[8.085s][info ][gc,phases     ] GC(37)   Merge Heap Roots: 0.2ms
[8.085s][info ][gc,phases     ] GC(37)   Evacuate Collection Set: 63.2ms
[8.085s][info ][gc,phases     ] GC(37)   Post Evacuate Collection Set: 42.2ms
[8.085s][info ][gc,phases     ] GC(37)   Other: 2.9ms
[8.085s][info ][gc,heap       ] GC(37) Eden regions: 157->0(113)
[8.085s][info ][gc,heap       ] GC(37) Survivor regions: 26->23(23)
[8.085s][info ][gc,heap       ] GC(37) Old regions: 534->617
[8.085s][info ][gc,heap       ] GC(37) Archive regions: 2->2
[8.085s][info ][gc,heap       ] GC(37) Humongous regions: 0->0
[8.085s][info ][gc,metaspace  ] GC(37) Metaspace: 557K(704K)->557K(704K) NonClass: 520K(576K)->520K(576K) Class: 37K(128K)->37K(128K)
[8.086s][debug][gc,heap       ] GC(37) Heap after GC invocations=38 (full 0):
[8.086s][debug][gc,heap       ] GC(37)  garbage-first heap   total 1048576K, used 655920K [0x00000000c0000000, 0x0000000100000000)
[8.086s][debug][gc,heap       ] GC(37)   region size 1024K, 23 young (23552K), 23 survivors (23552K)
[8.086s][debug][gc,heap       ] GC(37)  Metaspace       used 557K, committed 704K, reserved 1114112K
[8.086s][debug][gc,heap       ] GC(37)   class space    used 37K, committed 128K, reserved 1048576K
[8.086s][info ][gc            ] GC(37) Pause Young (Normal) (G1 Evacuation Pause) 717M->640M(1024M) 107.861ms
[8.086s][info ][gc,cpu        ] GC(37) User=0.50s Sys=0.03s Real=0.11s
[8.119s][debug][gc,heap       ] GC(38) Heap before GC invocations=38 (full 0):
[8.119s][debug][gc,heap       ] GC(38)  garbage-first heap   total 1048576K, used 770608K [0x00000000c0000000, 0x0000000100000000)
[8.119s][debug][gc,heap       ] GC(38)   region size 1024K, 136 young (139264K), 23 survivors (23552K)
[8.119s][debug][gc,heap       ] GC(38)  Metaspace       used 557K, committed 704K, reserved 1114112K
[8.119s][debug][gc,heap       ] GC(38)   class space    used 37K, committed 128K, reserved 1048576K
[8.120s][info ][gc,start      ] GC(38) Pause Young (Normal) (G1 Evacuation Pause)
[8.120s][info ][gc,task       ] GC(38) Using 10 workers of 10 for evacuation
[8.121s][trace][gc,ergo,cset  ] GC(38) Start choosing CSet. Pending cards: 219 target pause time: 200.00ms
[8.121s][trace][gc,ergo,cset  ] GC(38) Added young regions to CSet. Eden: 113 regions, Survivors: 23 regions, predicted eden time: 92.39ms, predicted base time: 43.99ms, target pause time: 200.00ms, remaining time: 63.63ms
[8.121s][debug][gc,ergo       ] GC(38) Running G1 Merge Heap Roots using 10 workers for 136 regions
[8.543s][debug][gc,ergo       ] GC(38) Running G1 Rebuild Free List Task using 10 workers for rebuilding free list of regions
[8.544s][debug][gc,ergo,heap  ] GC(38) Heap expansion: short term pause time ratio 62.77% long term pause time ratio 66.80% threshold 7.69% pause time ratio 7.69% fully expanded true resize by 0B
[8.544s][info ][gc,mmu        ] GC(38) MMU target violated: 201.0ms (200.0ms/201.0ms)
[8.544s][debug][gc,ergo,refine] GC(38) Concurrent refinement times: Logged Cards Scan time goal: 20.00ms Logged Cards Scan time: 0.15ms HCC time: 0.00ms
[8.544s][trace][gc,ergo,refine] GC(38) Updating Refinement Zones: logged cards scan time: 0.151ms, processed cards: 202, goal time: 19.999ms
[8.544s][debug][gc,ergo,refine] GC(38) Updated Refinement Zones: green: 2560, yellow: 7680, red: 12800
[8.544s][info ][gc,phases     ] GC(38)   Pre Evacuate Collection Set: 0.5ms
[8.544s][info ][gc,phases     ] GC(38)   Merge Heap Roots: 0.3ms
[8.544s][info ][gc,phases     ] GC(38)   Evacuate Collection Set: 391.9ms
[8.544s][info ][gc,phases     ] GC(38)   Post Evacuate Collection Set: 29.8ms
[8.544s][info ][gc,phases     ] GC(38)   Other: 2.6ms
[8.544s][info ][gc,heap       ] GC(38) Eden regions: 113->0(49)
[8.544s][info ][gc,heap       ] GC(38) Survivor regions: 23->17(17)
[8.544s][info ][gc,heap       ] GC(38) Old regions: 617->695
[8.544s][info ][gc,heap       ] GC(38) Archive regions: 2->2
[8.544s][info ][gc,heap       ] GC(38) Humongous regions: 0->0
[8.544s][info ][gc,metaspace  ] GC(38) Metaspace: 557K(704K)->557K(704K) NonClass: 520K(576K)->520K(576K) Class: 37K(128K)->37K(128K)
[8.544s][debug][gc,heap       ] GC(38) Heap after GC invocations=39 (full 0):
[8.544s][debug][gc,heap       ] GC(38)  garbage-first heap   total 1048576K, used 729136K [0x00000000c0000000, 0x0000000100000000)
[8.544s][debug][gc,heap       ] GC(38)   region size 1024K, 17 young (17408K), 17 survivors (17408K)
[8.544s][debug][gc,heap       ] GC(38)  Metaspace       used 557K, committed 704K, reserved 1114112K
[8.544s][debug][gc,heap       ] GC(38)   class space    used 37K, committed 128K, reserved 1048576K
[8.544s][info ][gc            ] GC(38) Pause Young (Normal) (G1 Evacuation Pause) 753M->712M(1024M) 424.165ms
[8.544s][info ][gc,cpu        ] GC(38) User=0.29s Sys=2.72s Real=0.42s
[8.564s][debug][gc,heap       ] GC(39) Heap before GC invocations=39 (full 0):
[8.564s][debug][gc,heap       ] GC(39)  garbage-first heap   total 1048576K, used 778288K [0x00000000c0000000, 0x0000000100000000)
[8.564s][debug][gc,heap       ] GC(39)   region size 1024K, 66 young (67584K), 17 survivors (17408K)
[8.564s][debug][gc,heap       ] GC(39)  Metaspace       used 557K, committed 704K, reserved 1114112K
[8.564s][debug][gc,heap       ] GC(39)   class space    used 37K, committed 128K, reserved 1048576K
[8.565s][info ][gc,start      ] GC(39) Pause Young (Normal) (G1 Evacuation Pause)
[8.565s][info ][gc,task       ] GC(39) Using 10 workers of 10 for evacuation
[8.565s][trace][gc,ergo,cset  ] GC(39) Start choosing CSet. Pending cards: 226 target pause time: 200.00ms
[8.565s][trace][gc,ergo,cset  ] GC(39) Added young regions to CSet. Eden: 49 regions, Survivors: 17 regions, predicted eden time: 136.26ms, predicted base time: 41.05ms, target pause time: 200.00ms, remaining time: 22.70ms
[8.565s][debug][gc,ergo       ] GC(39) Running G1 Merge Heap Roots using 10 workers for 66 regions
[9.341s][debug][gc,ergo       ] GC(39) Running G1 Rebuild Free List Task using 10 workers for rebuilding free list of regions
[9.342s][debug][gc,ergo,heap  ] GC(39) Heap expansion: short term pause time ratio 92.21% long term pause time ratio 72.03% threshold 7.69% pause time ratio 7.69% fully expanded true resize by 0B
[9.342s][info ][gc,mmu        ] GC(39) MMU target violated: 201.0ms (200.0ms/201.0ms)
[9.342s][debug][gc,ergo,refine] GC(39) Concurrent refinement times: Logged Cards Scan time goal: 20.00ms Logged Cards Scan time: 0.15ms HCC time: 0.00ms
[9.342s][trace][gc,ergo,refine] GC(39) Updating Refinement Zones: logged cards scan time: 0.150ms, processed cards: 201, goal time: 19.999ms
[9.342s][debug][gc,ergo,refine] GC(39) Updated Refinement Zones: green: 2560, yellow: 7680, red: 12800
[9.342s][info ][gc,phases     ] GC(39)   Pre Evacuate Collection Set: 0.4ms
[9.342s][info ][gc,phases     ] GC(39)   Merge Heap Roots: 0.3ms
[9.342s][info ][gc,phases     ] GC(39)   Evacuate Collection Set: 756.5ms
[9.342s][info ][gc,phases     ] GC(39)   Post Evacuate Collection Set: 19.1ms
[9.342s][info ][gc,phases     ] GC(39)   Other: 1.8ms
[9.342s][info ][gc,heap       ] GC(39) Eden regions: 49->0(42)
[9.342s][info ][gc,heap       ] GC(39) Survivor regions: 17->9(9)
[9.342s][info ][gc,heap       ] GC(39) Old regions: 695->747
[9.342s][info ][gc,heap       ] GC(39) Archive regions: 2->2
[9.342s][info ][gc,heap       ] GC(39) Humongous regions: 0->0
[9.342s][info ][gc,metaspace  ] GC(39) Metaspace: 557K(704K)->557K(704K) NonClass: 520K(576K)->520K(576K) Class: 37K(128K)->37K(128K)
[9.342s][debug][gc,heap       ] GC(39) Heap after GC invocations=40 (full 0):
[9.342s][debug][gc,heap       ] GC(39)  garbage-first heap   total 1048576K, used 774706K [0x00000000c0000000, 0x0000000100000000)
[9.342s][debug][gc,heap       ] GC(39)   region size 1024K, 9 young (9216K), 9 survivors (9216K)
[9.342s][debug][gc,heap       ] GC(39)  Metaspace       used 557K, committed 704K, reserved 1114112K
[9.342s][debug][gc,heap       ] GC(39)   class space    used 37K, committed 128K, reserved 1048576K
[9.342s][info ][gc            ] GC(39) Pause Young (Normal) (G1 Evacuation Pause) 760M->756M(1024M) 777.817ms
[9.342s][info ][gc,cpu        ] GC(39) User=0.47s Sys=4.90s Real=0.78s
[9.358s][debug][gc,heap       ] GC(40) Heap before GC invocations=40 (full 0):
[9.358s][debug][gc,heap       ] GC(40)  garbage-first heap   total 1048576K, used 816690K [0x00000000c0000000, 0x0000000100000000)
[9.358s][debug][gc,heap       ] GC(40)   region size 1024K, 51 young (52224K), 9 survivors (9216K)
[9.358s][debug][gc,heap       ] GC(40)  Metaspace       used 557K, committed 704K, reserved 1114112K
[9.358s][debug][gc,heap       ] GC(40)   class space    used 37K, committed 128K, reserved 1048576K
[9.359s][info ][gc,start      ] GC(40) Pause Young (Normal) (G1 Evacuation Pause)
[9.359s][info ][gc,task       ] GC(40) Using 10 workers of 10 for evacuation
[9.359s][trace][gc,ergo,cset  ] GC(40) Start choosing CSet. Pending cards: 246 target pause time: 200.00ms
[9.359s][trace][gc,ergo,cset  ] GC(40) Added young regions to CSet. Eden: 42 regions, Survivors: 9 regions, predicted eden time: 321.59ms, predicted base time: 36.92ms, target pause time: 200.00ms, remaining time: 0.00ms
[9.359s][debug][gc,ergo       ] GC(40) Running G1 Merge Heap Roots using 10 workers for 51 regions
[9.452s][debug][gc,ergo       ] GC(40) Running G1 Rebuild Free List Task using 10 workers for rebuilding free list of regions
[9.452s][debug][gc,ergo,heap  ] GC(40) Heap expansion: short term pause time ratio 97.36% long term pause time ratio 80.21% threshold 7.69% pause time ratio 7.69% fully expanded true resize by 0B
[9.452s][debug][gc,ergo,refine] GC(40) Concurrent refinement times: Logged Cards Scan time goal: 20.00ms Logged Cards Scan time: 0.17ms HCC time: 0.00ms
[9.452s][trace][gc,ergo,refine] GC(40) Updating Refinement Zones: logged cards scan time: 0.169ms, processed cards: 229, goal time: 19.999ms
[9.452s][debug][gc,ergo,refine] GC(40) Updated Refinement Zones: green: 2560, yellow: 7680, red: 12800
[9.452s][info ][gc,phases     ] GC(40)   Pre Evacuate Collection Set: 0.3ms
[9.452s][info ][gc,phases     ] GC(40)   Merge Heap Roots: 0.2ms
[9.452s][info ][gc,phases     ] GC(40)   Evacuate Collection Set: 74.2ms
[9.452s][info ][gc,phases     ] GC(40)   Post Evacuate Collection Set: 18.0ms
[9.452s][info ][gc,phases     ] GC(40)   Other: 2.0ms
[9.452s][info ][gc,heap       ] GC(40) Eden regions: 42->0(44)
[9.452s][info ][gc,heap       ] GC(40) Survivor regions: 9->7(7)
[9.452s][info ][gc,heap       ] GC(40) Old regions: 747->790
[9.452s][info ][gc,heap       ] GC(40) Archive regions: 2->2
[9.452s][info ][gc,heap       ] GC(40) Humongous regions: 0->0
[9.452s][info ][gc,metaspace  ] GC(40) Metaspace: 557K(704K)->557K(704K) NonClass: 520K(576K)->520K(576K) Class: 37K(128K)->37K(128K)
[9.453s][debug][gc,heap       ] GC(40) Heap after GC invocations=41 (full 0):
[9.453s][debug][gc,heap       ] GC(40)  garbage-first heap   total 1048576K, used 816304K [0x00000000c0000000, 0x0000000100000000)
[9.453s][debug][gc,heap       ] GC(40)   region size 1024K, 7 young (7168K), 7 survivors (7168K)
[9.453s][debug][gc,heap       ] GC(40)  Metaspace       used 557K, committed 704K, reserved 1114112K
[9.453s][debug][gc,heap       ] GC(40)   class space    used 37K, committed 128K, reserved 1048576K
[9.453s][info ][gc            ] GC(40) Pause Young (Normal) (G1 Evacuation Pause) 798M->797M(1024M) 94.003ms
[9.453s][info ][gc,cpu        ] GC(40) User=0.19s Sys=0.18s Real=0.10s
[9.465s][debug][gc,heap       ] GC(41) Heap before GC invocations=41 (full 0):
[9.465s][debug][gc,heap       ] GC(41)  garbage-first heap   total 1048576K, used 860336K [0x00000000c0000000, 0x0000000100000000)
[9.465s][debug][gc,heap       ] GC(41)   region size 1024K, 51 young (52224K), 7 survivors (7168K)
[9.465s][debug][gc,heap       ] GC(41)  Metaspace       used 557K, committed 704K, reserved 1114112K
[9.465s][debug][gc,heap       ] GC(41)   class space    used 37K, committed 128K, reserved 1048576K
[9.465s][info ][gc,start      ] GC(41) Pause Young (Normal) (G1 Evacuation Pause)
[9.465s][info ][gc,task       ] GC(41) Using 10 workers of 10 for evacuation
[9.465s][trace][gc,ergo,cset  ] GC(41) Start choosing CSet. Pending cards: 291 target pause time: 200.00ms
[9.465s][trace][gc,ergo,cset  ] GC(41) Added young regions to CSet. Eden: 44 regions, Survivors: 7 regions, predicted eden time: 279.87ms, predicted base time: 33.05ms, target pause time: 200.00ms, remaining time: 0.00ms
[9.466s][debug][gc,ergo       ] GC(41) Running G1 Merge Heap Roots using 10 workers for 51 regions
[9.503s][debug][gc,ergo       ] GC(41) Running G1 Rebuild Free List Task using 10 workers for rebuilding free list of regions
[9.504s][debug][gc,ergo,heap  ] GC(41) Heap expansion: short term pause time ratio 84.38% long term pause time ratio 80.60% threshold 7.69% pause time ratio 7.69% fully expanded true resize by 0B
[9.504s][debug][gc,ergo,ihop  ] GC(41) Request concurrent cycle initiation (occupancy higher than threshold) occupancy: 874512384B allocation request: 0B threshold: 858687346B (79.97) source: end of GC
[9.505s][debug][gc,ergo,refine] GC(41) Concurrent refinement times: Logged Cards Scan time goal: 20.00ms Logged Cards Scan time: 0.19ms HCC time: 0.00ms
[9.505s][trace][gc,ergo,refine] GC(41) Updating Refinement Zones: logged cards scan time: 0.187ms, processed cards: 274, goal time: 19.999ms
[9.505s][debug][gc,ergo,refine] GC(41) Updated Refinement Zones: green: 2560, yellow: 7680, red: 12800
[9.505s][info ][gc,phases     ] GC(41)   Pre Evacuate Collection Set: 0.3ms
[9.505s][info ][gc,phases     ] GC(41)   Merge Heap Roots: 0.2ms
[9.505s][info ][gc,phases     ] GC(41)   Evacuate Collection Set: 26.4ms
[9.505s][info ][gc,phases     ] GC(41)   Post Evacuate Collection Set: 11.3ms
[9.505s][info ][gc,phases     ] GC(41)   Other: 1.7ms
[9.505s][info ][gc,heap       ] GC(41) Eden regions: 44->0(44)
[9.505s][info ][gc,heap       ] GC(41) Survivor regions: 7->7(7)
[9.505s][info ][gc,heap       ] GC(41) Old regions: 790->832
[9.505s][info ][gc,heap       ] GC(41) Archive regions: 2->2
[9.505s][info ][gc,heap       ] GC(41) Humongous regions: 0->0
[9.505s][info ][gc,metaspace  ] GC(41) Metaspace: 557K(704K)->557K(704K) NonClass: 520K(576K)->520K(576K) Class: 37K(128K)->37K(128K)
[9.505s][debug][gc,heap       ] GC(41) Heap after GC invocations=42 (full 0):
[9.505s][debug][gc,heap       ] GC(41)  garbage-first heap   total 1048576K, used 859696K [0x00000000c0000000, 0x0000000100000000)
[9.505s][debug][gc,heap       ] GC(41)   region size 1024K, 7 young (7168K), 7 survivors (7168K)
[9.505s][debug][gc,heap       ] GC(41)  Metaspace       used 557K, committed 704K, reserved 1114112K
[9.505s][debug][gc,heap       ] GC(41)   class space    used 37K, committed 128K, reserved 1048576K
[9.506s][info ][gc            ] GC(41) Pause Young (Normal) (G1 Evacuation Pause) 841M->839M(1024M) 40.849ms
[9.506s][info ][gc,cpu        ] GC(41) User=0.11s Sys=0.03s Real=0.04s
[9.521s][debug][gc,heap       ] GC(42) Heap before GC invocations=42 (full 0):
[9.521s][debug][gc,heap       ] GC(42)  garbage-first heap   total 1048576K, used 903728K [0x00000000c0000000, 0x0000000100000000)
[9.521s][debug][gc,heap       ] GC(42)   region size 1024K, 51 young (52224K), 7 survivors (7168K)
[9.521s][debug][gc,heap       ] GC(42)  Metaspace       used 557K, committed 704K, reserved 1114112K
[9.521s][debug][gc,heap       ] GC(42)   class space    used 37K, committed 128K, reserved 1048576K
[9.522s][debug][gc,ergo       ] GC(42) Initiate concurrent cycle (concurrent cycle initiation requested)
[9.522s][info ][gc,start      ] GC(42) Pause Young (Concurrent Start) (G1 Evacuation Pause)
[9.522s][info ][gc,task       ] GC(42) Using 10 workers of 10 for evacuation
[9.522s][trace][gc,ergo,cset  ] GC(42) Start choosing CSet. Pending cards: 274 target pause time: 200.00ms
[9.522s][trace][gc,ergo,cset  ] GC(42) Added young regions to CSet. Eden: 44 regions, Survivors: 7 regions, predicted eden time: 225.83ms, predicted base time: 28.68ms, target pause time: 200.00ms, remaining time: 0.00ms
[9.523s][debug][gc,ergo       ] GC(42) Running G1 Merge Heap Roots using 10 workers for 51 regions
[9.576s][debug][gc,ergo       ] GC(42) Running G1 Rebuild Free List Task using 10 workers for rebuilding free list of regions
[9.576s][debug][gc,ergo,heap  ] GC(42) Heap expansion: short term pause time ratio 74.77% long term pause time ratio 80.17% threshold 7.69% pause time ratio 7.69% fully expanded true resize by 0B
[9.577s][debug][gc,ergo,refine] GC(42) Concurrent refinement times: Logged Cards Scan time goal: 20.00ms Logged Cards Scan time: 0.21ms HCC time: 0.00ms
[9.577s][trace][gc,ergo,refine] GC(42) Updating Refinement Zones: logged cards scan time: 0.208ms, processed cards: 249, goal time: 19.999ms
[9.577s][debug][gc,ergo,refine] GC(42) Updated Refinement Zones: green: 2560, yellow: 7680, red: 12800
[9.577s][info ][gc,phases     ] GC(42)   Pre Evacuate Collection Set: 0.4ms
[9.577s][info ][gc,phases     ] GC(42)   Merge Heap Roots: 0.3ms
[9.577s][info ][gc,phases     ] GC(42)   Evacuate Collection Set: 39.4ms
[9.577s][info ][gc,phases     ] GC(42)   Post Evacuate Collection Set: 13.9ms
[9.577s][info ][gc,phases     ] GC(42)   Other: 2.1ms
[9.577s][info ][gc,heap       ] GC(42) Eden regions: 44->0(44)
[9.577s][info ][gc,heap       ] GC(42) Survivor regions: 7->7(7)
[9.577s][info ][gc,heap       ] GC(42) Old regions: 832->875
[9.577s][info ][gc,heap       ] GC(42) Archive regions: 2->2
[9.577s][info ][gc,heap       ] GC(42) Humongous regions: 0->0
[9.577s][info ][gc,metaspace  ] GC(42) Metaspace: 557K(704K)->557K(704K) NonClass: 520K(576K)->520K(576K) Class: 37K(128K)->37K(128K)
[9.578s][debug][gc,heap       ] GC(42) Heap after GC invocations=43 (full 0):
[9.578s][debug][gc,heap       ] GC(42)  garbage-first heap   total 1048576K, used 903730K [0x00000000c0000000, 0x0000000100000000)
[9.578s][debug][gc,heap       ] GC(42)   region size 1024K, 7 young (7168K), 7 survivors (7168K)
[9.578s][debug][gc,heap       ] GC(42)  Metaspace       used 557K, committed 704K, reserved 1114112K
[9.578s][debug][gc,heap       ] GC(42)   class space    used 37K, committed 128K, reserved 1048576K
[9.578s][info ][gc            ] GC(42) Pause Young (Concurrent Start) (G1 Evacuation Pause) 883M->882M(1024M) 55.877ms
[9.578s][info ][gc,cpu        ] GC(42) User=0.15s Sys=0.03s Real=0.05s
[9.578s][info ][gc            ] GC(43) Concurrent Mark Cycle
[9.578s][info ][gc,marking    ] GC(43) Concurrent Clear Claimed Marks
[9.578s][info ][gc,marking    ] GC(43) Concurrent Clear Claimed Marks 0.017ms
[9.578s][info ][gc,marking    ] GC(43) Concurrent Scan Root Regions
[9.578s][debug][gc,ergo       ] GC(43) Running G1 Root Region Scan using 3 workers for 51 work units.
[9.579s][info ][gc,marking    ] GC(43) Concurrent Scan Root Regions 0.808ms
[9.579s][info ][gc,marking    ] GC(43) Concurrent Mark
[9.579s][info ][gc,marking    ] GC(43) Concurrent Mark From Roots
[9.579s][info ][gc,task       ] GC(43) Using 3 workers of 3 for marking
[9.590s][debug][gc,heap       ] GC(44) Heap before GC invocations=43 (full 0):
[9.590s][debug][gc,heap       ] GC(44)  garbage-first heap   total 1048576K, used 947762K [0x00000000c0000000, 0x0000000100000000)
[9.590s][debug][gc,heap       ] GC(44)   region size 1024K, 51 young (52224K), 7 survivors (7168K)
[9.590s][debug][gc,heap       ] GC(44)  Metaspace       used 557K, committed 704K, reserved 1114112K
[9.590s][debug][gc,heap       ] GC(44)   class space    used 37K, committed 128K, reserved 1048576K
[9.591s][info ][gc,start      ] GC(44) Pause Young (Normal) (G1 Evacuation Pause)
[9.591s][info ][gc,task       ] GC(44) Using 10 workers of 10 for evacuation
[9.592s][trace][gc,ergo,cset  ] GC(44) Start choosing CSet. Pending cards: 313 target pause time: 200.00ms
[9.592s][trace][gc,ergo,cset  ] GC(44) Added young regions to CSet. Eden: 44 regions, Survivors: 7 regions, predicted eden time: 202.87ms, predicted base time: 25.64ms, target pause time: 200.00ms, remaining time: 0.00ms
[9.592s][debug][gc,ergo       ] GC(44) Running G1 Merge Heap Roots using 10 workers for 51 regions
[9.639s][debug][gc,ergo       ] GC(44) Running G1 Rebuild Free List Task using 10 workers for rebuilding free list of regions
[9.639s][debug][gc,ergo,heap  ] GC(44) Heap expansion: short term pause time ratio 75.81% long term pause time ratio 80.16% threshold 7.69% pause time ratio 7.69% fully expanded true resize by 0B
[9.639s][debug][gc,ergo,refine] GC(44) Concurrent refinement times: Logged Cards Scan time goal: 20.00ms Logged Cards Scan time: 0.28ms HCC time: 0.00ms
[9.639s][trace][gc,ergo,refine] GC(44) Updating Refinement Zones: logged cards scan time: 0.281ms, processed cards: 288, goal time: 19.999ms
[9.639s][debug][gc,ergo,refine] GC(44) Updated Refinement Zones: green: 2560, yellow: 7680, red: 12800
[9.639s][info ][gc,phases     ] GC(44)   Pre Evacuate Collection Set: 0.6ms
[9.639s][info ][gc,phases     ] GC(44)   Merge Heap Roots: 0.3ms
[9.639s][info ][gc,phases     ] GC(44)   Evacuate Collection Set: 31.4ms
[9.639s][info ][gc,phases     ] GC(44)   Post Evacuate Collection Set: 14.8ms
[9.639s][info ][gc,phases     ] GC(44)   Other: 1.9ms
[9.639s][info ][gc,heap       ] GC(44) Eden regions: 44->0(44)
[9.639s][info ][gc,heap       ] GC(44) Survivor regions: 7->7(7)
[9.639s][info ][gc,heap       ] GC(44) Old regions: 875->918
[9.639s][info ][gc,heap       ] GC(44) Archive regions: 2->2
[9.639s][info ][gc,heap       ] GC(44) Humongous regions: 0->0
[9.639s][info ][gc,metaspace  ] GC(44) Metaspace: 557K(704K)->557K(704K) NonClass: 520K(576K)->520K(576K) Class: 37K(128K)->37K(128K)
[9.640s][debug][gc,heap       ] GC(44) Heap after GC invocations=44 (full 0):
[9.640s][debug][gc,heap       ] GC(44)  garbage-first heap   total 1048576K, used 947504K [0x00000000c0000000, 0x0000000100000000)
[9.640s][debug][gc,heap       ] GC(44)   region size 1024K, 7 young (7168K), 7 survivors (7168K)
[9.640s][debug][gc,heap       ] GC(44)  Metaspace       used 557K, committed 704K, reserved 1114112K
[9.640s][debug][gc,heap       ] GC(44)   class space    used 37K, committed 128K, reserved 1048576K
[9.640s][info ][gc            ] GC(44) Pause Young (Normal) (G1 Evacuation Pause) 926M->925M(1024M) 48.668ms
[9.640s][info ][gc,cpu        ] GC(44) User=0.17s Sys=0.00s Real=0.05s
[9.644s][info ][gc,marking    ] GC(43) Concurrent Mark From Roots 64.471ms
[9.644s][info ][gc,marking    ] GC(43) Concurrent Preclean
[9.644s][info ][gc,marking    ] GC(43) Concurrent Preclean 0.116ms
[9.644s][info ][gc,start      ] GC(43) Pause Remark
[9.648s][debug][gc,ergo       ] GC(43) Running G1 Update RemSet Tracking Before Rebuild using 3 workers for 1024 regions in heap
[9.784s][info ][gc            ] GC(43) Pause Remark 940M->199M(1024M) 139.642ms
[9.784s][info ][gc,cpu        ] GC(43) User=1.29s Sys=0.02s Real=0.14s
[9.784s][info ][gc,marking    ] GC(43) Concurrent Mark 205.401ms
[9.784s][info ][gc,marking    ] GC(43) Concurrent Rebuild Remembered Sets
[9.792s][info ][gc,marking    ] GC(43) Concurrent Rebuild Remembered Sets 7.534ms
[9.793s][info ][gc,start      ] GC(43) Pause Cleanup
[9.795s][debug][gc,ergo,cset  ] GC(43) Pruned 61 regions out of 77, leaving 53375536 bytes waste (allowed 53687091)
[9.795s][info ][gc            ] GC(43) Pause Cleanup 211M->211M(1024M) 1.649ms
[9.795s][info ][gc,cpu        ] GC(43) User=0.00s Sys=0.00s Real=0.00s
[9.795s][info ][gc,marking    ] GC(43) Concurrent Cleanup for Next Mark
[9.795s][debug][gc,ergo       ] GC(43) Running G1 Clear Bitmap with 3 workers for 16 work units.
[9.799s][info ][gc,marking    ] GC(43) Concurrent Cleanup for Next Mark 3.569ms
[9.799s][info ][gc            ] GC(43) Concurrent Mark Cycle 220.926ms
[9.815s][debug][gc,heap       ] GC(45) Heap before GC invocations=45 (full 0):
[9.815s][debug][gc,heap       ] GC(45)  garbage-first heap   total 1048576K, used 232752K [0x00000000c0000000, 0x0000000100000000)
[9.815s][debug][gc,heap       ] GC(45)   region size 1024K, 51 young (52224K), 7 survivors (7168K)
[9.815s][debug][gc,heap       ] GC(45)  Metaspace       used 557K, committed 704K, reserved 1114112K
[9.815s][debug][gc,heap       ] GC(45)   class space    used 37K, committed 128K, reserved 1048576K
[9.815s][info ][gc,start      ] GC(45) Pause Young (Prepare Mixed) (G1 Evacuation Pause)
[9.815s][info ][gc,task       ] GC(45) Using 10 workers of 10 for evacuation
[9.815s][trace][gc,ergo,cset  ] GC(45) Start choosing CSet. Pending cards: 270 target pause time: 200.00ms
[9.815s][trace][gc,ergo,cset  ] GC(45) Added young regions to CSet. Eden: 44 regions, Survivors: 7 regions, predicted eden time: 185.60ms, predicted base time: 23.56ms, target pause time: 200.00ms, remaining time: 0.00ms
[9.816s][debug][gc,ergo       ] GC(45) Running G1 Merge Heap Roots using 10 workers for 51 regions
[9.884s][debug][gc,ergo       ] GC(45) Running G1 Rebuild Free List Task using 10 workers for rebuilding free list of regions
[9.885s][debug][gc,ergo,heap  ] GC(45) Heap expansion: short term pause time ratio 13.71% long term pause time ratio 86.60% threshold 7.69% pause time ratio 7.69% fully expanded true resize by 0B
[9.885s][debug][gc,ergo,refine] GC(45) Concurrent refinement times: Logged Cards Scan time goal: 20.00ms Logged Cards Scan time: 0.19ms HCC time: 0.00ms
[9.885s][trace][gc,ergo,refine] GC(45) Updating Refinement Zones: logged cards scan time: 0.187ms, processed cards: 245, goal time: 19.999ms
[9.885s][debug][gc,ergo,refine] GC(45) Updated Refinement Zones: green: 2560, yellow: 7680, red: 12800
[9.885s][info ][gc,phases     ] GC(45)   Pre Evacuate Collection Set: 0.4ms
[9.885s][info ][gc,phases     ] GC(45)   Merge Heap Roots: 0.3ms
[9.885s][info ][gc,phases     ] GC(45)   Evacuate Collection Set: 52.6ms
[9.885s][info ][gc,phases     ] GC(45)   Post Evacuate Collection Set: 15.2ms
[9.885s][info ][gc,phases     ] GC(45)   Other: 1.9ms
[9.885s][info ][gc,heap       ] GC(45) Eden regions: 44->0(44)
[9.885s][info ][gc,heap       ] GC(45) Survivor regions: 7->7(7)
[9.885s][info ][gc,heap       ] GC(45) Old regions: 177->220
[9.885s][info ][gc,heap       ] GC(45) Archive regions: 2->2
[9.885s][info ][gc,heap       ] GC(45) Humongous regions: 0->0
[9.885s][info ][gc,metaspace  ] GC(45) Metaspace: 557K(704K)->557K(704K) NonClass: 520K(576K)->520K(576K) Class: 37K(128K)->37K(128K)
[9.886s][debug][gc,heap       ] GC(45) Heap after GC invocations=46 (full 0):
[9.886s][debug][gc,heap       ] GC(45)  garbage-first heap   total 1048576K, used 233266K [0x00000000c0000000, 0x0000000100000000)
[9.886s][debug][gc,heap       ] GC(45)   region size 1024K, 7 young (7168K), 7 survivors (7168K)
[9.886s][debug][gc,heap       ] GC(45)  Metaspace       used 557K, committed 704K, reserved 1114112K
[9.886s][debug][gc,heap       ] GC(45)   class space    used 37K, committed 128K, reserved 1048576K
[9.886s][info ][gc            ] GC(45) Pause Young (Prepare Mixed) (G1 Evacuation Pause) 228M->227M(1024M) 70.512ms
[9.886s][info ][gc,cpu        ] GC(45) User=0.22s Sys=0.01s Real=0.07s
[9.918s][debug][gc,heap       ] GC(46) Heap before GC invocations=46 (full 0):
[9.918s][debug][gc,heap       ] GC(46)  garbage-first heap   total 1048576K, used 277298K [0x00000000c0000000, 0x0000000100000000)
[9.918s][debug][gc,heap       ] GC(46)   region size 1024K, 51 young (52224K), 7 survivors (7168K)
[9.918s][debug][gc,heap       ] GC(46)  Metaspace       used 557K, committed 704K, reserved 1114112K
[9.918s][debug][gc,heap       ] GC(46)   class space    used 37K, committed 128K, reserved 1048576K
[9.919s][info ][gc,start      ] GC(46) Pause Young (Mixed) (G1 Evacuation Pause)
[9.919s][info ][gc,task       ] GC(46) Using 10 workers of 10 for evacuation
[9.919s][trace][gc,ergo,cset  ] GC(46) Start choosing CSet. Pending cards: 282 target pause time: 200.00ms
[9.919s][trace][gc,ergo,cset  ] GC(46) Added young regions to CSet. Eden: 44 regions, Survivors: 7 regions, predicted eden time: 157.60ms, predicted base time: 21.89ms, target pause time: 200.00ms, remaining time: 20.51ms
[9.919s][debug][gc,ergo,cset  ] GC(46) Start adding old regions to collection set. Min 3 regions, max 103 regions, time remaining 20.51ms, optional threshold 4.10ms
[9.919s][debug][gc,ergo,cset  ] GC(46) Finish adding old regions to collection set (Predicted time too high).
[9.919s][debug][gc,ergo,cset  ] GC(46) Finish choosing collection set old regions. Initial: 10, optional: 3, predicted old time: 0.00ms, predicted optional time: 4.63ms, time remaining: 0.00
[9.920s][debug][gc,ergo       ] GC(46) Running G1 Merge Heap Roots using 10 workers for 61 regions
[9.967s][debug][gc,ergo,cset  ] GC(46) Prepared 3 regions out of 3 for optional evacuation. Predicted time: 4.635ms
[9.967s][debug][gc,ergo       ] GC(46) Running G1 Merge Heap Roots using 3 workers for 3 regions
[9.983s][debug][gc,ergo       ] GC(46) Running G1 Rebuild Free List Task using 10 workers for rebuilding free list of regions
[9.984s][debug][gc,ergo,heap  ] GC(46) Heap expansion: short term pause time ratio 77.22% long term pause time ratio 88.94% threshold 7.69% pause time ratio 7.69% fully expanded true resize by 0B
[9.984s][debug][gc,ergo,refine] GC(46) Concurrent refinement times: Logged Cards Scan time goal: 20.00ms Logged Cards Scan time: 0.52ms HCC time: 0.00ms
[9.984s][trace][gc,ergo,refine] GC(46) Updating Refinement Zones: logged cards scan time: 0.520ms, processed cards: 257, goal time: 19.998ms
[9.984s][debug][gc,ergo,refine] GC(46) Updated Refinement Zones: green: 2560, yellow: 7680, red: 12800
[9.984s][info ][gc,phases     ] GC(46)   Pre Evacuate Collection Set: 0.4ms
[9.984s][info ][gc,phases     ] GC(46)   Merge Heap Roots: 0.3ms
[9.985s][info ][gc,phases     ] GC(46)   Evacuate Collection Set: 46.4ms
[9.985s][info ][gc,phases     ] GC(46)   Merge Optional Heap Roots: 0.2ms
[9.985s][info ][gc,phases     ] GC(46)   Evacuate Optional Collection Set: 0.7ms
[9.985s][info ][gc,phases     ] GC(46)   Post Evacuate Collection Set: 15.7ms
[9.985s][info ][gc,phases     ] GC(46)   Other: 2.5ms
[9.985s][info ][gc,heap       ] GC(46) Eden regions: 44->0(44)
[9.985s][info ][gc,heap       ] GC(46) Survivor regions: 7->7(7)
[9.985s][info ][gc,heap       ] GC(46) Old regions: 220->250
[9.985s][info ][gc,heap       ] GC(46) Archive regions: 2->2
[9.985s][info ][gc,heap       ] GC(46) Humongous regions: 0->0
[9.985s][info ][gc,metaspace  ] GC(46) Metaspace: 557K(704K)->557K(704K) NonClass: 520K(576K)->520K(576K) Class: 37K(128K)->37K(128K)
[9.985s][debug][gc,heap       ] GC(46) Heap after GC invocations=47 (full 0):
[9.985s][debug][gc,heap       ] GC(46)  garbage-first heap   total 1048576K, used 263990K [0x00000000c0000000, 0x0000000100000000)
[9.985s][debug][gc,heap       ] GC(46)   region size 1024K, 7 young (7168K), 7 survivors (7168K)
[9.985s][debug][gc,heap       ] GC(46)  Metaspace       used 557K, committed 704K, reserved 1114112K
[9.985s][debug][gc,heap       ] GC(46)   class space    used 37K, committed 128K, reserved 1048576K
[9.985s][info ][gc            ] GC(46) Pause Young (Mixed) (G1 Evacuation Pause) 271M->257M(1024M) 66.072ms
[9.985s][info ][gc,cpu        ] GC(46) User=0.31s Sys=0.08s Real=0.06s
[10.015s][debug][gc,heap       ] GC(47) Heap before GC invocations=47 (full 0):
[10.016s][debug][gc,heap       ] GC(47)  garbage-first heap   total 1048576K, used 308022K [0x00000000c0000000, 0x0000000100000000)
[10.016s][debug][gc,heap       ] GC(47)   region size 1024K, 51 young (52224K), 7 survivors (7168K)
[10.016s][debug][gc,heap       ] GC(47)  Metaspace       used 557K, committed 704K, reserved 1114112K
[10.016s][debug][gc,heap       ] GC(47)   class space    used 37K, committed 128K, reserved 1048576K
[10.016s][info ][gc,start      ] GC(47) Pause Young (Mixed) (G1 Evacuation Pause)
[10.016s][info ][gc,task       ] GC(47) Using 10 workers of 10 for evacuation
[10.016s][trace][gc,ergo,cset  ] GC(47) Start choosing CSet. Pending cards: 280 target pause time: 200.00ms
[10.017s][trace][gc,ergo,cset  ] GC(47) Added young regions to CSet. Eden: 44 regions, Survivors: 7 regions, predicted eden time: 134.89ms, predicted base time: 21.02ms, target pause time: 200.00ms, remaining time: 44.09ms
[10.017s][debug][gc,ergo,cset  ] GC(47) Start adding old regions to collection set. Min 3 regions, max 103 regions, time remaining 44.09ms, optional threshold 8.82ms
[10.017s][debug][gc,ergo,cset  ] GC(47) Old candidate collection set empty.
[10.017s][debug][gc,ergo,cset  ] GC(47) Finish choosing collection set old regions. Initial: 3, optional: 0, predicted old time: 0.00ms, predicted optional time: 0.00ms, time remaining: 40.17
[10.017s][debug][gc,ergo       ] GC(47) Running G1 Merge Heap Roots using 10 workers for 54 regions
[10.079s][debug][gc,ergo       ] GC(47) Running G1 Rebuild Free List Task using 10 workers for rebuilding free list of regions
[10.082s][debug][gc,ergo,heap  ] GC(47) Heap expansion: short term pause time ratio 65.67% long term pause time ratio 90.07% threshold 7.69% pause time ratio 7.69% fully expanded true resize by 0B
[10.082s][debug][gc,ergo       ] GC(47) do not continue mixed GCs (candidate old regions not available)
[10.083s][debug][gc,ergo,refine] GC(47) Concurrent refinement times: Logged Cards Scan time goal: 20.00ms Logged Cards Scan time: 0.34ms HCC time: 0.00ms
[10.083s][trace][gc,ergo,refine] GC(47) Updating Refinement Zones: logged cards scan time: 0.337ms, processed cards: 263, goal time: 19.999ms
[10.083s][debug][gc,ergo,refine] GC(47) Updated Refinement Zones: green: 2560, yellow: 7680, red: 12800
[10.083s][info ][gc,phases     ] GC(47)   Pre Evacuate Collection Set: 0.5ms
[10.083s][info ][gc,phases     ] GC(47)   Merge Heap Roots: 0.3ms
[10.083s][info ][gc,phases     ] GC(47)   Evacuate Collection Set: 44.0ms
[10.083s][info ][gc,phases     ] GC(47)   Post Evacuate Collection Set: 20.5ms
[10.083s][info ][gc,phases     ] GC(47)   Other: 1.9ms
[10.083s][info ][gc,heap       ] GC(47) Eden regions: 44->0(62)
[10.083s][info ][gc,heap       ] GC(47) Survivor regions: 7->7(7)
[10.083s][info ][gc,heap       ] GC(47) Old regions: 250->290
[10.083s][info ][gc,heap       ] GC(47) Archive regions: 2->2
[10.083s][info ][gc,heap       ] GC(47) Humongous regions: 0->0
[10.083s][info ][gc,metaspace  ] GC(47) Metaspace: 557K(704K)->557K(704K) NonClass: 520K(576K)->520K(576K) Class: 37K(128K)->37K(128K)
[10.083s][debug][gc,heap       ] GC(47) Heap after GC invocations=48 (full 0):
[10.083s][debug][gc,heap       ] GC(47)  garbage-first heap   total 1048576K, used 304432K [0x00000000c0000000, 0x0000000100000000)
[10.083s][debug][gc,heap       ] GC(47)   region size 1024K, 7 young (7168K), 7 survivors (7168K)
[10.083s][debug][gc,heap       ] GC(47)  Metaspace       used 557K, committed 704K, reserved 1114112K
[10.083s][debug][gc,heap       ] GC(47)   class space    used 37K, committed 128K, reserved 1048576K
[10.084s][info ][gc            ] GC(47) Pause Young (Mixed) (G1 Evacuation Pause) 301M->297M(1024M) 67.215ms
[10.084s][info ][gc,cpu        ] GC(47) User=0.24s Sys=0.05s Real=0.07s
[10.114s][debug][gc,heap       ] GC(48) Heap before GC invocations=48 (full 0):
[10.114s][debug][gc,heap       ] GC(48)  garbage-first heap   total 1048576K, used 366896K [0x00000000c0000000, 0x0000000100000000)
[10.114s][debug][gc,heap       ] GC(48)   region size 1024K, 69 young (70656K), 7 survivors (7168K)
[10.114s][debug][gc,heap       ] GC(48)  Metaspace       used 557K, committed 704K, reserved 1114112K
[10.114s][debug][gc,heap       ] GC(48)   class space    used 37K, committed 128K, reserved 1048576K
[10.114s][info ][gc,start      ] GC(48) Pause Young (Normal) (G1 Evacuation Pause)
[10.114s][info ][gc,task       ] GC(48) Using 10 workers of 10 for evacuation
[10.115s][trace][gc,ergo,cset  ] GC(48) Start choosing CSet. Pending cards: 255 target pause time: 200.00ms
[10.115s][trace][gc,ergo,cset  ] GC(48) Added young regions to CSet. Eden: 62 regions, Survivors: 7 regions, predicted eden time: 162.95ms, predicted base time: 20.92ms, target pause time: 200.00ms, remaining time: 16.13ms
[10.115s][debug][gc,ergo       ] GC(48) Running G1 Merge Heap Roots using 10 workers for 69 regions
[10.185s][debug][gc,ergo       ] GC(48) Running G1 Rebuild Free List Task using 10 workers for rebuilding free list of regions
[10.186s][debug][gc,ergo,heap  ] GC(48) Heap expansion: short term pause time ratio 67.35% long term pause time ratio 87.98% threshold 7.69% pause time ratio 7.69% fully expanded true resize by 0B
[10.186s][debug][gc,ergo,refine] GC(48) Concurrent refinement times: Logged Cards Scan time goal: 20.00ms Logged Cards Scan time: 0.99ms HCC time: 0.00ms
[10.186s][trace][gc,ergo,refine] GC(48) Updating Refinement Zones: logged cards scan time: 0.987ms, processed cards: 230, goal time: 19.999ms
[10.186s][debug][gc,ergo,refine] GC(48) Updated Refinement Zones: green: 2560, yellow: 7680, red: 12800
[10.186s][info ][gc,phases     ] GC(48)   Pre Evacuate Collection Set: 0.5ms
[10.186s][info ][gc,phases     ] GC(48)   Merge Heap Roots: 2.1ms
[10.186s][info ][gc,phases     ] GC(48)   Evacuate Collection Set: 51.2ms
[10.186s][info ][gc,phases     ] GC(48)   Post Evacuate Collection Set: 17.5ms
[10.186s][info ][gc,phases     ] GC(48)   Other: 1.5ms
[10.186s][info ][gc,heap       ] GC(48) Eden regions: 62->0(72)
[10.186s][info ][gc,heap       ] GC(48) Survivor regions: 7->9(9)
[10.186s][info ][gc,heap       ] GC(48) Old regions: 290->345
[10.186s][info ][gc,heap       ] GC(48) Archive regions: 2->2
[10.186s][info ][gc,heap       ] GC(48) Humongous regions: 0->0
[10.186s][info ][gc,metaspace  ] GC(48) Metaspace: 557K(704K)->557K(704K) NonClass: 520K(576K)->520K(576K) Class: 37K(128K)->37K(128K)
[10.187s][debug][gc,heap       ] GC(48) Heap after GC invocations=49 (full 0):
[10.187s][debug][gc,heap       ] GC(48)  garbage-first heap   total 1048576K, used 363058K [0x00000000c0000000, 0x0000000100000000)
[10.187s][debug][gc,heap       ] GC(48)   region size 1024K, 9 young (9216K), 9 survivors (9216K)
[10.187s][debug][gc,heap       ] GC(48)  Metaspace       used 557K, committed 704K, reserved 1114112K
[10.187s][debug][gc,heap       ] GC(48)   class space    used 37K, committed 128K, reserved 1048576K
[10.187s][info ][gc            ] GC(48) Pause Young (Normal) (G1 Evacuation Pause) 359M->354M(1024M) 72.610ms
[10.188s][info ][gc,cpu        ] GC(48) User=0.27s Sys=0.06s Real=0.07s
[10.219s][debug][gc,heap       ] GC(49) Heap before GC invocations=49 (full 0):
[10.219s][debug][gc,heap       ] GC(49)  garbage-first heap   total 1048576K, used 435762K [0x00000000c0000000, 0x0000000100000000)
[10.219s][debug][gc,heap       ] GC(49)   region size 1024K, 81 young (82944K), 9 survivors (9216K)
[10.219s][debug][gc,heap       ] GC(49)  Metaspace       used 557K, committed 704K, reserved 1114112K
[10.219s][debug][gc,heap       ] GC(49)   class space    used 37K, committed 128K, reserved 1048576K
[10.219s][info ][gc,start      ] GC(49) Pause Young (Normal) (G1 Evacuation Pause)
[10.219s][info ][gc,task       ] GC(49) Using 10 workers of 10 for evacuation
[10.220s][trace][gc,ergo,cset  ] GC(49) Start choosing CSet. Pending cards: 268 target pause time: 200.00ms
[10.220s][trace][gc,ergo,cset  ] GC(49) Added young regions to CSet. Eden: 72 regions, Survivors: 9 regions, predicted eden time: 162.51ms, predicted base time: 21.09ms, target pause time: 200.00ms, remaining time: 16.39ms
[10.220s][debug][gc,ergo       ] GC(49) Running G1 Merge Heap Roots using 10 workers for 81 regions
[10.291s][debug][gc,ergo       ] GC(49) Running G1 Rebuild Free List Task using 10 workers for rebuilding free list of regions
[10.292s][debug][gc,ergo,heap  ] GC(49) Heap expansion: short term pause time ratio 69.14% long term pause time ratio 76.80% threshold 7.69% pause time ratio 7.69% fully expanded true resize by 0B
[10.292s][debug][gc,ergo,refine] GC(49) Concurrent refinement times: Logged Cards Scan time goal: 20.00ms Logged Cards Scan time: 0.21ms HCC time: 0.00ms
[10.292s][trace][gc,ergo,refine] GC(49) Updating Refinement Zones: logged cards scan time: 0.214ms, processed cards: 235, goal time: 19.999ms
[10.292s][debug][gc,ergo,refine] GC(49) Updated Refinement Zones: green: 2560, yellow: 7680, red: 12800
[10.292s][info ][gc,phases     ] GC(49)   Pre Evacuate Collection Set: 0.3ms
[10.292s][info ][gc,phases     ] GC(49)   Merge Heap Roots: 0.2ms
[10.292s][info ][gc,phases     ] GC(49)   Evacuate Collection Set: 53.7ms
[10.292s][info ][gc,phases     ] GC(49)   Post Evacuate Collection Set: 17.5ms
[10.292s][info ][gc,phases     ] GC(49)   Other: 1.6ms
[10.292s][info ][gc,heap       ] GC(49) Eden regions: 72->0(86)
[10.292s][info ][gc,heap       ] GC(49) Survivor regions: 9->11(11)
[10.292s][info ][gc,heap       ] GC(49) Old regions: 345->404
[10.292s][info ][gc,heap       ] GC(49) Archive regions: 2->2
[10.292s][info ][gc,heap       ] GC(49) Humongous regions: 0->0
[10.292s][info ][gc,metaspace  ] GC(49) Metaspace: 557K(704K)->557K(704K) NonClass: 520K(576K)->520K(576K) Class: 37K(128K)->37K(128K)
[10.293s][debug][gc,heap       ] GC(49) Heap after GC invocations=50 (full 0):
[10.293s][debug][gc,heap       ] GC(49)  garbage-first heap   total 1048576K, used 425520K [0x00000000c0000000, 0x0000000100000000)
[10.293s][debug][gc,heap       ] GC(49)   region size 1024K, 11 young (11264K), 11 survivors (11264K)
[10.293s][debug][gc,heap       ] GC(49)  Metaspace       used 557K, committed 704K, reserved 1114112K
[10.293s][debug][gc,heap       ] GC(49)   class space    used 37K, committed 128K, reserved 1048576K
[10.293s][info ][gc            ] GC(49) Pause Young (Normal) (G1 Evacuation Pause) 426M->415M(1024M) 73.564ms
[10.293s][info ][gc,cpu        ] GC(49) User=0.28s Sys=0.00s Real=0.07s
[10.337s][debug][gc,heap       ] GC(50) Heap before GC invocations=50 (full 0):
[10.338s][debug][gc,heap       ] GC(50)  garbage-first heap   total 1048576K, used 512560K [0x00000000c0000000, 0x0000000100000000)
[10.338s][debug][gc,heap       ] GC(50)   region size 1024K, 97 young (99328K), 11 survivors (11264K)
[10.338s][debug][gc,heap       ] GC(50)  Metaspace       used 557K, committed 704K, reserved 1114112K
[10.338s][debug][gc,heap       ] GC(50)   class space    used 37K, committed 128K, reserved 1048576K
[10.338s][info ][gc,start      ] GC(50) Pause Young (Normal) (G1 Evacuation Pause)
[10.338s][info ][gc,task       ] GC(50) Using 10 workers of 10 for evacuation
[10.339s][trace][gc,ergo,cset  ] GC(50) Start choosing CSet. Pending cards: 269 target pause time: 200.00ms
[10.339s][trace][gc,ergo,cset  ] GC(50) Added young regions to CSet. Eden: 86 regions, Survivors: 11 regions, predicted eden time: 163.80ms, predicted base time: 20.32ms, target pause time: 200.00ms, remaining time: 15.88ms
[10.339s][debug][gc,ergo       ] GC(50) Running G1 Merge Heap Roots using 10 workers for 97 regions
[10.408s][debug][gc,ergo       ] GC(50) Running G1 Rebuild Free List Task using 10 workers for rebuilding free list of regions
[10.409s][debug][gc,ergo,heap  ] GC(50) Heap expansion: short term pause time ratio 68.54% long term pause time ratio 74.76% threshold 7.69% pause time ratio 7.69% fully expanded true resize by 0B
[10.409s][debug][gc,ergo,refine] GC(50) Concurrent refinement times: Logged Cards Scan time goal: 20.00ms Logged Cards Scan time: 0.24ms HCC time: 0.00ms
[10.409s][trace][gc,ergo,refine] GC(50) Updating Refinement Zones: logged cards scan time: 0.236ms, processed cards: 244, goal time: 19.999ms
[10.409s][debug][gc,ergo,refine] GC(50) Updated Refinement Zones: green: 2560, yellow: 7680, red: 12800
[10.409s][info ][gc,phases     ] GC(50)   Pre Evacuate Collection Set: 0.5ms
[10.409s][info ][gc,phases     ] GC(50)   Merge Heap Roots: 0.4ms
[10.409s][info ][gc,phases     ] GC(50)   Evacuate Collection Set: 48.7ms
[10.409s][info ][gc,phases     ] GC(50)   Post Evacuate Collection Set: 20.0ms
[10.409s][info ][gc,phases     ] GC(50)   Other: 1.6ms
[10.409s][info ][gc,heap       ] GC(50) Eden regions: 86->0(101)
[10.409s][info ][gc,heap       ] GC(50) Survivor regions: 11->13(13)
[10.409s][info ][gc,heap       ] GC(50) Old regions: 404->467
[10.409s][info ][gc,heap       ] GC(50) Archive regions: 2->2
[10.409s][info ][gc,heap       ] GC(50) Humongous regions: 0->0
[10.409s][info ][gc,metaspace  ] GC(50) Metaspace: 557K(704K)->557K(704K) NonClass: 520K(576K)->520K(576K) Class: 37K(128K)->37K(128K)
[10.409s][debug][gc,heap       ] GC(50) Heap after GC invocations=51 (full 0):
[10.409s][debug][gc,heap       ] GC(50)  garbage-first heap   total 1048576K, used 491568K [0x00000000c0000000, 0x0000000100000000)
[10.409s][debug][gc,heap       ] GC(50)   region size 1024K, 13 young (13312K), 13 survivors (13312K)
[10.409s][debug][gc,heap       ] GC(50)  Metaspace       used 557K, committed 704K, reserved 1114112K
[10.409s][debug][gc,heap       ] GC(50)   class space    used 37K, committed 128K, reserved 1048576K
[10.409s][info ][gc            ] GC(50) Pause Young (Normal) (G1 Evacuation Pause) 501M->480M(1024M) 70.654ms
[10.409s][info ][gc,cpu        ] GC(50) User=0.34s Sys=0.01s Real=0.08s
[10.425s][debug][gc,heap       ] GC(51) Heap before GC invocations=51 (full 0):
[10.425s][debug][gc,heap       ] GC(51)  garbage-first heap   total 1048576K, used 593968K [0x00000000c0000000, 0x0000000100000000)
[10.425s][debug][gc,heap       ] GC(51)   region size 1024K, 114 young (116736K), 13 survivors (13312K)
[10.425s][debug][gc,heap       ] GC(51)  Metaspace       used 557K, committed 704K, reserved 1114112K
[10.425s][debug][gc,heap       ] GC(51)   class space    used 37K, committed 128K, reserved 1048576K
[10.426s][info ][gc,start      ] GC(51) Pause Young (Normal) (G1 Evacuation Pause)
[10.426s][info ][gc,task       ] GC(51) Using 10 workers of 10 for evacuation
[10.426s][trace][gc,ergo,cset  ] GC(51) Start choosing CSet. Pending cards: 242 target pause time: 200.00ms
[10.426s][trace][gc,ergo,cset  ] GC(51) Added young regions to CSet. Eden: 101 regions, Survivors: 13 regions, predicted eden time: 163.74ms, predicted base time: 20.84ms, target pause time: 200.00ms, remaining time: 15.42ms
[10.426s][debug][gc,ergo       ] GC(51) Running G1 Merge Heap Roots using 10 workers for 114 regions
[10.486s][debug][gc,ergo       ] GC(51) Running G1 Rebuild Free List Task using 10 workers for rebuilding free list of regions
[10.487s][debug][gc,ergo,heap  ] GC(51) Heap expansion: short term pause time ratio 60.25% long term pause time ratio 72.89% threshold 7.69% pause time ratio 7.69% fully expanded true resize by 0B
[10.487s][debug][gc,ergo,refine] GC(51) Concurrent refinement times: Logged Cards Scan time goal: 20.00ms Logged Cards Scan time: 0.16ms HCC time: 0.00ms
[10.487s][trace][gc,ergo,refine] GC(51) Updating Refinement Zones: logged cards scan time: 0.156ms, processed cards: 217, goal time: 19.999ms
[10.487s][debug][gc,ergo,refine] GC(51) Updated Refinement Zones: green: 2560, yellow: 7680, red: 12800
[10.487s][info ][gc,phases     ] GC(51)   Pre Evacuate Collection Set: 0.3ms
[10.487s][info ][gc,phases     ] GC(51)   Merge Heap Roots: 0.2ms
[10.487s][info ][gc,phases     ] GC(51)   Evacuate Collection Set: 39.2ms
[10.487s][info ][gc,phases     ] GC(51)   Post Evacuate Collection Set: 20.8ms
[10.487s][info ][gc,phases     ] GC(51)   Other: 0.9ms
[10.487s][info ][gc,heap       ] GC(51) Eden regions: 101->0(121)
[10.487s][info ][gc,heap       ] GC(51) Survivor regions: 13->15(15)
[10.487s][info ][gc,heap       ] GC(51) Old regions: 467->536
[10.487s][info ][gc,heap       ] GC(51) Archive regions: 2->2
[10.487s][info ][gc,heap       ] GC(51) Humongous regions: 0->0
[10.487s][info ][gc,metaspace  ] GC(51) Metaspace: 557K(704K)->557K(704K) NonClass: 520K(576K)->520K(576K) Class: 37K(128K)->37K(128K)
[10.487s][debug][gc,heap       ] GC(51) Heap after GC invocations=52 (full 0):
[10.487s][debug][gc,heap       ] GC(51)  garbage-first heap   total 1048576K, used 564784K [0x00000000c0000000, 0x0000000100000000)
[10.487s][debug][gc,heap       ] GC(51)   region size 1024K, 15 young (15360K), 15 survivors (15360K)
[10.487s][debug][gc,heap       ] GC(51)  Metaspace       used 557K, committed 704K, reserved 1114112K
[10.487s][debug][gc,heap       ] GC(51)   class space    used 37K, committed 128K, reserved 1048576K
[10.487s][info ][gc            ] GC(51) Pause Young (Normal) (G1 Evacuation Pause) 580M->551M(1024M) 61.175ms
[10.487s][info ][gc,cpu        ] GC(51) User=0.27s Sys=0.01s Real=0.06s
[10.537s][debug][gc,heap       ] GC(52) Heap before GC invocations=52 (full 0):
[10.537s][debug][gc,heap       ] GC(52)  garbage-first heap   total 1048576K, used 687664K [0x00000000c0000000, 0x0000000100000000)
[10.537s][debug][gc,heap       ] GC(52)   region size 1024K, 136 young (139264K), 15 survivors (15360K)
[10.537s][debug][gc,heap       ] GC(52)  Metaspace       used 557K, committed 704K, reserved 1114112K
[10.537s][debug][gc,heap       ] GC(52)   class space    used 37K, committed 128K, reserved 1048576K
[10.537s][info ][gc,start      ] GC(52) Pause Young (Normal) (G1 Evacuation Pause)
[10.537s][info ][gc,task       ] GC(52) Using 10 workers of 10 for evacuation
[10.538s][trace][gc,ergo,cset  ] GC(52) Start choosing CSet. Pending cards: 221 target pause time: 200.00ms
[10.538s][trace][gc,ergo,cset  ] GC(52) Added young regions to CSet. Eden: 121 regions, Survivors: 15 regions, predicted eden time: 163.78ms, predicted base time: 21.32ms, target pause time: 200.00ms, remaining time: 14.91ms
[10.538s][debug][gc,ergo       ] GC(52) Running G1 Merge Heap Roots using 10 workers for 136 regions
[10.629s][debug][gc,ergo       ] GC(52) Running G1 Rebuild Free List Task using 10 workers for rebuilding free list of regions
[10.630s][debug][gc,ergo,heap  ] GC(52) Heap expansion: short term pause time ratio 77.97% long term pause time ratio 73.09% threshold 7.69% pause time ratio 7.69% fully expanded true resize by 0B
[10.630s][debug][gc,ergo,refine] GC(52) Concurrent refinement times: Logged Cards Scan time goal: 20.00ms Logged Cards Scan time: 0.15ms HCC time: 0.00ms
[10.630s][trace][gc,ergo,refine] GC(52) Updating Refinement Zones: logged cards scan time: 0.153ms, processed cards: 188, goal time: 19.999ms
[10.630s][debug][gc,ergo,refine] GC(52) Updated Refinement Zones: green: 2560, yellow: 7680, red: 12800
[10.630s][info ][gc,phases     ] GC(52)   Pre Evacuate Collection Set: 0.4ms
[10.630s][info ][gc,phases     ] GC(52)   Merge Heap Roots: 0.3ms
[10.630s][info ][gc,phases     ] GC(52)   Evacuate Collection Set: 57.9ms
[10.630s][info ][gc,phases     ] GC(52)   Post Evacuate Collection Set: 33.3ms
[10.630s][info ][gc,phases     ] GC(52)   Other: 1.7ms
[10.630s][info ][gc,heap       ] GC(52) Eden regions: 121->0(111)
[10.630s][info ][gc,heap       ] GC(52) Survivor regions: 15->17(17)
[10.630s][info ][gc,heap       ] GC(52) Old regions: 536->610
[10.630s][info ][gc,heap       ] GC(52) Archive regions: 2->2
[10.630s][info ][gc,heap       ] GC(52) Humongous regions: 0->0
[10.630s][info ][gc,metaspace  ] GC(52) Metaspace: 557K(704K)->557K(704K) NonClass: 520K(576K)->520K(576K) Class: 37K(128K)->37K(128K)
[10.630s][debug][gc,heap       ] GC(52) Heap after GC invocations=53 (full 0):
[10.631s][debug][gc,heap       ] GC(52)  garbage-first heap   total 1048576K, used 642482K [0x00000000c0000000, 0x0000000100000000)
[10.631s][debug][gc,heap       ] GC(52)   region size 1024K, 17 young (17408K), 17 survivors (17408K)
[10.631s][debug][gc,heap       ] GC(52)  Metaspace       used 557K, committed 704K, reserved 1114112K
[10.631s][debug][gc,heap       ] GC(52)   class space    used 37K, committed 128K, reserved 1048576K
[10.631s][info ][gc            ] GC(52) Pause Young (Normal) (G1 Evacuation Pause) 672M->627M(1024M) 93.218ms
[10.631s][info ][gc,cpu        ] GC(52) User=0.44s Sys=0.03s Real=0.10s
[10.685s][debug][gc,heap       ] GC(53) Heap before GC invocations=53 (full 0):
[10.685s][debug][gc,heap       ] GC(53)  garbage-first heap   total 1048576K, used 755122K [0x00000000c0000000, 0x0000000100000000)
[10.685s][debug][gc,heap       ] GC(53)   region size 1024K, 128 young (131072K), 17 survivors (17408K)
[10.685s][debug][gc,heap       ] GC(53)  Metaspace       used 557K, committed 704K, reserved 1114112K
[10.685s][debug][gc,heap       ] GC(53)   class space    used 37K, committed 128K, reserved 1048576K
[10.686s][info ][gc,start      ] GC(53) Pause Young (Normal) (G1 Evacuation Pause)
[10.686s][info ][gc,task       ] GC(53) Using 10 workers of 10 for evacuation
[10.686s][trace][gc,ergo,cset  ] GC(53) Start choosing CSet. Pending cards: 233 target pause time: 200.00ms
[10.686s][trace][gc,ergo,cset  ] GC(53) Added young regions to CSet. Eden: 111 regions, Survivors: 17 regions, predicted eden time: 136.75ms, predicted base time: 27.57ms, target pause time: 200.00ms, remaining time: 35.68ms
[10.687s][debug][gc,ergo       ] GC(53) Running G1 Merge Heap Roots using 10 workers for 128 regions
[10.770s][debug][gc,ergo       ] GC(53) Running G1 Rebuild Free List Task using 10 workers for rebuilding free list of regions
[10.770s][debug][gc,ergo,heap  ] GC(53) Heap expansion: short term pause time ratio 64.52% long term pause time ratio 71.65% threshold 7.69% pause time ratio 7.69% fully expanded true resize by 0B
[10.770s][debug][gc,ergo,refine] GC(53) Concurrent refinement times: Logged Cards Scan time goal: 20.00ms Logged Cards Scan time: 0.17ms HCC time: 0.00ms
[10.770s][trace][gc,ergo,refine] GC(53) Updating Refinement Zones: logged cards scan time: 0.172ms, processed cards: 208, goal time: 19.999ms
[10.770s][debug][gc,ergo,refine] GC(53) Updated Refinement Zones: green: 2560, yellow: 7680, red: 12800
[10.770s][info ][gc,phases     ] GC(53)   Pre Evacuate Collection Set: 0.4ms
[10.770s][info ][gc,phases     ] GC(53)   Merge Heap Roots: 0.3ms
[10.770s][info ][gc,phases     ] GC(53)   Evacuate Collection Set: 58.1ms
[10.770s][info ][gc,phases     ] GC(53)   Post Evacuate Collection Set: 24.6ms
[10.770s][info ][gc,phases     ] GC(53)   Other: 2.0ms
[10.770s][info ][gc,heap       ] GC(53) Eden regions: 111->0(80)
[10.770s][info ][gc,heap       ] GC(53) Survivor regions: 17->16(16)
[10.770s][info ][gc,heap       ] GC(53) Old regions: 610->683
[10.770s][info ][gc,heap       ] GC(53) Archive regions: 2->2
[10.770s][info ][gc,heap       ] GC(53) Humongous regions: 0->0
[10.770s][info ][gc,metaspace  ] GC(53) Metaspace: 557K(704K)->557K(704K) NonClass: 520K(576K)->520K(576K) Class: 37K(128K)->37K(128K)
[10.771s][debug][gc,heap       ] GC(53) Heap after GC invocations=54 (full 0):
[10.771s][debug][gc,heap       ] GC(53)  garbage-first heap   total 1048576K, used 716336K [0x00000000c0000000, 0x0000000100000000)
[10.771s][debug][gc,heap       ] GC(53)   region size 1024K, 16 young (16384K), 16 survivors (16384K)
[10.771s][debug][gc,heap       ] GC(53)  Metaspace       used 557K, committed 704K, reserved 1114112K
[10.771s][debug][gc,heap       ] GC(53)   class space    used 37K, committed 128K, reserved 1048576K
[10.771s][info ][gc            ] GC(53) Pause Young (Normal) (G1 Evacuation Pause) 738M->699M(1024M) 84.675ms
[10.771s][info ][gc,cpu        ] GC(53) User=0.29s Sys=0.06s Real=0.09s
[10.798s][debug][gc,heap       ] GC(54) Heap before GC invocations=54 (full 0):
[10.798s][debug][gc,heap       ] GC(54)  garbage-first heap   total 1048576K, used 797232K [0x00000000c0000000, 0x0000000100000000)
[10.798s][debug][gc,heap       ] GC(54)   region size 1024K, 96 young (98304K), 16 survivors (16384K)
[10.798s][debug][gc,heap       ] GC(54)  Metaspace       used 557K, committed 704K, reserved 1114112K
[10.798s][debug][gc,heap       ] GC(54)   class space    used 37K, committed 128K, reserved 1048576K
[10.799s][info ][gc,start      ] GC(54) Pause Young (Normal) (G1 Evacuation Pause)
[10.799s][info ][gc,task       ] GC(54) Using 10 workers of 10 for evacuation
[10.799s][trace][gc,ergo,cset  ] GC(54) Start choosing CSet. Pending cards: 240 target pause time: 200.00ms
[10.799s][trace][gc,ergo,cset  ] GC(54) Added young regions to CSet. Eden: 80 regions, Survivors: 16 regions, predicted eden time: 97.20ms, predicted base time: 27.45ms, target pause time: 200.00ms, remaining time: 75.35ms
[10.800s][debug][gc,ergo       ] GC(54) Running G1 Merge Heap Roots using 10 workers for 96 regions
[10.872s][debug][gc,ergo       ] GC(54) Running G1 Rebuild Free List Task using 10 workers for rebuilding free list of regions
[10.874s][debug][gc,ergo,heap  ] GC(54) Heap expansion: short term pause time ratio 59.92% long term pause time ratio 66.32% threshold 7.69% pause time ratio 7.69% fully expanded true resize by 0B
[10.874s][debug][gc,ergo,refine] GC(54) Concurrent refinement times: Logged Cards Scan time goal: 20.00ms Logged Cards Scan time: 0.22ms HCC time: 0.00ms
[10.874s][trace][gc,ergo,refine] GC(54) Updating Refinement Zones: logged cards scan time: 0.220ms, processed cards: 223, goal time: 19.999ms
[10.874s][debug][gc,ergo,refine] GC(54) Updated Refinement Zones: green: 2560, yellow: 7680, red: 12800
[10.874s][info ][gc,phases     ] GC(54)   Pre Evacuate Collection Set: 0.6ms
[10.874s][info ][gc,phases     ] GC(54)   Merge Heap Roots: 0.3ms
[10.874s][info ][gc,phases     ] GC(54)   Evacuate Collection Set: 52.9ms
[10.874s][info ][gc,phases     ] GC(54)   Post Evacuate Collection Set: 20.3ms
[10.874s][info ][gc,phases     ] GC(54)   Other: 2.3ms
[10.874s][info ][gc,heap       ] GC(54) Eden regions: 80->0(53)
[10.874s][info ][gc,heap       ] GC(54) Survivor regions: 16->12(12)
[10.874s][info ][gc,heap       ] GC(54) Old regions: 683->747
[10.874s][info ][gc,heap       ] GC(54) Archive regions: 2->2
[10.874s][info ][gc,heap       ] GC(54) Humongous regions: 0->0
[10.874s][info ][gc,metaspace  ] GC(54) Metaspace: 557K(704K)->557K(704K) NonClass: 520K(576K)->520K(576K) Class: 37K(128K)->37K(128K)
[10.875s][debug][gc,heap       ] GC(54) Heap after GC invocations=55 (full 0):
[10.875s][debug][gc,heap       ] GC(54)  garbage-first heap   total 1048576K, used 777778K [0x00000000c0000000, 0x0000000100000000)
[10.875s][debug][gc,heap       ] GC(54)   region size 1024K, 12 young (12288K), 12 survivors (12288K)
[10.875s][debug][gc,heap       ] GC(54)  Metaspace       used 557K, committed 704K, reserved 1114112K
[10.875s][debug][gc,heap       ] GC(54)   class space    used 37K, committed 128K, reserved 1048576K
[10.875s][info ][gc            ] GC(54) Pause Young (Normal) (G1 Evacuation Pause) 779M->759M(1024M) 76.227ms
[10.875s][info ][gc,cpu        ] GC(54) User=0.25s Sys=0.04s Real=0.08s
[10.894s][debug][gc,heap       ] GC(55) Heap before GC invocations=55 (full 0):
[10.894s][debug][gc,heap       ] GC(55)  garbage-first heap   total 1048576K, used 831026K [0x00000000c0000000, 0x0000000100000000)
[10.894s][debug][gc,heap       ] GC(55)   region size 1024K, 65 young (66560K), 12 survivors (12288K)
[10.894s][debug][gc,heap       ] GC(55)  Metaspace       used 557K, committed 704K, reserved 1114112K
[10.894s][debug][gc,heap       ] GC(55)   class space    used 37K, committed 128K, reserved 1048576K
[10.895s][info ][gc,start      ] GC(55) Pause Young (Normal) (G1 Evacuation Pause)
[10.895s][info ][gc,task       ] GC(55) Using 10 workers of 10 for evacuation
[10.895s][trace][gc,ergo,cset  ] GC(55) Start choosing CSet. Pending cards: 244 target pause time: 200.00ms
[10.895s][trace][gc,ergo,cset  ] GC(55) Added young regions to CSet. Eden: 53 regions, Survivors: 12 regions, predicted eden time: 65.95ms, predicted base time: 26.07ms, target pause time: 200.00ms, remaining time: 107.98ms
[10.895s][debug][gc,ergo       ] GC(55) Running G1 Merge Heap Roots using 10 workers for 65 regions
[10.947s][debug][gc,ergo       ] GC(55) Running G1 Rebuild Free List Task using 10 workers for rebuilding free list of regions
[10.947s][debug][gc,ergo,heap  ] GC(55) Heap expansion: short term pause time ratio 72.35% long term pause time ratio 67.45% threshold 7.69% pause time ratio 7.69% fully expanded true resize by 0B
[10.948s][debug][gc,ergo,refine] GC(55) Concurrent refinement times: Logged Cards Scan time goal: 20.00ms Logged Cards Scan time: 0.29ms HCC time: 0.00ms
[10.948s][trace][gc,ergo,refine] GC(55) Updating Refinement Zones: logged cards scan time: 0.288ms, processed cards: 219, goal time: 19.999ms
[10.948s][debug][gc,ergo,refine] GC(55) Updated Refinement Zones: green: 2560, yellow: 7680, red: 12800
[10.948s][info ][gc,phases     ] GC(55)   Pre Evacuate Collection Set: 0.4ms
[10.948s][info ][gc,phases     ] GC(55)   Merge Heap Roots: 0.3ms
[10.948s][info ][gc,phases     ] GC(55)   Evacuate Collection Set: 37.9ms
[10.948s][info ][gc,phases     ] GC(55)   Post Evacuate Collection Set: 13.7ms
[10.948s][info ][gc,phases     ] GC(55)   Other: 1.9ms
[10.948s][info ][gc,heap       ] GC(55) Eden regions: 53->0(42)
[10.948s][info ][gc,heap       ] GC(55) Survivor regions: 12->9(9)
[10.948s][info ][gc,heap       ] GC(55) Old regions: 747->799
[10.948s][info ][gc,heap       ] GC(55) Archive regions: 2->2
[10.948s][info ][gc,heap       ] GC(55) Humongous regions: 0->0
[10.948s][info ][gc,metaspace  ] GC(55) Metaspace: 557K(704K)->557K(704K) NonClass: 520K(576K)->520K(576K) Class: 37K(128K)->37K(128K)
[10.948s][debug][gc,heap       ] GC(55) Heap after GC invocations=56 (full 0):
[10.948s][debug][gc,heap       ] GC(55)  garbage-first heap   total 1048576K, used 828208K [0x00000000c0000000, 0x0000000100000000)
[10.948s][debug][gc,heap       ] GC(55)   region size 1024K, 9 young (9216K), 9 survivors (9216K)
[10.948s][debug][gc,heap       ] GC(55)  Metaspace       used 557K, committed 704K, reserved 1114112K
[10.948s][debug][gc,heap       ] GC(55)   class space    used 37K, committed 128K, reserved 1048576K
[10.948s][info ][gc            ] GC(55) Pause Young (Normal) (G1 Evacuation Pause) 812M->808M(1024M) 53.778ms
[10.948s][info ][gc,cpu        ] GC(55) User=0.18s Sys=0.04s Real=0.05s
[10.960s][debug][gc,heap       ] GC(56) Heap before GC invocations=56 (full 0):
[10.960s][debug][gc,heap       ] GC(56)  garbage-first heap   total 1048576K, used 870192K [0x00000000c0000000, 0x0000000100000000)
[10.961s][debug][gc,heap       ] GC(56)   region size 1024K, 51 young (52224K), 9 survivors (9216K)
[10.961s][debug][gc,heap       ] GC(56)  Metaspace       used 557K, committed 704K, reserved 1114112K
[10.961s][debug][gc,heap       ] GC(56)   class space    used 37K, committed 128K, reserved 1048576K
[10.961s][info ][gc,start      ] GC(56) Pause Young (Normal) (G1 Evacuation Pause)
[10.961s][info ][gc,task       ] GC(56) Using 10 workers of 10 for evacuation
[10.961s][trace][gc,ergo,cset  ] GC(56) Start choosing CSet. Pending cards: 274 target pause time: 200.00ms
[10.961s][trace][gc,ergo,cset  ] GC(56) Added young regions to CSet. Eden: 42 regions, Survivors: 9 regions, predicted eden time: 48.68ms, predicted base time: 23.77ms, target pause time: 200.00ms, remaining time: 127.55ms
[10.962s][debug][gc,ergo       ] GC(56) Running G1 Merge Heap Roots using 10 workers for 51 regions
[11.010s][debug][gc,ergo       ] GC(56) Running G1 Rebuild Free List Task using 10 workers for rebuilding free list of regions
[11.010s][debug][gc,ergo,heap  ] GC(56) Heap expansion: short term pause time ratio 71.55% long term pause time ratio 66.90% threshold 7.69% pause time ratio 7.69% fully expanded true resize by 0B
[11.010s][debug][gc,ergo,ihop  ] GC(56) Request concurrent cycle initiation (occupancy higher than threshold) occupancy: 884998144B allocation request: 0B threshold: 858714976B (79.97) source: end of GC
[11.011s][debug][gc,ergo,refine] GC(56) Concurrent refinement times: Logged Cards Scan time goal: 20.00ms Logged Cards Scan time: 0.22ms HCC time: 0.00ms
[11.011s][trace][gc,ergo,refine] GC(56) Updating Refinement Zones: logged cards scan time: 0.219ms, processed cards: 251, goal time: 19.999ms
[11.011s][debug][gc,ergo,refine] GC(56) Updated Refinement Zones: green: 2560, yellow: 7680, red: 12800
[11.011s][info ][gc,phases     ] GC(56)   Pre Evacuate Collection Set: 0.4ms
[11.011s][info ][gc,phases     ] GC(56)   Merge Heap Roots: 0.3ms
[11.011s][info ][gc,phases     ] GC(56)   Evacuate Collection Set: 31.5ms
[11.011s][info ][gc,phases     ] GC(56)   Post Evacuate Collection Set: 16.5ms
[11.011s][info ][gc,phases     ] GC(56)   Other: 1.5ms
[11.011s][info ][gc,heap       ] GC(56) Eden regions: 42->0(44)
[11.011s][info ][gc,heap       ] GC(56) Survivor regions: 9->7(7)
[11.011s][info ][gc,heap       ] GC(56) Old regions: 799->842
[11.011s][info ][gc,heap       ] GC(56) Archive regions: 2->2
[11.011s][info ][gc,heap       ] GC(56) Humongous regions: 0->0
[11.011s][info ][gc,metaspace  ] GC(56) Metaspace: 557K(704K)->557K(704K) NonClass: 520K(576K)->520K(576K) Class: 37K(128K)->37K(128K)
[11.011s][debug][gc,heap       ] GC(56) Heap after GC invocations=57 (full 0):
[11.011s][debug][gc,heap       ] GC(56)  garbage-first heap   total 1048576K, used 870072K [0x00000000c0000000, 0x0000000100000000)
[11.011s][debug][gc,heap       ] GC(56)   region size 1024K, 7 young (7168K), 7 survivors (7168K)
[11.011s][debug][gc,heap       ] GC(56)  Metaspace       used 557K, committed 704K, reserved 1114112K
[11.011s][debug][gc,heap       ] GC(56)   class space    used 37K, committed 128K, reserved 1048576K
[11.011s][info ][gc            ] GC(56) Pause Young (Normal) (G1 Evacuation Pause) 850M->849M(1024M) 50.081ms
[11.011s][info ][gc,cpu        ] GC(56) User=0.20s Sys=0.01s Real=0.05s
[11.023s][debug][gc,heap       ] GC(57) Heap before GC invocations=57 (full 0):
[11.023s][debug][gc,heap       ] GC(57)  garbage-first heap   total 1048576K, used 914104K [0x00000000c0000000, 0x0000000100000000)
[11.023s][debug][gc,heap       ] GC(57)   region size 1024K, 51 young (52224K), 7 survivors (7168K)
[11.023s][debug][gc,heap       ] GC(57)  Metaspace       used 557K, committed 704K, reserved 1114112K
[11.023s][debug][gc,heap       ] GC(57)   class space    used 37K, committed 128K, reserved 1048576K
[11.023s][debug][gc,ergo       ] GC(57) Initiate concurrent cycle (concurrent cycle initiation requested)
[11.023s][info ][gc,start      ] GC(57) Pause Young (Concurrent Start) (G1 Evacuation Pause)
[11.023s][info ][gc,task       ] GC(57) Using 10 workers of 10 for evacuation
[11.024s][trace][gc,ergo,cset  ] GC(57) Start choosing CSet. Pending cards: 277 target pause time: 200.00ms
[11.024s][trace][gc,ergo,cset  ] GC(57) Added young regions to CSet. Eden: 44 regions, Survivors: 7 regions, predicted eden time: 48.11ms, predicted base time: 22.27ms, target pause time: 200.00ms, remaining time: 129.62ms
[11.024s][debug][gc,ergo       ] GC(57) Running G1 Merge Heap Roots using 10 workers for 51 regions
[11.066s][debug][gc,ergo       ] GC(57) Running G1 Rebuild Free List Task using 10 workers for rebuilding free list of regions
[11.066s][debug][gc,ergo,heap  ] GC(57) Heap expansion: short term pause time ratio 78.10% long term pause time ratio 67.71% threshold 7.69% pause time ratio 7.69% fully expanded true resize by 0B
[11.066s][debug][gc,ergo,refine] GC(57) Concurrent refinement times: Logged Cards Scan time goal: 20.00ms Logged Cards Scan time: 0.20ms HCC time: 0.00ms
[11.066s][trace][gc,ergo,refine] GC(57) Updating Refinement Zones: logged cards scan time: 0.205ms, processed cards: 252, goal time: 19.999ms
[11.066s][debug][gc,ergo,refine] GC(57) Updated Refinement Zones: green: 2560, yellow: 7680, red: 12800
[11.066s][info ][gc,phases     ] GC(57)   Pre Evacuate Collection Set: 0.5ms
[11.066s][info ][gc,phases     ] GC(57)   Merge Heap Roots: 0.3ms
[11.066s][info ][gc,phases     ] GC(57)   Evacuate Collection Set: 29.3ms
[11.066s][info ][gc,phases     ] GC(57)   Post Evacuate Collection Set: 11.8ms
[11.066s][info ][gc,phases     ] GC(57)   Other: 1.7ms
[11.066s][info ][gc,heap       ] GC(57) Eden regions: 44->0(44)
[11.066s][info ][gc,heap       ] GC(57) Survivor regions: 7->7(7)
[11.066s][info ][gc,heap       ] GC(57) Old regions: 842->884
[11.066s][info ][gc,heap       ] GC(57) Archive regions: 2->2
[11.066s][info ][gc,heap       ] GC(57) Humongous regions: 0->0
[11.066s][info ][gc,metaspace  ] GC(57) Metaspace: 557K(704K)->557K(704K) NonClass: 520K(576K)->520K(576K) Class: 37K(128K)->37K(128K)
[11.066s][debug][gc,heap       ] GC(57) Heap after GC invocations=58 (full 0):
[11.067s][debug][gc,heap       ] GC(57)  garbage-first heap   total 1048576K, used 912944K [0x00000000c0000000, 0x0000000100000000)
[11.067s][debug][gc,heap       ] GC(57)   region size 1024K, 7 young (7168K), 7 survivors (7168K)
[11.067s][debug][gc,heap       ] GC(57)  Metaspace       used 557K, committed 704K, reserved 1114112K
[11.067s][debug][gc,heap       ] GC(57)   class space    used 37K, committed 128K, reserved 1048576K
[11.067s][info ][gc            ] GC(57) Pause Young (Concurrent Start) (G1 Evacuation Pause) 893M->891M(1024M) 43.196ms
[11.067s][info ][gc,cpu        ] GC(57) User=0.16s Sys=0.02s Real=0.04s
[11.067s][info ][gc            ] GC(58) Concurrent Mark Cycle
[11.067s][info ][gc,marking    ] GC(58) Concurrent Clear Claimed Marks
[11.067s][info ][gc,marking    ] GC(58) Concurrent Clear Claimed Marks 0.015ms
[11.067s][info ][gc,marking    ] GC(58) Concurrent Scan Root Regions
[11.067s][debug][gc,ergo       ] GC(58) Running G1 Root Region Scan using 3 workers for 50 work units.
[11.069s][info ][gc,marking    ] GC(58) Concurrent Scan Root Regions 2.172ms
[11.069s][info ][gc,marking    ] GC(58) Concurrent Mark
[11.069s][info ][gc,marking    ] GC(58) Concurrent Mark From Roots
[11.069s][info ][gc,task       ] GC(58) Using 3 workers of 3 for marking
[11.087s][debug][gc,heap       ] GC(59) Heap before GC invocations=58 (full 0):
[11.087s][debug][gc,heap       ] GC(59)  garbage-first heap   total 1048576K, used 956976K [0x00000000c0000000, 0x0000000100000000)
[11.087s][debug][gc,heap       ] GC(59)   region size 1024K, 51 young (52224K), 7 survivors (7168K)
[11.087s][debug][gc,heap       ] GC(59)  Metaspace       used 557K, committed 704K, reserved 1114112K
[11.087s][debug][gc,heap       ] GC(59)   class space    used 37K, committed 128K, reserved 1048576K
[11.088s][info ][gc,start      ] GC(59) Pause Young (Normal) (G1 Evacuation Pause)
[11.088s][info ][gc,task       ] GC(59) Using 10 workers of 10 for evacuation
[11.088s][trace][gc,ergo,cset  ] GC(59) Start choosing CSet. Pending cards: 292 target pause time: 200.00ms
[11.088s][trace][gc,ergo,cset  ] GC(59) Added young regions to CSet. Eden: 44 regions, Survivors: 7 regions, predicted eden time: 48.92ms, predicted base time: 20.30ms, target pause time: 200.00ms, remaining time: 130.78ms
[11.089s][debug][gc,ergo       ] GC(59) Running G1 Merge Heap Roots using 10 workers for 51 regions
[11.124s][debug][gc,ergo       ] GC(59) Running G1 Rebuild Free List Task using 10 workers for rebuilding free list of regions
[11.124s][debug][gc,ergo,heap  ] GC(59) Heap expansion: short term pause time ratio 76.55% long term pause time ratio 68.25% threshold 7.69% pause time ratio 7.69% fully expanded true resize by 0B
[11.124s][debug][gc,ergo,refine] GC(59) Concurrent refinement times: Logged Cards Scan time goal: 20.00ms Logged Cards Scan time: 0.23ms HCC time: 0.00ms
[11.124s][trace][gc,ergo,refine] GC(59) Updating Refinement Zones: logged cards scan time: 0.227ms, processed cards: 267, goal time: 19.999ms
[11.124s][debug][gc,ergo,refine] GC(59) Updated Refinement Zones: green: 2560, yellow: 7680, red: 12800
[11.124s][info ][gc,phases     ] GC(59)   Pre Evacuate Collection Set: 0.6ms
[11.124s][info ][gc,phases     ] GC(59)   Merge Heap Roots: 0.3ms
[11.124s][info ][gc,phases     ] GC(59)   Evacuate Collection Set: 24.8ms
[11.124s][info ][gc,phases     ] GC(59)   Post Evacuate Collection Set: 9.8ms
[11.124s][info ][gc,phases     ] GC(59)   Other: 2.3ms
[11.124s][info ][gc,heap       ] GC(59) Eden regions: 44->0(44)
[11.124s][info ][gc,heap       ] GC(59) Survivor regions: 7->7(7)
[11.124s][info ][gc,heap       ] GC(59) Old regions: 884->927
[11.124s][info ][gc,heap       ] GC(59) Archive regions: 2->2
[11.124s][info ][gc,heap       ] GC(59) Humongous regions: 0->0
[11.125s][info ][gc,metaspace  ] GC(59) Metaspace: 557K(704K)->557K(704K) NonClass: 520K(576K)->520K(576K) Class: 37K(128K)->37K(128K)
[11.125s][debug][gc,heap       ] GC(59) Heap after GC invocations=59 (full 0):
[11.125s][debug][gc,heap       ] GC(59)  garbage-first heap   total 1048576K, used 956848K [0x00000000c0000000, 0x0000000100000000)
[11.125s][debug][gc,heap       ] GC(59)   region size 1024K, 7 young (7168K), 7 survivors (7168K)
[11.125s][debug][gc,heap       ] GC(59)  Metaspace       used 557K, committed 704K, reserved 1114112K
[11.125s][debug][gc,heap       ] GC(59)   class space    used 37K, committed 128K, reserved 1048576K
[11.125s][info ][gc            ] GC(59) Pause Young (Normal) (G1 Evacuation Pause) 935M->934M(1024M) 36.886ms
[11.125s][info ][gc,cpu        ] GC(59) User=0.11s Sys=0.03s Real=0.04s
[11.128s][info ][gc,marking    ] GC(58) Concurrent Mark From Roots 58.960ms
[11.128s][info ][gc,marking    ] GC(58) Concurrent Preclean
[11.128s][info ][gc,marking    ] GC(58) Concurrent Preclean 0.098ms
[11.129s][info ][gc,start      ] GC(58) Pause Remark
[11.131s][debug][gc,ergo       ] GC(58) Running G1 Update RemSet Tracking Before Rebuild using 3 workers for 1024 regions in heap
[11.263s][info ][gc            ] GC(58) Pause Remark 954M->206M(1024M) 134.660ms
[11.263s][info ][gc,cpu        ] GC(58) User=1.32s Sys=0.00s Real=0.14s
[11.263s][info ][gc,marking    ] GC(58) Concurrent Mark 194.409ms
[11.263s][info ][gc,marking    ] GC(58) Concurrent Rebuild Remembered Sets
[11.268s][info ][gc,marking    ] GC(58) Concurrent Rebuild Remembered Sets 4.237ms
[11.268s][debug][gc,heap       ] GC(60) Heap before GC invocations=59 (full 0):
[11.268s][debug][gc,heap       ] GC(60)  garbage-first heap   total 1048576K, used 234928K [0x00000000c0000000, 0x0000000100000000)
[11.268s][debug][gc,heap       ] GC(60)   region size 1024K, 51 young (52224K), 7 survivors (7168K)
[11.268s][debug][gc,heap       ] GC(60)  Metaspace       used 557K, committed 704K, reserved 1114112K
[11.268s][debug][gc,heap       ] GC(60)   class space    used 37K, committed 128K, reserved 1048576K
[11.268s][info ][gc,start      ] GC(60) Pause Young (Normal) (G1 Evacuation Pause)
[11.268s][info ][gc,task       ] GC(60) Using 10 workers of 10 for evacuation
[11.268s][trace][gc,ergo,cset  ] GC(60) Start choosing CSet. Pending cards: 273 target pause time: 200.00ms
[11.268s][trace][gc,ergo,cset  ] GC(60) Added young regions to CSet. Eden: 44 regions, Survivors: 7 regions, predicted eden time: 66.12ms, predicted base time: 18.32ms, target pause time: 200.00ms, remaining time: 115.55ms
[11.269s][debug][gc,ergo       ] GC(60) Running G1 Merge Heap Roots using 10 workers for 51 regions
[11.316s][debug][gc,ergo       ] GC(60) Running G1 Rebuild Free List Task using 10 workers for rebuilding free list of regions
[11.317s][debug][gc,ergo,heap  ] GC(60) Heap expansion: short term pause time ratio 96.96% long term pause time ratio 71.83% threshold 7.69% pause time ratio 7.69% fully expanded true resize by 0B
[11.317s][debug][gc,ergo,refine] GC(60) Concurrent refinement times: Logged Cards Scan time goal: 20.00ms Logged Cards Scan time: 0.17ms HCC time: 0.00ms
[11.317s][trace][gc,ergo,refine] GC(60) Updating Refinement Zones: logged cards scan time: 0.168ms, processed cards: 248, goal time: 19.999ms
[11.317s][debug][gc,ergo,refine] GC(60) Updated Refinement Zones: green: 2560, yellow: 7680, red: 12800
[11.317s][info ][gc,phases     ] GC(60)   Pre Evacuate Collection Set: 0.3ms
[11.317s][info ][gc,phases     ] GC(60)   Merge Heap Roots: 0.3ms
[11.317s][info ][gc,phases     ] GC(60)   Evacuate Collection Set: 35.5ms
[11.317s][info ][gc,phases     ] GC(60)   Post Evacuate Collection Set: 12.3ms
[11.317s][info ][gc,phases     ] GC(60)   Other: 1.0ms
[11.317s][info ][gc,heap       ] GC(60) Eden regions: 44->0(155)
[11.317s][info ][gc,heap       ] GC(60) Survivor regions: 7->7(7)
[11.317s][info ][gc,heap       ] GC(60) Old regions: 179->220
[11.317s][info ][gc,heap       ] GC(60) Archive regions: 2->2
[11.317s][info ][gc,heap       ] GC(60) Humongous regions: 0->0
[11.317s][info ][gc,metaspace  ] GC(60) Metaspace: 557K(704K)->557K(704K) NonClass: 520K(576K)->520K(576K) Class: 37K(128K)->37K(128K)
[11.318s][debug][gc,heap       ] GC(60) Heap after GC invocations=60 (full 0):
[11.318s][debug][gc,heap       ] GC(60)  garbage-first heap   total 1048576K, used 233140K [0x00000000c0000000, 0x0000000100000000)
[11.318s][debug][gc,heap       ] GC(60)   region size 1024K, 7 young (7168K), 7 survivors (7168K)
[11.318s][debug][gc,heap       ] GC(60)  Metaspace       used 557K, committed 704K, reserved 1114112K
[11.318s][debug][gc,heap       ] GC(60)   class space    used 37K, committed 128K, reserved 1048576K
[11.318s][info ][gc            ] GC(60) Pause Young (Normal) (G1 Evacuation Pause) 230M->227M(1024M) 49.402ms
[11.318s][info ][gc,cpu        ] GC(60) User=0.15s Sys=0.02s Real=0.05s
[11.319s][info ][gc,start      ] GC(58) Pause Cleanup
[11.320s][debug][gc,ergo,cset  ] GC(58) Pruned 61 regions out of 72, leaving 53373952 bytes waste (allowed 53687091)
[11.320s][info ][gc            ] GC(58) Pause Cleanup 229M->229M(1024M) 1.036ms
[11.320s][info ][gc,cpu        ] GC(58) User=0.00s Sys=0.00s Real=0.00s
[11.321s][info ][gc,marking    ] GC(58) Concurrent Cleanup for Next Mark
[11.321s][debug][gc,ergo       ] GC(58) Running G1 Clear Bitmap with 3 workers for 16 work units.
[11.324s][info ][gc,marking    ] GC(58) Concurrent Cleanup for Next Mark 3.292ms
[11.324s][info ][gc            ] GC(58) Concurrent Mark Cycle 257.419ms
[11.381s][debug][gc,heap       ] GC(61) Heap before GC invocations=61 (full 0):
[11.381s][debug][gc,heap       ] GC(61)  garbage-first heap   total 1048576K, used 390836K [0x00000000c0000000, 0x0000000100000000)
[11.381s][debug][gc,heap       ] GC(61)   region size 1024K, 162 young (165888K), 7 survivors (7168K)
[11.381s][debug][gc,heap       ] GC(61)  Metaspace       used 557K, committed 704K, reserved 1114112K
[11.381s][debug][gc,heap       ] GC(61)   class space    used 37K, committed 128K, reserved 1048576K
[11.382s][info ][gc,start      ] GC(61) Pause Young (Prepare Mixed) (G1 Evacuation Pause)
[11.382s][info ][gc,task       ] GC(61) Using 10 workers of 10 for evacuation
[11.382s][trace][gc,ergo,cset  ] GC(61) Start choosing CSet. Pending cards: 323 target pause time: 200.00ms
[11.382s][trace][gc,ergo,cset  ] GC(61) Added young regions to CSet. Eden: 155 regions, Survivors: 7 regions, predicted eden time: 146.89ms, predicted base time: 17.09ms, target pause time: 200.00ms, remaining time: 36.02ms
[11.383s][debug][gc,ergo       ] GC(61) Running G1 Merge Heap Roots using 10 workers for 162 regions
[11.479s][debug][gc,ergo       ] GC(61) Running G1 Rebuild Free List Task using 10 workers for rebuilding free list of regions
[11.479s][debug][gc,ergo,heap  ] GC(61) Heap expansion: short term pause time ratio 32.60% long term pause time ratio 73.94% threshold 7.69% pause time ratio 7.69% fully expanded true resize by 0B
[11.480s][debug][gc,ergo,refine] GC(61) Concurrent refinement times: Logged Cards Scan time goal: 20.00ms Logged Cards Scan time: 0.21ms HCC time: 0.00ms
[11.480s][trace][gc,ergo,refine] GC(61) Updating Refinement Zones: logged cards scan time: 0.212ms, processed cards: 298, goal time: 19.999ms
[11.480s][debug][gc,ergo,refine] GC(61) Updated Refinement Zones: green: 2560, yellow: 7680, red: 12800
[11.480s][info ][gc,phases     ] GC(61)   Pre Evacuate Collection Set: 0.5ms
[11.480s][info ][gc,phases     ] GC(61)   Merge Heap Roots: 0.3ms
[11.480s][info ][gc,phases     ] GC(61)   Evacuate Collection Set: 60.6ms
[11.480s][info ][gc,phases     ] GC(61)   Post Evacuate Collection Set: 35.6ms
[11.480s][info ][gc,phases     ] GC(61)   Other: 2.0ms
[11.480s][info ][gc,heap       ] GC(61) Eden regions: 155->0(30)
[11.480s][info ][gc,heap       ] GC(61) Survivor regions: 7->21(21)
[11.480s][info ][gc,heap       ] GC(61) Old regions: 220->296
[11.480s][info ][gc,heap       ] GC(61) Archive regions: 2->2
[11.480s][info ][gc,heap       ] GC(61) Humongous regions: 0->0
[11.480s][info ][gc,metaspace  ] GC(61) Metaspace: 557K(704K)->557K(704K) NonClass: 520K(576K)->520K(576K) Class: 37K(128K)->37K(128K)
[11.480s][debug][gc,heap       ] GC(61) Heap after GC invocations=62 (full 0):
[11.480s][debug][gc,heap       ] GC(61)  garbage-first heap   total 1048576K, used 325298K [0x00000000c0000000, 0x0000000100000000)
[11.480s][debug][gc,heap       ] GC(61)   region size 1024K, 21 young (21504K), 21 survivors (21504K)
[11.480s][debug][gc,heap       ] GC(61)  Metaspace       used 557K, committed 704K, reserved 1114112K
[11.480s][debug][gc,heap       ] GC(61)   class space    used 37K, committed 128K, reserved 1048576K
[11.480s][info ][gc            ] GC(61) Pause Young (Prepare Mixed) (G1 Evacuation Pause) 382M->317M(1024M) 98.351ms
[11.480s][info ][gc,cpu        ] GC(61) User=0.37s Sys=0.07s Real=0.10s
[11.489s][debug][gc,heap       ] GC(62) Heap before GC invocations=62 (full 0):
[11.489s][debug][gc,heap       ] GC(62)  garbage-first heap   total 1048576K, used 354994K [0x00000000c0000000, 0x0000000100000000)
[11.489s][debug][gc,heap       ] GC(62)   region size 1024K, 51 young (52224K), 21 survivors (21504K)
[11.489s][debug][gc,heap       ] GC(62)  Metaspace       used 557K, committed 704K, reserved 1114112K
[11.489s][debug][gc,heap       ] GC(62)   class space    used 37K, committed 128K, reserved 1048576K
[11.489s][info ][gc,start      ] GC(62) Pause Young (Mixed) (G1 Evacuation Pause)
[11.489s][info ][gc,task       ] GC(62) Using 10 workers of 10 for evacuation
[11.490s][trace][gc,ergo,cset  ] GC(62) Start choosing CSet. Pending cards: 232 target pause time: 200.00ms
[11.490s][trace][gc,ergo,cset  ] GC(62) Added young regions to CSet. Eden: 30 regions, Survivors: 21 regions, predicted eden time: 33.48ms, predicted base time: 26.49ms, target pause time: 200.00ms, remaining time: 140.03ms
[11.490s][debug][gc,ergo,cset  ] GC(62) Start adding old regions to collection set. Min 2 regions, max 103 regions, time remaining 140.03ms, optional threshold 28.01ms
[11.490s][debug][gc,ergo,cset  ] GC(62) Old candidate collection set empty.
[11.490s][debug][gc,ergo,cset  ] GC(62) Finish choosing collection set old regions. Initial: 11, optional: 0, predicted old time: 0.00ms, predicted optional time: 0.00ms, time remaining: 122.72
[11.490s][debug][gc,ergo       ] GC(62) Running G1 Merge Heap Roots using 10 workers for 62 regions
[11.535s][debug][gc,ergo       ] GC(62) Running G1 Rebuild Free List Task using 10 workers for rebuilding free list of regions
[11.536s][debug][gc,ergo,heap  ] GC(62) Heap expansion: short term pause time ratio 61.22% long term pause time ratio 73.15% threshold 7.69% pause time ratio 7.69% fully expanded true resize by 0B
[11.536s][debug][gc,ergo       ] GC(62) do not continue mixed GCs (candidate old regions not available)
[11.536s][debug][gc,ergo,refine] GC(62) Concurrent refinement times: Logged Cards Scan time goal: 20.00ms Logged Cards Scan time: 0.27ms HCC time: 0.00ms
[11.536s][trace][gc,ergo,refine] GC(62) Updating Refinement Zones: logged cards scan time: 0.271ms, processed cards: 215, goal time: 19.999ms
[11.536s][debug][gc,ergo,refine] GC(62) Updated Refinement Zones: green: 2560, yellow: 7680, red: 12800
[11.536s][info ][gc,phases     ] GC(62)   Pre Evacuate Collection Set: 0.4ms
[11.536s][info ][gc,phases     ] GC(62)   Merge Heap Roots: 0.3ms
[11.536s][info ][gc,phases     ] GC(62)   Evacuate Collection Set: 31.9ms
[11.536s][info ][gc,phases     ] GC(62)   Post Evacuate Collection Set: 13.7ms
[11.536s][info ][gc,phases     ] GC(62)   Other: 1.4ms
[11.536s][info ][gc,heap       ] GC(62) Eden regions: 30->0(204)
[11.536s][info ][gc,heap       ] GC(62) Survivor regions: 21->7(7)
[11.536s][info ][gc,heap       ] GC(62) Old regions: 296->326
[11.536s][info ][gc,heap       ] GC(62) Archive regions: 2->2
[11.536s][info ][gc,heap       ] GC(62) Humongous regions: 0->0
[11.536s][info ][gc,metaspace  ] GC(62) Metaspace: 557K(704K)->557K(704K) NonClass: 520K(576K)->520K(576K) Class: 37K(128K)->37K(128K)
[11.537s][debug][gc,heap       ] GC(62) Heap after GC invocations=63 (full 0):
[11.537s][debug][gc,heap       ] GC(62)  garbage-first heap   total 1048576K, used 341172K [0x00000000c0000000, 0x0000000100000000)
[11.537s][debug][gc,heap       ] GC(62)   region size 1024K, 7 young (7168K), 7 survivors (7168K)
[11.537s][debug][gc,heap       ] GC(62)  Metaspace       used 557K, committed 704K, reserved 1114112K
[11.537s][debug][gc,heap       ] GC(62)   class space    used 37K, committed 128K, reserved 1048576K
[11.537s][info ][gc            ] GC(62) Pause Young (Mixed) (G1 Evacuation Pause) 347M->333M(1024M) 47.573ms
[11.537s][info ][gc,cpu        ] GC(62) User=0.15s Sys=0.03s Real=0.04s
[11.617s][debug][gc,heap       ] GC(63) Heap before GC invocations=63 (full 0):
[11.617s][debug][gc,heap       ] GC(63)  garbage-first heap   total 1048576K, used 549044K [0x00000000c0000000, 0x0000000100000000)
[11.617s][debug][gc,heap       ] GC(63)   region size 1024K, 211 young (216064K), 7 survivors (7168K)
[11.617s][debug][gc,heap       ] GC(63)  Metaspace       used 557K, committed 704K, reserved 1114112K
[11.617s][debug][gc,heap       ] GC(63)   class space    used 37K, committed 128K, reserved 1048576K
[11.619s][info ][gc,start      ] GC(63) Pause Young (Normal) (G1 Evacuation Pause)
[11.619s][info ][gc,task       ] GC(63) Using 10 workers of 10 for evacuation
[11.619s][trace][gc,ergo,cset  ] GC(63) Start choosing CSet. Pending cards: 235 target pause time: 200.00ms
[11.619s][trace][gc,ergo,cset  ] GC(63) Added young regions to CSet. Eden: 204 regions, Survivors: 7 regions, predicted eden time: 171.76ms, predicted base time: 23.82ms, target pause time: 200.00ms, remaining time: 4.42ms
[11.619s][debug][gc,ergo       ] GC(63) Running G1 Merge Heap Roots using 10 workers for 211 regions
[11.726s][debug][gc,ergo       ] GC(63) Running G1 Rebuild Free List Task using 10 workers for rebuilding free list of regions
[11.726s][debug][gc,ergo,heap  ] GC(63) Heap expansion: short term pause time ratio 82.58% long term pause time ratio 76.27% threshold 7.69% pause time ratio 7.69% fully expanded true resize by 0B
[11.727s][debug][gc,ergo,refine] GC(63) Concurrent refinement times: Logged Cards Scan time goal: 20.00ms Logged Cards Scan time: 0.18ms HCC time: 0.00ms
[11.727s][trace][gc,ergo,refine] GC(63) Updating Refinement Zones: logged cards scan time: 0.178ms, processed cards: 210, goal time: 19.999ms
[11.727s][debug][gc,ergo,refine] GC(63) Updated Refinement Zones: green: 2560, yellow: 7680, red: 12800
[11.727s][info ][gc,phases     ] GC(63)   Pre Evacuate Collection Set: 0.4ms
[11.727s][info ][gc,phases     ] GC(63)   Merge Heap Roots: 0.3ms
[11.727s][info ][gc,phases     ] GC(63)   Evacuate Collection Set: 67.5ms
[11.727s][info ][gc,phases     ] GC(63)   Post Evacuate Collection Set: 38.9ms
[11.727s][info ][gc,phases     ] GC(63)   Other: 2.4ms
[11.727s][info ][gc,heap       ] GC(63) Eden regions: 204->0(192)
[11.727s][info ][gc,heap       ] GC(63) Survivor regions: 7->27(27)
[11.727s][info ][gc,heap       ] GC(63) Old regions: 326->407
[11.727s][info ][gc,heap       ] GC(63) Archive regions: 2->2
[11.727s][info ][gc,heap       ] GC(63) Humongous regions: 0->0
[11.727s][info ][gc,metaspace  ] GC(63) Metaspace: 557K(704K)->557K(704K) NonClass: 520K(576K)->520K(576K) Class: 37K(128K)->37K(128K)
[11.727s][debug][gc,heap       ] GC(63) Heap after GC invocations=64 (full 0):
[11.727s][debug][gc,heap       ] GC(63)  garbage-first heap   total 1048576K, used 445232K [0x00000000c0000000, 0x0000000100000000)
[11.727s][debug][gc,heap       ] GC(63)   region size 1024K, 27 young (27648K), 27 survivors (27648K)
[11.727s][debug][gc,heap       ] GC(63)  Metaspace       used 557K, committed 704K, reserved 1114112K
[11.727s][debug][gc,heap       ] GC(63)   class space    used 37K, committed 128K, reserved 1048576K
[11.727s][info ][gc            ] GC(63) Pause Young (Normal) (G1 Evacuation Pause) 537M->434M(1024M) 108.516ms
[11.727s][info ][gc,cpu        ] GC(63) User=0.48s Sys=0.04s Real=0.11s
[11.792s][debug][gc,heap       ] GC(64) Heap before GC invocations=64 (full 0):
[11.792s][debug][gc,heap       ] GC(64)  garbage-first heap   total 1048576K, used 640816K [0x00000000c0000000, 0x0000000100000000)
[11.792s][debug][gc,heap       ] GC(64)   region size 1024K, 219 young (224256K), 27 survivors (27648K)
[11.792s][debug][gc,heap       ] GC(64)  Metaspace       used 557K, committed 704K, reserved 1114112K
[11.792s][debug][gc,heap       ] GC(64)   class space    used 37K, committed 128K, reserved 1048576K
[11.793s][info ][gc,start      ] GC(64) Pause Young (Normal) (G1 Evacuation Pause)
[11.794s][info ][gc,task       ] GC(64) Using 10 workers of 10 for evacuation
[11.794s][trace][gc,ergo,cset  ] GC(64) Start choosing CSet. Pending cards: 250 target pause time: 200.00ms
[11.794s][trace][gc,ergo,cset  ] GC(64) Added young regions to CSet. Eden: 192 regions, Survivors: 27 regions, predicted eden time: 151.86ms, predicted base time: 31.36ms, target pause time: 200.00ms, remaining time: 16.79ms
[11.794s][debug][gc,ergo       ] GC(64) Running G1 Merge Heap Roots using 10 workers for 219 regions
[11.932s][debug][gc,ergo       ] GC(64) Running G1 Rebuild Free List Task using 10 workers for rebuilding free list of regions
[11.932s][debug][gc,ergo,heap  ] GC(64) Heap expansion: short term pause time ratio 56.61% long term pause time ratio 72.36% threshold 7.69% pause time ratio 7.69% fully expanded true resize by 0B
[11.932s][debug][gc,ergo,refine] GC(64) Concurrent refinement times: Logged Cards Scan time goal: 20.00ms Logged Cards Scan time: 0.16ms HCC time: 0.00ms
[11.932s][trace][gc,ergo,refine] GC(64) Updating Refinement Zones: logged cards scan time: 0.165ms, processed cards: 225, goal time: 19.999ms
[11.932s][debug][gc,ergo,refine] GC(64) Updated Refinement Zones: green: 2560, yellow: 7680, red: 12800
[11.933s][info ][gc,phases     ] GC(64)   Pre Evacuate Collection Set: 0.4ms
[11.933s][info ][gc,phases     ] GC(64)   Merge Heap Roots: 0.3ms
[11.933s][info ][gc,phases     ] GC(64)   Evacuate Collection Set: 66.7ms
[11.933s][info ][gc,phases     ] GC(64)   Post Evacuate Collection Set: 70.9ms
[11.933s][info ][gc,phases     ] GC(64)   Other: 2.1ms
[11.933s][info ][gc,heap       ] GC(64) Eden regions: 192->0(161)
[11.933s][info ][gc,heap       ] GC(64) Survivor regions: 27->28(28)
[11.933s][info ][gc,heap       ] GC(64) Old regions: 407->494
[11.933s][info ][gc,heap       ] GC(64) Archive regions: 2->2
[11.933s][info ][gc,heap       ] GC(64) Humongous regions: 0->0
[11.933s][info ][gc,metaspace  ] GC(64) Metaspace: 557K(704K)->557K(704K) NonClass: 520K(576K)->520K(576K) Class: 37K(128K)->37K(128K)
[11.933s][debug][gc,heap       ] GC(64) Heap after GC invocations=65 (full 0):
[11.933s][debug][gc,heap       ] GC(64)  garbage-first heap   total 1048576K, used 534576K [0x00000000c0000000, 0x0000000100000000)
[11.933s][debug][gc,heap       ] GC(64)   region size 1024K, 28 young (28672K), 28 survivors (28672K)
[11.933s][debug][gc,heap       ] GC(64)  Metaspace       used 557K, committed 704K, reserved 1114112K
[11.933s][debug][gc,heap       ] GC(64)   class space    used 37K, committed 128K, reserved 1048576K
[11.933s][info ][gc            ] GC(64) Pause Young (Normal) (G1 Evacuation Pause) 626M->522M(1024M) 139.792ms
[11.933s][info ][gc,cpu        ] GC(64) User=0.73s Sys=0.11s Real=0.14s
[11.991s][debug][gc,heap       ] GC(65) Heap before GC invocations=65 (full 0):
[11.992s][debug][gc,heap       ] GC(65)  garbage-first heap   total 1048576K, used 698416K [0x00000000c0000000, 0x0000000100000000)
[11.992s][debug][gc,heap       ] GC(65)   region size 1024K, 189 young (193536K), 28 survivors (28672K)
[11.992s][debug][gc,heap       ] GC(65)  Metaspace       used 557K, committed 704K, reserved 1114112K
[11.992s][debug][gc,heap       ] GC(65)   class space    used 37K, committed 128K, reserved 1048576K
[11.993s][info ][gc,start      ] GC(65) Pause Young (Normal) (G1 Evacuation Pause)
[11.993s][info ][gc,task       ] GC(65) Using 10 workers of 10 for evacuation
[11.993s][trace][gc,ergo,cset  ] GC(65) Start choosing CSet. Pending cards: 207 target pause time: 200.00ms
[11.993s][trace][gc,ergo,cset  ] GC(65) Added young regions to CSet. Eden: 161 regions, Survivors: 28 regions, predicted eden time: 130.25ms, predicted base time: 50.92ms, target pause time: 200.00ms, remaining time: 18.83ms
[11.994s][debug][gc,ergo       ] GC(65) Running G1 Merge Heap Roots using 10 workers for 189 regions
[12.094s][debug][gc,ergo       ] GC(65) Running G1 Rebuild Free List Task using 10 workers for rebuilding free list of regions
[12.094s][debug][gc,ergo,heap  ] GC(65) Heap expansion: short term pause time ratio 67.41% long term pause time ratio 71.38% threshold 7.69% pause time ratio 7.69% fully expanded true resize by 0B
[12.094s][debug][gc,ergo,refine] GC(65) Concurrent refinement times: Logged Cards Scan time goal: 20.00ms Logged Cards Scan time: 0.17ms HCC time: 0.00ms
[12.094s][trace][gc,ergo,refine] GC(65) Updating Refinement Zones: logged cards scan time: 0.172ms, processed cards: 174, goal time: 19.999ms
[12.094s][debug][gc,ergo,refine] GC(65) Updated Refinement Zones: green: 2560, yellow: 7680, red: 12800
[12.094s][info ][gc,phases     ] GC(65)   Pre Evacuate Collection Set: 0.5ms
[12.094s][info ][gc,phases     ] GC(65)   Merge Heap Roots: 0.3ms
[12.094s][info ][gc,phases     ] GC(65)   Evacuate Collection Set: 57.3ms
[12.094s][info ][gc,phases     ] GC(65)   Post Evacuate Collection Set: 42.5ms
[12.094s][info ][gc,phases     ] GC(65)   Other: 2.4ms
[12.094s][info ][gc,heap       ] GC(65) Eden regions: 161->0(131)
[12.094s][info ][gc,heap       ] GC(65) Survivor regions: 28->24(24)
[12.094s][info ][gc,heap       ] GC(65) Old regions: 494->570
[12.094s][info ][gc,heap       ] GC(65) Archive regions: 2->2
[12.094s][info ][gc,heap       ] GC(65) Humongous regions: 0->0
[12.094s][info ][gc,metaspace  ] GC(65) Metaspace: 557K(704K)->557K(704K) NonClass: 520K(576K)->520K(576K) Class: 37K(128K)->37K(128K)
[12.095s][debug][gc,heap       ] GC(65) Heap after GC invocations=66 (full 0):
[12.095s][debug][gc,heap       ] GC(65)  garbage-first heap   total 1048576K, used 608304K [0x00000000c0000000, 0x0000000100000000)
[12.095s][debug][gc,heap       ] GC(65)   region size 1024K, 24 young (24576K), 24 survivors (24576K)
[12.095s][debug][gc,heap       ] GC(65)  Metaspace       used 557K, committed 704K, reserved 1114112K
[12.095s][debug][gc,heap       ] GC(65)   class space    used 37K, committed 128K, reserved 1048576K
[12.095s][info ][gc            ] GC(65) Pause Young (Normal) (G1 Evacuation Pause) 682M->594M(1024M) 101.964ms
[12.095s][info ][gc,cpu        ] GC(65) User=0.40s Sys=0.13s Real=0.10s
[12.154s][debug][gc,heap       ] GC(66) Heap before GC invocations=66 (full 0):
[12.154s][debug][gc,heap       ] GC(66)  garbage-first heap   total 1048576K, used 741424K [0x00000000c0000000, 0x0000000100000000)
[12.154s][debug][gc,heap       ] GC(66)   region size 1024K, 155 young (158720K), 24 survivors (24576K)
[12.154s][debug][gc,heap       ] GC(66)  Metaspace       used 557K, committed 704K, reserved 1114112K
[12.154s][debug][gc,heap       ] GC(66)   class space    used 37K, committed 128K, reserved 1048576K
[12.155s][info ][gc,start      ] GC(66) Pause Young (Normal) (G1 Evacuation Pause)
[12.155s][info ][gc,task       ] GC(66) Using 10 workers of 10 for evacuation
[12.155s][trace][gc,ergo,cset  ] GC(66) Start choosing CSet. Pending cards: 205 target pause time: 200.00ms
[12.156s][trace][gc,ergo,cset  ] GC(66) Added young regions to CSet. Eden: 131 regions, Survivors: 24 regions, predicted eden time: 103.86ms, predicted base time: 50.31ms, target pause time: 200.00ms, remaining time: 45.83ms
[12.157s][debug][gc,ergo       ] GC(66) Running G1 Merge Heap Roots using 10 workers for 155 regions
[12.231s][debug][gc,ergo       ] GC(66) Running G1 Rebuild Free List Task using 10 workers for rebuilding free list of regions
[12.232s][debug][gc,ergo,heap  ] GC(66) Heap expansion: short term pause time ratio 62.51% long term pause time ratio 69.67% threshold 7.69% pause time ratio 7.69% fully expanded true resize by 0B
[12.232s][debug][gc,ergo,refine] GC(66) Concurrent refinement times: Logged Cards Scan time goal: 20.00ms Logged Cards Scan time: 0.21ms HCC time: 0.00ms
[12.232s][trace][gc,ergo,refine] GC(66) Updating Refinement Zones: logged cards scan time: 0.212ms, processed cards: 180, goal time: 19.998ms
[12.232s][debug][gc,ergo,refine] GC(66) Updated Refinement Zones: green: 2560, yellow: 7680, red: 12800
[12.232s][info ][gc,phases     ] GC(66)   Pre Evacuate Collection Set: 1.1ms
[12.232s][info ][gc,phases     ] GC(66)   Merge Heap Roots: 0.4ms
[12.232s][info ][gc,phases     ] GC(66)   Evacuate Collection Set: 45.6ms
[12.232s][info ][gc,phases     ] GC(66)   Post Evacuate Collection Set: 28.7ms
[12.232s][info ][gc,phases     ] GC(66)   Other: 2.3ms
[12.232s][info ][gc,heap       ] GC(66) Eden regions: 131->0(99)
[12.232s][info ][gc,heap       ] GC(66) Survivor regions: 24->20(20)
[12.232s][info ][gc,heap       ] GC(66) Old regions: 570->642
[12.232s][info ][gc,heap       ] GC(66) Archive regions: 2->2
[12.232s][info ][gc,heap       ] GC(66) Humongous regions: 0->0
[12.232s][info ][gc,metaspace  ] GC(66) Metaspace: 557K(704K)->557K(704K) NonClass: 520K(576K)->520K(576K) Class: 37K(128K)->37K(128K)
[12.232s][debug][gc,heap       ] GC(66) Heap after GC invocations=67 (full 0):
[12.232s][debug][gc,heap       ] GC(66)  garbage-first heap   total 1048576K, used 677936K [0x00000000c0000000, 0x0000000100000000)
[12.232s][debug][gc,heap       ] GC(66)   region size 1024K, 20 young (20480K), 20 survivors (20480K)
[12.232s][debug][gc,heap       ] GC(66)  Metaspace       used 557K, committed 704K, reserved 1114112K
[12.232s][debug][gc,heap       ] GC(66)   class space    used 37K, committed 128K, reserved 1048576K
[12.232s][info ][gc            ] GC(66) Pause Young (Normal) (G1 Evacuation Pause) 724M->662M(1024M) 77.004ms
[12.232s][info ][gc,cpu        ] GC(66) User=0.33s Sys=0.04s Real=0.08s
[12.262s][debug][gc,heap       ] GC(67) Heap before GC invocations=67 (full 0):
[12.262s][debug][gc,heap       ] GC(67)  garbage-first heap   total 1048576K, used 778288K [0x00000000c0000000, 0x0000000100000000)
[12.262s][debug][gc,heap       ] GC(67)   region size 1024K, 119 young (121856K), 20 survivors (20480K)
[12.262s][debug][gc,heap       ] GC(67)  Metaspace       used 557K, committed 704K, reserved 1114112K
[12.262s][debug][gc,heap       ] GC(67)   class space    used 37K, committed 128K, reserved 1048576K
[12.263s][info ][gc,start      ] GC(67) Pause Young (Normal) (G1 Evacuation Pause)
[12.263s][info ][gc,task       ] GC(67) Using 10 workers of 10 for evacuation
[12.264s][trace][gc,ergo,cset  ] GC(67) Start choosing CSet. Pending cards: 230 target pause time: 200.00ms
[12.264s][trace][gc,ergo,cset  ] GC(67) Added young regions to CSet. Eden: 99 regions, Survivors: 20 regions, predicted eden time: 77.49ms, predicted base time: 46.03ms, target pause time: 200.00ms, remaining time: 76.49ms
[12.264s][debug][gc,ergo       ] GC(67) Running G1 Merge Heap Roots using 10 workers for 119 regions
[12.339s][debug][gc,ergo       ] GC(67) Running G1 Rebuild Free List Task using 10 workers for rebuilding free list of regions
[12.339s][debug][gc,ergo,heap  ] GC(67) Heap expansion: short term pause time ratio 55.68% long term pause time ratio 67.69% threshold 7.69% pause time ratio 7.69% fully expanded true resize by 0B
[12.340s][debug][gc,ergo,refine] GC(67) Concurrent refinement times: Logged Cards Scan time goal: 20.00ms Logged Cards Scan time: 0.16ms HCC time: 0.00ms
[12.340s][trace][gc,ergo,refine] GC(67) Updating Refinement Zones: logged cards scan time: 0.155ms, processed cards: 221, goal time: 19.999ms
[12.340s][debug][gc,ergo,refine] GC(67) Updated Refinement Zones: green: 2560, yellow: 7680, red: 12800
[12.340s][info ][gc,phases     ] GC(67)   Pre Evacuate Collection Set: 0.4ms
[12.340s][info ][gc,phases     ] GC(67)   Merge Heap Roots: 0.3ms
[12.340s][info ][gc,phases     ] GC(67)   Evacuate Collection Set: 51.3ms
[12.340s][info ][gc,phases     ] GC(67)   Post Evacuate Collection Set: 23.4ms
[12.340s][info ][gc,phases     ] GC(67)   Other: 2.0ms
[12.340s][info ][gc,heap       ] GC(67) Eden regions: 99->0(68)
[12.340s][info ][gc,heap       ] GC(67) Survivor regions: 20->15(15)
[12.340s][info ][gc,heap       ] GC(67) Old regions: 642->711
[12.340s][info ][gc,heap       ] GC(67) Archive regions: 2->2
[12.340s][info ][gc,heap       ] GC(67) Humongous regions: 0->0
[12.340s][info ][gc,metaspace  ] GC(67) Metaspace: 557K(704K)->557K(704K) NonClass: 520K(576K)->520K(576K) Class: 37K(128K)->37K(128K)
[12.340s][debug][gc,heap       ] GC(67) Heap after GC invocations=68 (full 0):
[12.341s][debug][gc,heap       ] GC(67)  garbage-first heap   total 1048576K, used 743472K [0x00000000c0000000, 0x0000000100000000)
[12.341s][debug][gc,heap       ] GC(67)   region size 1024K, 15 young (15360K), 15 survivors (15360K)
[12.341s][debug][gc,heap       ] GC(67)  Metaspace       used 557K, committed 704K, reserved 1114112K
[12.341s][debug][gc,heap       ] GC(67)   class space    used 37K, committed 128K, reserved 1048576K
[12.341s][info ][gc            ] GC(67) Pause Young (Normal) (G1 Evacuation Pause) 760M->726M(1024M) 77.258ms
[12.341s][info ][gc,cpu        ] GC(67) User=0.30s Sys=0.04s Real=0.08s
[12.366s][debug][gc,heap       ] GC(68) Heap before GC invocations=68 (full 0):
[12.366s][debug][gc,heap       ] GC(68)  garbage-first heap   total 1048576K, used 812080K [0x00000000c0000000, 0x0000000100000000)
[12.366s][debug][gc,heap       ] GC(68)   region size 1024K, 83 young (84992K), 15 survivors (15360K)
[12.366s][debug][gc,heap       ] GC(68)  Metaspace       used 557K, committed 704K, reserved 1114112K
[12.366s][debug][gc,heap       ] GC(68)   class space    used 37K, committed 128K, reserved 1048576K
[12.367s][info ][gc,start      ] GC(68) Pause Young (Normal) (G1 Evacuation Pause)
[12.367s][info ][gc,task       ] GC(68) Using 10 workers of 10 for evacuation
[12.367s][trace][gc,ergo,cset  ] GC(68) Start choosing CSet. Pending cards: 246 target pause time: 200.00ms
[12.367s][trace][gc,ergo,cset  ] GC(68) Added young regions to CSet. Eden: 68 regions, Survivors: 15 regions, predicted eden time: 58.18ms, predicted base time: 41.31ms, target pause time: 200.00ms, remaining time: 100.51ms
[12.368s][debug][gc,ergo       ] GC(68) Running G1 Merge Heap Roots using 10 workers for 83 regions
[12.433s][debug][gc,ergo       ] GC(68) Running G1 Rebuild Free List Task using 10 workers for rebuilding free list of regions
[12.433s][debug][gc,ergo,heap  ] GC(68) Heap expansion: short term pause time ratio 70.51% long term pause time ratio 68.23% threshold 7.69% pause time ratio 7.69% fully expanded true resize by 0B
[12.433s][debug][gc,ergo,refine] GC(68) Concurrent refinement times: Logged Cards Scan time goal: 20.00ms Logged Cards Scan time: 0.16ms HCC time: 0.00ms
[12.433s][trace][gc,ergo,refine] GC(68) Updating Refinement Zones: logged cards scan time: 0.160ms, processed cards: 229, goal time: 19.999ms
[12.433s][debug][gc,ergo,refine] GC(68) Updated Refinement Zones: green: 2560, yellow: 7680, red: 12800
[12.433s][info ][gc,phases     ] GC(68)   Pre Evacuate Collection Set: 0.4ms
[12.433s][info ][gc,phases     ] GC(68)   Merge Heap Roots: 0.3ms
[12.433s][info ][gc,phases     ] GC(68)   Evacuate Collection Set: 44.2ms
[12.433s][info ][gc,phases     ] GC(68)   Post Evacuate Collection Set: 20.5ms
[12.433s][info ][gc,phases     ] GC(68)   Other: 1.8ms
[12.433s][info ][gc,heap       ] GC(68) Eden regions: 68->0(46)
[12.433s][info ][gc,heap       ] GC(68) Survivor regions: 15->11(11)
[12.433s][info ][gc,heap       ] GC(68) Old regions: 711->771
[12.433s][info ][gc,heap       ] GC(68) Archive regions: 2->2
[12.433s][info ][gc,heap       ] GC(68) Humongous regions: 0->0
[12.433s][info ][gc,metaspace  ] GC(68) Metaspace: 557K(704K)->557K(704K) NonClass: 520K(576K)->520K(576K) Class: 37K(128K)->37K(128K)
[12.434s][debug][gc,heap       ] GC(68) Heap after GC invocations=69 (full 0):
[12.434s][debug][gc,heap       ] GC(68)  garbage-first heap   total 1048576K, used 801456K [0x00000000c0000000, 0x0000000100000000)
[12.434s][debug][gc,heap       ] GC(68)   region size 1024K, 11 young (11264K), 11 survivors (11264K)
[12.434s][debug][gc,heap       ] GC(68)  Metaspace       used 557K, committed 704K, reserved 1114112K
[12.434s][debug][gc,heap       ] GC(68)   class space    used 37K, committed 128K, reserved 1048576K
[12.434s][info ][gc            ] GC(68) Pause Young (Normal) (G1 Evacuation Pause) 793M->782M(1024M) 66.722ms
[12.434s][info ][gc,cpu        ] GC(68) User=0.23s Sys=0.04s Real=0.07s
[12.456s][debug][gc,heap       ] GC(69) Heap before GC invocations=69 (full 0):
[12.456s][debug][gc,heap       ] GC(69)  garbage-first heap   total 1048576K, used 847536K [0x00000000c0000000, 0x0000000100000000)
[12.456s][debug][gc,heap       ] GC(69)   region size 1024K, 57 young (58368K), 11 survivors (11264K)
[12.456s][debug][gc,heap       ] GC(69)  Metaspace       used 557K, committed 704K, reserved 1114112K
[12.456s][debug][gc,heap       ] GC(69)   class space    used 37K, committed 128K, reserved 1048576K
[12.457s][info ][gc,start      ] GC(69) Pause Young (Normal) (G1 Evacuation Pause)
[12.457s][info ][gc,task       ] GC(69) Using 10 workers of 10 for evacuation
[12.457s][trace][gc,ergo,cset  ] GC(69) Start choosing CSet. Pending cards: 262 target pause time: 200.00ms
[12.457s][trace][gc,ergo,cset  ] GC(69) Added young regions to CSet. Eden: 46 regions, Survivors: 11 regions, predicted eden time: 41.72ms, predicted base time: 36.96ms, target pause time: 200.00ms, remaining time: 121.32ms
[12.457s][debug][gc,ergo       ] GC(69) Running G1 Merge Heap Roots using 10 workers for 57 regions
[12.503s][debug][gc,ergo       ] GC(69) Running G1 Rebuild Free List Task using 10 workers for rebuilding free list of regions
[12.504s][debug][gc,ergo,heap  ] GC(69) Heap expansion: short term pause time ratio 70.53% long term pause time ratio 65.00% threshold 7.69% pause time ratio 7.69% fully expanded true resize by 0B
[12.504s][debug][gc,ergo,ihop  ] GC(69) Request concurrent cycle initiation (occupancy higher than threshold) occupancy: 858783744B allocation request: 0B threshold: 852466632B (79.39) source: end of GC
[12.504s][debug][gc,ergo,refine] GC(69) Concurrent refinement times: Logged Cards Scan time goal: 20.00ms Logged Cards Scan time: 0.23ms HCC time: 0.00ms
[12.504s][trace][gc,ergo,refine] GC(69) Updating Refinement Zones: logged cards scan time: 0.229ms, processed cards: 245, goal time: 19.999ms
[12.504s][debug][gc,ergo,refine] GC(69) Updated Refinement Zones: green: 2560, yellow: 7680, red: 12800
[12.504s][info ][gc,phases     ] GC(69)   Pre Evacuate Collection Set: 0.4ms
[12.504s][info ][gc,phases     ] GC(69)   Merge Heap Roots: 0.3ms
[12.504s][info ][gc,phases     ] GC(69)   Evacuate Collection Set: 33.4ms
[12.504s][info ][gc,phases     ] GC(69)   Post Evacuate Collection Set: 12.7ms
[12.504s][info ][gc,phases     ] GC(69)   Other: 1.7ms
[12.504s][info ][gc,heap       ] GC(69) Eden regions: 46->0(43)
[12.504s][info ][gc,heap       ] GC(69) Survivor regions: 11->8(8)
[12.504s][info ][gc,heap       ] GC(69) Old regions: 771->817
[12.504s][info ][gc,heap       ] GC(69) Archive regions: 2->2
[12.504s][info ][gc,heap       ] GC(69) Humongous regions: 0->0
[12.504s][info ][gc,metaspace  ] GC(69) Metaspace: 557K(704K)->557K(704K) NonClass: 520K(576K)->520K(576K) Class: 37K(128K)->37K(128K)
[12.505s][debug][gc,heap       ] GC(69) Heap after GC invocations=70 (full 0):
[12.505s][debug][gc,heap       ] GC(69)  garbage-first heap   total 1048576K, used 845232K [0x00000000c0000000, 0x0000000100000000)
[12.505s][debug][gc,heap       ] GC(69)   region size 1024K, 8 young (8192K), 8 survivors (8192K)
[12.505s][debug][gc,heap       ] GC(69)  Metaspace       used 557K, committed 704K, reserved 1114112K
[12.505s][debug][gc,heap       ] GC(69)   class space    used 37K, committed 128K, reserved 1048576K
[12.505s][info ][gc            ] GC(69) Pause Young (Normal) (G1 Evacuation Pause) 828M->825M(1024M) 48.277ms
[12.505s][info ][gc,cpu        ] GC(69) User=0.16s Sys=0.03s Real=0.05s
[12.518s][debug][gc,heap       ] GC(70) Heap before GC invocations=70 (full 0):
[12.518s][debug][gc,heap       ] GC(70)  garbage-first heap   total 1048576K, used 888240K [0x00000000c0000000, 0x0000000100000000)
[12.518s][debug][gc,heap       ] GC(70)   region size 1024K, 51 young (52224K), 8 survivors (8192K)
[12.518s][debug][gc,heap       ] GC(70)  Metaspace       used 557K, committed 704K, reserved 1114112K
[12.518s][debug][gc,heap       ] GC(70)   class space    used 37K, committed 128K, reserved 1048576K
[12.520s][debug][gc,ergo       ] GC(70) Initiate concurrent cycle (concurrent cycle initiation requested)
[12.520s][info ][gc,start      ] GC(70) Pause Young (Concurrent Start) (G1 Evacuation Pause)
[12.520s][info ][gc,task       ] GC(70) Using 10 workers of 10 for evacuation
[12.520s][trace][gc,ergo,cset  ] GC(70) Start choosing CSet. Pending cards: 263 target pause time: 200.00ms
[12.520s][trace][gc,ergo,cset  ] GC(70) Added young regions to CSet. Eden: 43 regions, Survivors: 8 regions, predicted eden time: 37.98ms, predicted base time: 31.92ms, target pause time: 200.00ms, remaining time: 130.10ms
[12.521s][debug][gc,ergo       ] GC(70) Running G1 Merge Heap Roots using 10 workers for 51 regions
[12.565s][debug][gc,ergo       ] GC(70) Running G1 Rebuild Free List Task using 10 workers for rebuilding free list of regions
[12.566s][debug][gc,ergo,heap  ] GC(70) Heap expansion: short term pause time ratio 66.58% long term pause time ratio 63.94% threshold 7.69% pause time ratio 7.69% fully expanded true resize by 0B
[12.566s][debug][gc,ergo,refine] GC(70) Concurrent refinement times: Logged Cards Scan time goal: 20.00ms Logged Cards Scan time: 0.28ms HCC time: 0.00ms
[12.566s][trace][gc,ergo,refine] GC(70) Updating Refinement Zones: logged cards scan time: 0.283ms, processed cards: 246, goal time: 19.998ms
[12.566s][debug][gc,ergo,refine] GC(70) Updated Refinement Zones: green: 2560, yellow: 7680, red: 12800
[12.566s][info ][gc,phases     ] GC(70)   Pre Evacuate Collection Set: 0.7ms
[12.566s][info ][gc,phases     ] GC(70)   Merge Heap Roots: 1.0ms
[12.566s][info ][gc,phases     ] GC(70)   Evacuate Collection Set: 33.0ms
[12.566s][info ][gc,phases     ] GC(70)   Post Evacuate Collection Set: 10.4ms
[12.566s][info ][gc,phases     ] GC(70)   Other: 2.6ms
[12.566s][info ][gc,heap       ] GC(70) Eden regions: 43->0(44)
[12.566s][info ][gc,heap       ] GC(70) Survivor regions: 8->7(7)
[12.566s][info ][gc,heap       ] GC(70) Old regions: 817->860
[12.566s][info ][gc,heap       ] GC(70) Archive regions: 2->2
[12.566s][info ][gc,heap       ] GC(70) Humongous regions: 0->0
[12.566s][info ][gc,metaspace  ] GC(70) Metaspace: 557K(704K)->557K(704K) NonClass: 520K(576K)->520K(576K) Class: 37K(128K)->37K(128K)
[12.566s][debug][gc,heap       ] GC(70) Heap after GC invocations=71 (full 0):
[12.566s][debug][gc,heap       ] GC(70)  garbage-first heap   total 1048576K, used 887984K [0x00000000c0000000, 0x0000000100000000)
[12.566s][debug][gc,heap       ] GC(70)   region size 1024K, 7 young (7168K), 7 survivors (7168K)
[12.566s][debug][gc,heap       ] GC(70)  Metaspace       used 557K, committed 704K, reserved 1114112K
[12.566s][debug][gc,heap       ] GC(70)   class space    used 37K, committed 128K, reserved 1048576K
[12.566s][info ][gc            ] GC(70) Pause Young (Concurrent Start) (G1 Evacuation Pause) 868M->867M(1024M) 46.833ms
[12.566s][info ][gc,cpu        ] GC(70) User=0.17s Sys=0.05s Real=0.04s
[12.567s][info ][gc            ] GC(71) Concurrent Mark Cycle
[12.567s][info ][gc,marking    ] GC(71) Concurrent Clear Claimed Marks
[12.567s][info ][gc,marking    ] GC(71) Concurrent Clear Claimed Marks 0.015ms
[12.567s][info ][gc,marking    ] GC(71) Concurrent Scan Root Regions
[12.567s][debug][gc,ergo       ] GC(71) Running G1 Root Region Scan using 3 workers for 51 work units.
[12.567s][info ][gc,marking    ] GC(71) Concurrent Scan Root Regions 0.558ms
[12.567s][info ][gc,marking    ] GC(71) Concurrent Mark
[12.567s][info ][gc,marking    ] GC(71) Concurrent Mark From Roots
[12.567s][info ][gc,task       ] GC(71) Using 3 workers of 3 for marking
[12.584s][debug][gc,heap       ] GC(72) Heap before GC invocations=71 (full 0):
[12.584s][debug][gc,heap       ] GC(72)  garbage-first heap   total 1048576K, used 932016K [0x00000000c0000000, 0x0000000100000000)
[12.584s][debug][gc,heap       ] GC(72)   region size 1024K, 51 young (52224K), 7 survivors (7168K)
[12.584s][debug][gc,heap       ] GC(72)  Metaspace       used 557K, committed 704K, reserved 1114112K
[12.584s][debug][gc,heap       ] GC(72)   class space    used 37K, committed 128K, reserved 1048576K
[12.585s][info ][gc,start      ] GC(72) Pause Young (Normal) (G1 Evacuation Pause)
[12.585s][info ][gc,task       ] GC(72) Using 10 workers of 10 for evacuation
[12.586s][trace][gc,ergo,cset  ] GC(72) Start choosing CSet. Pending cards: 286 target pause time: 200.00ms
[12.586s][trace][gc,ergo,cset  ] GC(72) Added young regions to CSet. Eden: 44 regions, Survivors: 7 regions, predicted eden time: 55.57ms, predicted base time: 27.75ms, target pause time: 200.00ms, remaining time: 116.68ms
[12.587s][debug][gc,ergo       ] GC(72) Running G1 Merge Heap Roots using 10 workers for 51 regions
[12.631s][debug][gc,ergo       ] GC(72) Running G1 Rebuild Free List Task using 10 workers for rebuilding free list of regions
[12.631s][debug][gc,ergo,heap  ] GC(72) Heap expansion: short term pause time ratio 74.59% long term pause time ratio 64.54% threshold 7.69% pause time ratio 7.69% fully expanded true resize by 0B
[12.631s][debug][gc,ergo,refine] GC(72) Concurrent refinement times: Logged Cards Scan time goal: 20.00ms Logged Cards Scan time: 0.30ms HCC time: 0.00ms
[12.631s][trace][gc,ergo,refine] GC(72) Updating Refinement Zones: logged cards scan time: 0.301ms, processed cards: 261, goal time: 19.999ms
[12.632s][debug][gc,ergo,refine] GC(72) Updated Refinement Zones: green: 2560, yellow: 7680, red: 12800
[12.632s][info ][gc,phases     ] GC(72)   Pre Evacuate Collection Set: 0.7ms
[12.632s][info ][gc,phases     ] GC(72)   Merge Heap Roots: 0.3ms
[12.632s][info ][gc,phases     ] GC(72)   Evacuate Collection Set: 31.5ms
[12.632s][info ][gc,phases     ] GC(72)   Post Evacuate Collection Set: 12.5ms
[12.632s][info ][gc,phases     ] GC(72)   Other: 2.8ms
[12.632s][info ][gc,heap       ] GC(72) Eden regions: 44->0(44)
[12.632s][info ][gc,heap       ] GC(72) Survivor regions: 7->7(7)
[12.632s][info ][gc,heap       ] GC(72) Old regions: 860->903
[12.632s][info ][gc,heap       ] GC(72) Archive regions: 2->2
[12.632s][info ][gc,heap       ] GC(72) Humongous regions: 0->0
[12.632s][info ][gc,metaspace  ] GC(72) Metaspace: 557K(704K)->557K(704K) NonClass: 520K(576K)->520K(576K) Class: 37K(128K)->37K(128K)
[12.632s][debug][gc,heap       ] GC(72) Heap after GC invocations=72 (full 0):
[12.632s][debug][gc,heap       ] GC(72)  garbage-first heap   total 1048576K, used 932272K [0x00000000c0000000, 0x0000000100000000)
[12.632s][debug][gc,heap       ] GC(72)   region size 1024K, 7 young (7168K), 7 survivors (7168K)
[12.633s][debug][gc,heap       ] GC(72)  Metaspace       used 557K, committed 704K, reserved 1114112K
[12.633s][debug][gc,heap       ] GC(72)   class space    used 37K, committed 128K, reserved 1048576K
[12.633s][info ][gc            ] GC(72) Pause Young (Normal) (G1 Evacuation Pause) 911M->910M(1024M) 47.446ms
[12.633s][info ][gc,cpu        ] GC(72) User=0.10s Sys=0.09s Real=0.05s
[12.634s][info ][gc,marking    ] GC(71) Concurrent Mark From Roots 66.395ms
[12.634s][info ][gc,marking    ] GC(71) Concurrent Preclean
[12.634s][info ][gc,marking    ] GC(71) Concurrent Preclean 0.129ms
[12.634s][info ][gc,start      ] GC(71) Pause Remark
[12.639s][debug][gc,ergo       ] GC(71) Running G1 Update RemSet Tracking Before Rebuild using 3 workers for 1024 regions in heap
[12.781s][info ][gc            ] GC(71) Pause Remark 912M->190M(1024M) 146.535ms
[12.781s][info ][gc,cpu        ] GC(71) User=1.23s Sys=0.09s Real=0.15s
[12.781s][info ][gc,marking    ] GC(71) Concurrent Mark 214.129ms
[12.781s][info ][gc,marking    ] GC(71) Concurrent Rebuild Remembered Sets
[12.787s][info ][gc,marking    ] GC(71) Concurrent Rebuild Remembered Sets 6.008ms
[12.788s][info ][gc,start      ] GC(71) Pause Cleanup
[12.800s][debug][gc,ergo,cset  ] GC(71) Pruned 61 regions out of 74, leaving 53110544 bytes waste (allowed 53687091)
[12.800s][info ][gc            ] GC(71) Pause Cleanup 206M->206M(1024M) 12.498ms
[12.800s][info ][gc,cpu        ] GC(71) User=0.00s Sys=0.02s Real=0.02s
[12.800s][info ][gc,marking    ] GC(71) Concurrent Cleanup for Next Mark
[12.800s][debug][gc,ergo       ] GC(71) Running G1 Clear Bitmap with 3 workers for 16 work units.
[12.804s][info ][gc,marking    ] GC(71) Concurrent Cleanup for Next Mark 3.416ms
[12.804s][info ][gc            ] GC(71) Concurrent Mark Cycle 237.416ms
[12.821s][debug][gc,heap       ] GC(73) Heap before GC invocations=73 (full 0):
[12.822s][debug][gc,heap       ] GC(73)  garbage-first heap   total 1048576K, used 236976K [0x00000000c0000000, 0x0000000100000000)
[12.822s][debug][gc,heap       ] GC(73)   region size 1024K, 51 young (52224K), 7 survivors (7168K)
[12.822s][debug][gc,heap       ] GC(73)  Metaspace       used 557K, committed 704K, reserved 1114112K
[12.822s][debug][gc,heap       ] GC(73)   class space    used 37K, committed 128K, reserved 1048576K
[12.822s][info ][gc,start      ] GC(73) Pause Young (Prepare Mixed) (G1 Evacuation Pause)
[12.823s][info ][gc,task       ] GC(73) Using 10 workers of 10 for evacuation
[12.823s][trace][gc,ergo,cset  ] GC(73) Start choosing CSet. Pending cards: 281 target pause time: 200.00ms
[12.823s][trace][gc,ergo,cset  ] GC(73) Added young regions to CSet. Eden: 44 regions, Survivors: 7 regions, predicted eden time: 37.24ms, predicted base time: 24.78ms, target pause time: 200.00ms, remaining time: 137.98ms
[12.823s][debug][gc,ergo       ] GC(73) Running G1 Merge Heap Roots using 10 workers for 51 regions
[12.876s][debug][gc,ergo       ] GC(73) Running G1 Rebuild Free List Task using 10 workers for rebuilding free list of regions
[12.878s][debug][gc,ergo,heap  ] GC(73) Heap expansion: short term pause time ratio 63.79% long term pause time ratio 70.50% threshold 7.69% pause time ratio 7.69% fully expanded true resize by 0B
[12.878s][debug][gc,ergo,refine] GC(73) Concurrent refinement times: Logged Cards Scan time goal: 20.00ms Logged Cards Scan time: 0.20ms HCC time: 0.00ms
[12.878s][trace][gc,ergo,refine] GC(73) Updating Refinement Zones: logged cards scan time: 0.205ms, processed cards: 256, goal time: 19.999ms
[12.878s][debug][gc,ergo,refine] GC(73) Updated Refinement Zones: green: 2560, yellow: 7680, red: 12800
[12.878s][info ][gc,phases     ] GC(73)   Pre Evacuate Collection Set: 0.4ms
[12.878s][info ][gc,phases     ] GC(73)   Merge Heap Roots: 0.2ms
[12.878s][info ][gc,phases     ] GC(73)   Evacuate Collection Set: 41.8ms
[12.878s][info ][gc,phases     ] GC(73)   Post Evacuate Collection Set: 12.3ms
[12.878s][info ][gc,phases     ] GC(73)   Other: 2.4ms
[12.879s][info ][gc,heap       ] GC(73) Eden regions: 44->0(44)
[12.879s][info ][gc,heap       ] GC(73) Survivor regions: 7->7(7)
[12.879s][info ][gc,heap       ] GC(73) Old regions: 181->223
[12.879s][info ][gc,heap       ] GC(73) Archive regions: 2->2
[12.879s][info ][gc,heap       ] GC(73) Humongous regions: 0->0
[12.879s][info ][gc,metaspace  ] GC(73) Metaspace: 557K(704K)->557K(704K) NonClass: 520K(576K)->520K(576K) Class: 37K(128K)->37K(128K)
[12.880s][debug][gc,heap       ] GC(73) Heap after GC invocations=74 (full 0):
[12.880s][debug][gc,heap       ] GC(73)  garbage-first heap   total 1048576K, used 236208K [0x00000000c0000000, 0x0000000100000000)
[12.880s][debug][gc,heap       ] GC(73)   region size 1024K, 7 young (7168K), 7 survivors (7168K)
[12.880s][debug][gc,heap       ] GC(73)  Metaspace       used 557K, committed 704K, reserved 1114112K
[12.880s][debug][gc,heap       ] GC(73)   class space    used 37K, committed 128K, reserved 1048576K
[12.880s][info ][gc            ] GC(73) Pause Young (Prepare Mixed) (G1 Evacuation Pause) 232M->230M(1024M) 57.474ms
[12.880s][info ][gc,cpu        ] GC(73) User=0.16s Sys=0.02s Real=0.06s
[12.903s][debug][gc,heap       ] GC(74) Heap before GC invocations=74 (full 0):
[12.903s][debug][gc,heap       ] GC(74)  garbage-first heap   total 1048576K, used 280240K [0x00000000c0000000, 0x0000000100000000)
[12.903s][debug][gc,heap       ] GC(74)   region size 1024K, 51 young (52224K), 7 survivors (7168K)
[12.903s][debug][gc,heap       ] GC(74)  Metaspace       used 557K, committed 704K, reserved 1114112K
[12.903s][debug][gc,heap       ] GC(74)   class space    used 37K, committed 128K, reserved 1048576K
[12.904s][info ][gc,start      ] GC(74) Pause Young (Mixed) (G1 Evacuation Pause)
[12.904s][info ][gc,task       ] GC(74) Using 10 workers of 10 for evacuation
[12.904s][trace][gc,ergo,cset  ] GC(74) Start choosing CSet. Pending cards: 266 target pause time: 200.00ms
[12.904s][trace][gc,ergo,cset  ] GC(74) Added young regions to CSet. Eden: 44 regions, Survivors: 7 regions, predicted eden time: 41.30ms, predicted base time: 21.97ms, target pause time: 200.00ms, remaining time: 136.73ms
[12.904s][debug][gc,ergo,cset  ] GC(74) Start adding old regions to collection set. Min 3 regions, max 103 regions, time remaining 136.73ms, optional threshold 27.35ms
[12.904s][debug][gc,ergo,cset  ] GC(74) Old candidate collection set empty.
[12.904s][debug][gc,ergo,cset  ] GC(74) Finish choosing collection set old regions. Initial: 13, optional: 0, predicted old time: 0.00ms, predicted optional time: 0.00ms, time remaining: 118.85
[12.905s][debug][gc,ergo       ] GC(74) Running G1 Merge Heap Roots using 10 workers for 64 regions
[12.964s][debug][gc,ergo       ] GC(74) Running G1 Rebuild Free List Task using 10 workers for rebuilding free list of regions
[12.965s][debug][gc,ergo,heap  ] GC(74) Heap expansion: short term pause time ratio 71.28% long term pause time ratio 71.23% threshold 7.69% pause time ratio 7.69% fully expanded true resize by 0B
[12.965s][debug][gc,ergo       ] GC(74) do not continue mixed GCs (candidate old regions not available)
[12.965s][debug][gc,ergo,refine] GC(74) Concurrent refinement times: Logged Cards Scan time goal: 20.00ms Logged Cards Scan time: 0.20ms HCC time: 0.00ms
[12.965s][trace][gc,ergo,refine] GC(74) Updating Refinement Zones: logged cards scan time: 0.203ms, processed cards: 241, goal time: 19.998ms
[12.965s][debug][gc,ergo,refine] GC(74) Updated Refinement Zones: green: 2560, yellow: 7680, red: 12800
[12.965s][info ][gc,phases     ] GC(74)   Pre Evacuate Collection Set: 0.6ms
[12.965s][info ][gc,phases     ] GC(74)   Merge Heap Roots: 0.2ms
[12.965s][info ][gc,phases     ] GC(74)   Evacuate Collection Set: 37.9ms
[12.965s][info ][gc,phases     ] GC(74)   Post Evacuate Collection Set: 21.8ms
[12.965s][info ][gc,phases     ] GC(74)   Other: 1.7ms
[12.965s][info ][gc,heap       ] GC(74) Eden regions: 44->0(190)
[12.965s][info ][gc,heap       ] GC(74) Survivor regions: 7->7(7)
[12.965s][info ][gc,heap       ] GC(74) Old regions: 223->253
[12.965s][info ][gc,heap       ] GC(74) Archive regions: 2->2
[12.965s][info ][gc,heap       ] GC(74) Humongous regions: 0->0
[12.965s][info ][gc,metaspace  ] GC(74) Metaspace: 557K(704K)->557K(704K) NonClass: 520K(576K)->520K(576K) Class: 37K(128K)->37K(128K)
[12.966s][debug][gc,heap       ] GC(74) Heap after GC invocations=75 (full 0):
[12.966s][debug][gc,heap       ] GC(74)  garbage-first heap   total 1048576K, used 266416K [0x00000000c0000000, 0x0000000100000000)
[12.966s][debug][gc,heap       ] GC(74)   region size 1024K, 7 young (7168K), 7 survivors (7168K)
[12.966s][debug][gc,heap       ] GC(74)  Metaspace       used 557K, committed 704K, reserved 1114112K
[12.966s][debug][gc,heap       ] GC(74)   class space    used 37K, committed 128K, reserved 1048576K
[12.966s][info ][gc            ] GC(74) Pause Young (Mixed) (G1 Evacuation Pause) 274M->260M(1024M) 61.977ms
[12.966s][info ][gc,cpu        ] GC(74) User=0.22s Sys=0.01s Real=0.06s
[13.045s][debug][gc,heap       ] GC(75) Heap before GC invocations=75 (full 0):
[13.046s][debug][gc,heap       ] GC(75)  garbage-first heap   total 1048576K, used 459952K [0x00000000c0000000, 0x0000000100000000)
[13.046s][debug][gc,heap       ] GC(75)   region size 1024K, 197 young (201728K), 7 survivors (7168K)
[13.046s][debug][gc,heap       ] GC(75)  Metaspace       used 557K, committed 704K, reserved 1114112K
[13.046s][debug][gc,heap       ] GC(75)   class space    used 37K, committed 128K, reserved 1048576K
[13.047s][info ][gc,start      ] GC(75) Pause Young (Normal) (G1 Evacuation Pause)
[13.047s][info ][gc,task       ] GC(75) Using 10 workers of 10 for evacuation
[13.047s][trace][gc,ergo,cset  ] GC(75) Start choosing CSet. Pending cards: 273 target pause time: 200.00ms
[13.047s][trace][gc,ergo,cset  ] GC(75) Added young regions to CSet. Eden: 190 regions, Survivors: 7 regions, predicted eden time: 171.76ms, predicted base time: 22.97ms, target pause time: 200.00ms, remaining time: 5.27ms
[13.048s][debug][gc,ergo       ] GC(75) Running G1 Merge Heap Roots using 10 workers for 197 regions
[13.160s][debug][gc,ergo       ] GC(75) Running G1 Rebuild Free List Task using 10 workers for rebuilding free list of regions
[13.161s][debug][gc,ergo,heap  ] GC(75) Heap expansion: short term pause time ratio 70.32% long term pause time ratio 72.76% threshold 7.69% pause time ratio 7.69% fully expanded true resize by 0B
[13.161s][debug][gc,ergo,refine] GC(75) Concurrent refinement times: Logged Cards Scan time goal: 20.00ms Logged Cards Scan time: 0.25ms HCC time: 0.00ms
[13.161s][trace][gc,ergo,refine] GC(75) Updating Refinement Zones: logged cards scan time: 0.250ms, processed cards: 248, goal time: 19.998ms
[13.161s][debug][gc,ergo,refine] GC(75) Updated Refinement Zones: green: 2560, yellow: 7680, red: 12800
[13.161s][info ][gc,phases     ] GC(75)   Pre Evacuate Collection Set: 0.4ms
[13.161s][info ][gc,phases     ] GC(75)   Merge Heap Roots: 0.3ms
[13.161s][info ][gc,phases     ] GC(75)   Evacuate Collection Set: 72.0ms
[13.161s][info ][gc,phases     ] GC(75)   Post Evacuate Collection Set: 40.7ms
[13.161s][info ][gc,phases     ] GC(75)   Other: 2.4ms
[13.161s][info ][gc,heap       ] GC(75) Eden regions: 190->0(182)
[13.161s][info ][gc,heap       ] GC(75) Survivor regions: 7->25(25)
[13.161s][info ][gc,heap       ] GC(75) Old regions: 253->334
[13.161s][info ][gc,heap       ] GC(75) Archive regions: 2->2
[13.161s][info ][gc,heap       ] GC(75) Humongous regions: 0->0
[13.161s][info ][gc,metaspace  ] GC(75) Metaspace: 557K(704K)->557K(704K) NonClass: 520K(576K)->520K(576K) Class: 37K(128K)->37K(128K)
[13.162s][debug][gc,heap       ] GC(75) Heap after GC invocations=76 (full 0):
[13.162s][debug][gc,heap       ] GC(75)  garbage-first heap   total 1048576K, used 367792K [0x00000000c0000000, 0x0000000100000000)
[13.162s][debug][gc,heap       ] GC(75)   region size 1024K, 25 young (25600K), 25 survivors (25600K)
[13.162s][debug][gc,heap       ] GC(75)  Metaspace       used 557K, committed 704K, reserved 1114112K
[13.162s][debug][gc,heap       ] GC(75)   class space    used 37K, committed 128K, reserved 1048576K
[13.162s][info ][gc            ] GC(75) Pause Young (Normal) (G1 Evacuation Pause) 450M->359M(1024M) 114.830ms
[13.162s][info ][gc,cpu        ] GC(75) User=0.49s Sys=0.07s Real=0.12s
[13.234s][debug][gc,heap       ] GC(76) Heap before GC invocations=76 (full 0):
[13.234s][debug][gc,heap       ] GC(76)  garbage-first heap   total 1048576K, used 553136K [0x00000000c0000000, 0x0000000100000000)
[13.234s][debug][gc,heap       ] GC(76)   region size 1024K, 207 young (211968K), 25 survivors (25600K)
[13.234s][debug][gc,heap       ] GC(76)  Metaspace       used 557K, committed 704K, reserved 1114112K
[13.234s][debug][gc,heap       ] GC(76)   class space    used 37K, committed 128K, reserved 1048576K
[13.235s][info ][gc,start      ] GC(76) Pause Young (Normal) (G1 Evacuation Pause)
[13.236s][info ][gc,task       ] GC(76) Using 10 workers of 10 for evacuation
[13.236s][trace][gc,ergo,cset  ] GC(76) Start choosing CSet. Pending cards: 223 target pause time: 200.00ms
[13.236s][trace][gc,ergo,cset  ] GC(76) Added young regions to CSet. Eden: 182 regions, Survivors: 25 regions, predicted eden time: 156.18ms, predicted base time: 31.86ms, target pause time: 200.00ms, remaining time: 11.95ms
[13.236s][debug][gc,ergo       ] GC(76) Running G1 Merge Heap Roots using 10 workers for 207 regions
[13.351s][debug][gc,ergo       ] GC(76) Running G1 Rebuild Free List Task using 10 workers for rebuilding free list of regions
[13.351s][debug][gc,ergo,heap  ] GC(76) Heap expansion: short term pause time ratio 58.25% long term pause time ratio 72.23% threshold 7.69% pause time ratio 7.69% fully expanded true resize by 0B
[13.351s][debug][gc,ergo,refine] GC(76) Concurrent refinement times: Logged Cards Scan time goal: 20.00ms Logged Cards Scan time: 0.15ms HCC time: 0.00ms
[13.351s][trace][gc,ergo,refine] GC(76) Updating Refinement Zones: logged cards scan time: 0.149ms, processed cards: 198, goal time: 19.999ms
[13.351s][debug][gc,ergo,refine] GC(76) Updated Refinement Zones: green: 2560, yellow: 7680, red: 12800
[13.351s][info ][gc,phases     ] GC(76)   Pre Evacuate Collection Set: 0.4ms
[13.351s][info ][gc,phases     ] GC(76)   Merge Heap Roots: 0.3ms
[13.351s][info ][gc,phases     ] GC(76)   Evacuate Collection Set: 67.8ms
[13.351s][info ][gc,phases     ] GC(76)   Post Evacuate Collection Set: 45.9ms
[13.351s][info ][gc,phases     ] GC(76)   Other: 2.5ms
[13.351s][info ][gc,heap       ] GC(76) Eden regions: 182->0(186)
[13.351s][info ][gc,heap       ] GC(76) Survivor regions: 25->26(26)
[13.351s][info ][gc,heap       ] GC(76) Old regions: 334->418
[13.351s][info ][gc,heap       ] GC(76) Archive regions: 2->2
[13.351s][info ][gc,heap       ] GC(76) Humongous regions: 0->0
[13.351s][info ][gc,metaspace  ] GC(76) Metaspace: 557K(704K)->557K(704K) NonClass: 520K(576K)->520K(576K) Class: 37K(128K)->37K(128K)
[13.352s][debug][gc,heap       ] GC(76) Heap after GC invocations=77 (full 0):
[13.352s][debug][gc,heap       ] GC(76)  garbage-first heap   total 1048576K, used 454832K [0x00000000c0000000, 0x0000000100000000)
[13.352s][debug][gc,heap       ] GC(76)   region size 1024K, 26 young (26624K), 26 survivors (26624K)
[13.352s][debug][gc,heap       ] GC(76)  Metaspace       used 557K, committed 704K, reserved 1114112K
[13.352s][debug][gc,heap       ] GC(76)   class space    used 37K, committed 128K, reserved 1048576K
[13.352s][info ][gc            ] GC(76) Pause Young (Normal) (G1 Evacuation Pause) 541M->444M(1024M) 116.303ms
[13.352s][info ][gc,cpu        ] GC(76) User=0.49s Sys=0.10s Real=0.12s
[13.429s][debug][gc,heap       ] GC(77) Heap before GC invocations=77 (full 0):
[13.429s][debug][gc,heap       ] GC(77)  garbage-first heap   total 1048576K, used 644272K [0x00000000c0000000, 0x0000000100000000)
[13.429s][debug][gc,heap       ] GC(77)   region size 1024K, 212 young (217088K), 26 survivors (26624K)
[13.429s][debug][gc,heap       ] GC(77)  Metaspace       used 557K, committed 704K, reserved 1114112K
[13.429s][debug][gc,heap       ] GC(77)   class space    used 37K, committed 128K, reserved 1048576K
[13.430s][info ][gc,start      ] GC(77) Pause Young (Normal) (G1 Evacuation Pause)
[13.430s][info ][gc,task       ] GC(77) Using 10 workers of 10 for evacuation
[13.430s][trace][gc,ergo,cset  ] GC(77) Start choosing CSet. Pending cards: 209 target pause time: 200.00ms
[13.430s][trace][gc,ergo,cset  ] GC(77) Added young regions to CSet. Eden: 186 regions, Survivors: 26 regions, predicted eden time: 147.78ms, predicted base time: 39.30ms, target pause time: 200.00ms, remaining time: 12.92ms
[13.431s][debug][gc,ergo       ] GC(77) Running G1 Merge Heap Roots using 10 workers for 212 regions
[13.540s][debug][gc,ergo       ] GC(77) Running G1 Rebuild Free List Task using 10 workers for rebuilding free list of regions
[13.542s][debug][gc,ergo,heap  ] GC(77) Heap expansion: short term pause time ratio 60.80% long term pause time ratio 70.26% threshold 7.69% pause time ratio 7.69% fully expanded true resize by 0B
[13.542s][debug][gc,ergo,refine] GC(77) Concurrent refinement times: Logged Cards Scan time goal: 20.00ms Logged Cards Scan time: 0.14ms HCC time: 0.00ms
[13.542s][trace][gc,ergo,refine] GC(77) Updating Refinement Zones: logged cards scan time: 0.138ms, processed cards: 184, goal time: 19.997ms
[13.542s][debug][gc,ergo,refine] GC(77) Updated Refinement Zones: green: 2560, yellow: 7680, red: 12800
[13.542s][info ][gc,phases     ] GC(77)   Pre Evacuate Collection Set: 0.4ms
[13.542s][info ][gc,phases     ] GC(77)   Merge Heap Roots: 0.3ms
[13.542s][info ][gc,phases     ] GC(77)   Evacuate Collection Set: 66.1ms
[13.542s][info ][gc,phases     ] GC(77)   Post Evacuate Collection Set: 44.1ms
[13.542s][info ][gc,phases     ] GC(77)   Other: 2.1ms
[13.542s][info ][gc,heap       ] GC(77) Eden regions: 186->0(158)
[13.542s][info ][gc,heap       ] GC(77) Survivor regions: 26->27(27)
[13.542s][info ][gc,heap       ] GC(77) Old regions: 418->499
[13.542s][info ][gc,heap       ] GC(77) Archive regions: 2->2
[13.542s][info ][gc,heap       ] GC(77) Humongous regions: 0->0
[13.542s][info ][gc,metaspace  ] GC(77) Metaspace: 557K(704K)->557K(704K) NonClass: 520K(576K)->520K(576K) Class: 37K(128K)->37K(128K)
[13.543s][debug][gc,heap       ] GC(77) Heap after GC invocations=78 (full 0):
[13.543s][debug][gc,heap       ] GC(77)  garbage-first heap   total 1048576K, used 538672K [0x00000000c0000000, 0x0000000100000000)
[13.543s][debug][gc,heap       ] GC(77)   region size 1024K, 27 young (27648K), 27 survivors (27648K)
[13.543s][debug][gc,heap       ] GC(77)  Metaspace       used 557K, committed 704K, reserved 1114112K
[13.543s][debug][gc,heap       ] GC(77)   class space    used 37K, committed 128K, reserved 1048576K
[13.543s][info ][gc            ] GC(77) Pause Young (Normal) (G1 Evacuation Pause) 630M->526M(1024M) 113.122ms
[13.543s][info ][gc,cpu        ] GC(77) User=0.48s Sys=0.21s Real=0.11s
[13.614s][debug][gc,heap       ] GC(78) Heap before GC invocations=78 (full 0):
[13.614s][debug][gc,heap       ] GC(78)  garbage-first heap   total 1048576K, used 699440K [0x00000000c0000000, 0x0000000100000000)
[13.614s][debug][gc,heap       ] GC(78)   region size 1024K, 185 young (189440K), 27 survivors (27648K)
[13.614s][debug][gc,heap       ] GC(78)  Metaspace       used 557K, committed 704K, reserved 1114112K
[13.614s][debug][gc,heap       ] GC(78)   class space    used 37K, committed 128K, reserved 1048576K
[13.615s][info ][gc,start      ] GC(78) Pause Young (Normal) (G1 Evacuation Pause)
[13.615s][info ][gc,task       ] GC(78) Using 10 workers of 10 for evacuation
[13.615s][trace][gc,ergo,cset  ] GC(78) Start choosing CSet. Pending cards: 213 target pause time: 200.00ms
[13.615s][trace][gc,ergo,cset  ] GC(78) Added young regions to CSet. Eden: 158 regions, Survivors: 27 regions, predicted eden time: 119.29ms, predicted base time: 42.28ms, target pause time: 200.00ms, remaining time: 38.43ms
[13.616s][debug][gc,ergo       ] GC(78) Running G1 Merge Heap Roots using 10 workers for 185 regions
[13.714s][debug][gc,ergo       ] GC(78) Running G1 Rebuild Free List Task using 10 workers for rebuilding free list of regions
[13.714s][debug][gc,ergo,heap  ] GC(78) Heap expansion: short term pause time ratio 58.51% long term pause time ratio 68.22% threshold 7.69% pause time ratio 7.69% fully expanded true resize by 0B
[13.714s][debug][gc,ergo,refine] GC(78) Concurrent refinement times: Logged Cards Scan time goal: 20.00ms Logged Cards Scan time: 0.14ms HCC time: 0.00ms
[13.714s][trace][gc,ergo,refine] GC(78) Updating Refinement Zones: logged cards scan time: 0.142ms, processed cards: 188, goal time: 19.999ms
[13.714s][debug][gc,ergo,refine] GC(78) Updated Refinement Zones: green: 2560, yellow: 7680, red: 12800
[13.714s][info ][gc,phases     ] GC(78)   Pre Evacuate Collection Set: 0.4ms
[13.714s][info ][gc,phases     ] GC(78)   Merge Heap Roots: 0.3ms
[13.714s][info ][gc,phases     ] GC(78)   Evacuate Collection Set: 61.9ms
[13.714s][info ][gc,phases     ] GC(78)   Post Evacuate Collection Set: 35.8ms
[13.714s][info ][gc,phases     ] GC(78)   Other: 2.0ms
[13.714s][info ][gc,heap       ] GC(78) Eden regions: 158->0(129)
[13.714s][info ][gc,heap       ] GC(78) Survivor regions: 27->24(24)
[13.714s][info ][gc,heap       ] GC(78) Old regions: 499->573
[13.714s][info ][gc,heap       ] GC(78) Archive regions: 2->2
[13.714s][info ][gc,heap       ] GC(78) Humongous regions: 0->0
[13.714s][info ][gc,metaspace  ] GC(78) Metaspace: 557K(704K)->557K(704K) NonClass: 520K(576K)->520K(576K) Class: 37K(128K)->37K(128K)
[13.715s][debug][gc,heap       ] GC(78) Heap after GC invocations=79 (full 0):
[13.715s][debug][gc,heap       ] GC(78)  garbage-first heap   total 1048576K, used 611504K [0x00000000c0000000, 0x0000000100000000)
[13.715s][debug][gc,heap       ] GC(78)   region size 1024K, 24 young (24576K), 24 survivors (24576K)
[13.715s][debug][gc,heap       ] GC(78)  Metaspace       used 557K, committed 704K, reserved 1114112K
[13.715s][debug][gc,heap       ] GC(78)   class space    used 37K, committed 128K, reserved 1048576K
[13.715s][info ][gc            ] GC(78) Pause Young (Normal) (G1 Evacuation Pause) 683M->597M(1024M) 99.648ms
[13.715s][info ][gc,cpu        ] GC(78) User=0.45s Sys=0.10s Real=0.10s
[13.775s][debug][gc,heap       ] GC(79) Heap before GC invocations=79 (full 0):
[13.776s][debug][gc,heap       ] GC(79)  garbage-first heap   total 1048576K, used 742576K [0x00000000c0000000, 0x0000000100000000)
[13.776s][debug][gc,heap       ] GC(79)   region size 1024K, 153 young (156672K), 24 survivors (24576K)
[13.776s][debug][gc,heap       ] GC(79)  Metaspace       used 557K, committed 704K, reserved 1114112K
[13.776s][debug][gc,heap       ] GC(79)   class space    used 37K, committed 128K, reserved 1048576K
[13.777s][info ][gc,start      ] GC(79) Pause Young (Normal) (G1 Evacuation Pause)
[13.777s][info ][gc,task       ] GC(79) Using 10 workers of 10 for evacuation
[13.777s][trace][gc,ergo,cset  ] GC(79) Start choosing CSet. Pending cards: 203 target pause time: 200.00ms
[13.777s][trace][gc,ergo,cset  ] GC(79) Added young regions to CSet. Eden: 129 regions, Survivors: 24 regions, predicted eden time: 96.25ms, predicted base time: 41.46ms, target pause time: 200.00ms, remaining time: 62.28ms
[13.777s][debug][gc,ergo       ] GC(79) Running G1 Merge Heap Roots using 10 workers for 153 regions
[13.879s][debug][gc,ergo       ] GC(79) Running G1 Rebuild Free List Task using 10 workers for rebuilding free list of regions
[13.880s][debug][gc,ergo,heap  ] GC(79) Heap expansion: short term pause time ratio 57.32% long term pause time ratio 66.76% threshold 7.69% pause time ratio 7.69% fully expanded true resize by 0B
[13.880s][debug][gc,ergo,refine] GC(79) Concurrent refinement times: Logged Cards Scan time goal: 20.00ms Logged Cards Scan time: 0.20ms HCC time: 0.00ms
[13.880s][trace][gc,ergo,refine] GC(79) Updating Refinement Zones: logged cards scan time: 0.200ms, processed cards: 178, goal time: 19.999ms
[13.880s][debug][gc,ergo,refine] GC(79) Updated Refinement Zones: green: 2560, yellow: 7680, red: 12800
[13.880s][info ][gc,phases     ] GC(79)   Pre Evacuate Collection Set: 0.4ms
[13.880s][info ][gc,phases     ] GC(79)   Merge Heap Roots: 0.3ms
[13.880s][info ][gc,phases     ] GC(79)   Evacuate Collection Set: 64.4ms
[13.880s][info ][gc,phases     ] GC(79)   Post Evacuate Collection Set: 37.1ms
[13.880s][info ][gc,phases     ] GC(79)   Other: 2.0ms
[13.880s][info ][gc,heap       ] GC(79) Eden regions: 129->0(96)
[13.880s][info ][gc,heap       ] GC(79) Survivor regions: 24->20(20)
[13.880s][info ][gc,heap       ] GC(79) Old regions: 573->647
[13.880s][info ][gc,heap       ] GC(79) Archive regions: 2->2
[13.880s][info ][gc,heap       ] GC(79) Humongous regions: 0->0
[13.880s][info ][gc,metaspace  ] GC(79) Metaspace: 557K(704K)->557K(704K) NonClass: 520K(576K)->520K(576K) Class: 37K(128K)->37K(128K)
[13.880s][debug][gc,heap       ] GC(79) Heap after GC invocations=80 (full 0):
[13.880s][debug][gc,heap       ] GC(79)  garbage-first heap   total 1048576K, used 683568K [0x00000000c0000000, 0x0000000100000000)
[13.880s][debug][gc,heap       ] GC(79)   region size 1024K, 20 young (20480K), 20 survivors (20480K)
[13.880s][debug][gc,heap       ] GC(79)  Metaspace       used 557K, committed 704K, reserved 1114112K
[13.880s][debug][gc,heap       ] GC(79)   class space    used 37K, committed 128K, reserved 1048576K
[13.880s][info ][gc            ] GC(79) Pause Young (Normal) (G1 Evacuation Pause) 726M->667M(1024M) 103.519ms
[13.880s][info ][gc,cpu        ] GC(79) User=0.46s Sys=0.10s Real=0.11s
[13.916s][debug][gc,heap       ] GC(80) Heap before GC invocations=80 (full 0):
[13.916s][debug][gc,heap       ] GC(80)  garbage-first heap   total 1048576K, used 780848K [0x00000000c0000000, 0x0000000100000000)
[13.916s][debug][gc,heap       ] GC(80)   region size 1024K, 116 young (118784K), 20 survivors (20480K)
[13.916s][debug][gc,heap       ] GC(80)  Metaspace       used 557K, committed 704K, reserved 1114112K
[13.916s][debug][gc,heap       ] GC(80)   class space    used 37K, committed 128K, reserved 1048576K
[13.917s][info ][gc,start      ] GC(80) Pause Young (Normal) (G1 Evacuation Pause)
[13.917s][info ][gc,task       ] GC(80) Using 10 workers of 10 for evacuation
[13.918s][trace][gc,ergo,cset  ] GC(80) Start choosing CSet. Pending cards: 214 target pause time: 200.00ms
[13.918s][trace][gc,ergo,cset  ] GC(80) Added young regions to CSet. Eden: 96 regions, Survivors: 20 regions, predicted eden time: 77.28ms, predicted base time: 41.20ms, target pause time: 200.00ms, remaining time: 81.52ms
[13.918s][debug][gc,ergo       ] GC(80) Running G1 Merge Heap Roots using 10 workers for 116 regions
[14.007s][debug][gc,ergo       ] GC(80) Running G1 Rebuild Free List Task using 10 workers for rebuilding free list of regions
[14.008s][debug][gc,ergo,heap  ] GC(80) Heap expansion: short term pause time ratio 62.13% long term pause time ratio 65.81% threshold 7.69% pause time ratio 7.69% fully expanded true resize by 0B
[14.008s][debug][gc,ergo,refine] GC(80) Concurrent refinement times: Logged Cards Scan time goal: 20.00ms Logged Cards Scan time: 0.24ms HCC time: 0.00ms
[14.008s][trace][gc,ergo,refine] GC(80) Updating Refinement Zones: logged cards scan time: 0.242ms, processed cards: 189, goal time: 19.999ms
[14.008s][debug][gc,ergo,refine] GC(80) Updated Refinement Zones: green: 2560, yellow: 7680, red: 12800
[14.008s][info ][gc,phases     ] GC(80)   Pre Evacuate Collection Set: 0.5ms
[14.008s][info ][gc,phases     ] GC(80)   Merge Heap Roots: 0.3ms
[14.008s][info ][gc,phases     ] GC(80)   Evacuate Collection Set: 62.1ms
[14.008s][info ][gc,phases     ] GC(80)   Post Evacuate Collection Set: 26.7ms
[14.008s][info ][gc,phases     ] GC(80)   Other: 2.0ms
[14.008s][info ][gc,heap       ] GC(80) Eden regions: 96->0(63)
[14.008s][info ][gc,heap       ] GC(80) Survivor regions: 20->15(15)
[14.008s][info ][gc,heap       ] GC(80) Old regions: 647->719
[14.008s][info ][gc,heap       ] GC(80) Archive regions: 2->2
[14.008s][info ][gc,heap       ] GC(80) Humongous regions: 0->0
[14.008s][info ][gc,metaspace  ] GC(80) Metaspace: 557K(704K)->557K(704K) NonClass: 520K(576K)->520K(576K) Class: 37K(128K)->37K(128K)
[14.008s][debug][gc,heap       ] GC(80) Heap after GC invocations=81 (full 0):
[14.008s][debug][gc,heap       ] GC(80)  garbage-first heap   total 1048576K, used 752432K [0x00000000c0000000, 0x0000000100000000)
[14.008s][debug][gc,heap       ] GC(80)   region size 1024K, 15 young (15360K), 15 survivors (15360K)
[14.008s][debug][gc,heap       ] GC(80)  Metaspace       used 557K, committed 704K, reserved 1114112K
[14.008s][debug][gc,heap       ] GC(80)   class space    used 37K, committed 128K, reserved 1048576K
[14.008s][info ][gc            ] GC(80) Pause Young (Normal) (G1 Evacuation Pause) 763M->734M(1024M) 91.021ms
[14.008s][info ][gc,cpu        ] GC(80) User=0.32s Sys=0.04s Real=0.09s
[14.039s][debug][gc,heap       ] GC(81) Heap before GC invocations=81 (full 0):
[14.039s][debug][gc,heap       ] GC(81)  garbage-first heap   total 1048576K, used 815920K [0x00000000c0000000, 0x0000000100000000)
[14.039s][debug][gc,heap       ] GC(81)   region size 1024K, 78 young (79872K), 15 survivors (15360K)
[14.039s][debug][gc,heap       ] GC(81)  Metaspace       used 557K, committed 704K, reserved 1114112K
[14.039s][debug][gc,heap       ] GC(81)   class space    used 37K, committed 128K, reserved 1048576K
[14.040s][info ][gc,start      ] GC(81) Pause Young (Normal) (G1 Evacuation Pause)
[14.040s][info ][gc,task       ] GC(81) Using 10 workers of 10 for evacuation
[14.040s][trace][gc,ergo,cset  ] GC(81) Start choosing CSet. Pending cards: 256 target pause time: 200.00ms
[14.040s][trace][gc,ergo,cset  ] GC(81) Added young regions to CSet. Eden: 63 regions, Survivors: 15 regions, predicted eden time: 57.78ms, predicted base time: 38.25ms, target pause time: 200.00ms, remaining time: 103.97ms
[14.041s][debug][gc,ergo       ] GC(81) Running G1 Merge Heap Roots using 10 workers for 78 regions
[14.101s][debug][gc,ergo       ] GC(81) Running G1 Rebuild Free List Task using 10 workers for rebuilding free list of regions
[14.102s][debug][gc,ergo,heap  ] GC(81) Heap expansion: short term pause time ratio 70.36% long term pause time ratio 66.02% threshold 7.69% pause time ratio 7.69% fully expanded true resize by 0B
[14.103s][debug][gc,ergo,refine] GC(81) Concurrent refinement times: Logged Cards Scan time goal: 20.00ms Logged Cards Scan time: 0.20ms HCC time: 0.00ms
[14.103s][trace][gc,ergo,refine] GC(81) Updating Refinement Zones: logged cards scan time: 0.203ms, processed cards: 231, goal time: 19.999ms
[14.103s][debug][gc,ergo,refine] GC(81) Updated Refinement Zones: green: 2560, yellow: 7680, red: 12800
[14.103s][info ][gc,phases     ] GC(81)   Pre Evacuate Collection Set: 0.4ms
[14.103s][info ][gc,phases     ] GC(81)   Merge Heap Roots: 0.3ms
[14.103s][info ][gc,phases     ] GC(81)   Evacuate Collection Set: 42.1ms
[14.103s][info ][gc,phases     ] GC(81)   Post Evacuate Collection Set: 19.0ms
[14.103s][info ][gc,phases     ] GC(81)   Other: 2.4ms
[14.103s][info ][gc,heap       ] GC(81) Eden regions: 63->0(44)
[14.103s][info ][gc,heap       ] GC(81) Survivor regions: 15->10(10)
[14.103s][info ][gc,heap       ] GC(81) Old regions: 719->777
[14.103s][info ][gc,heap       ] GC(81) Archive regions: 2->2
[14.103s][info ][gc,heap       ] GC(81) Humongous regions: 0->0
[14.103s][info ][gc,metaspace  ] GC(81) Metaspace: 557K(704K)->557K(704K) NonClass: 520K(576K)->520K(576K) Class: 37K(128K)->37K(128K)
[14.108s][debug][gc,heap       ] GC(81) Heap after GC invocations=82 (full 0):
[14.108s][debug][gc,heap       ] GC(81)  garbage-first heap   total 1048576K, used 806064K [0x00000000c0000000, 0x0000000100000000)
[14.108s][debug][gc,heap       ] GC(81)   region size 1024K, 10 young (10240K), 10 survivors (10240K)
[14.108s][debug][gc,heap       ] GC(81)  Metaspace       used 557K, committed 704K, reserved 1114112K
[14.108s][debug][gc,heap       ] GC(81)   class space    used 37K, committed 128K, reserved 1048576K
[14.108s][info ][gc            ] GC(81) Pause Young (Normal) (G1 Evacuation Pause) 797M->787M(1024M) 67.925ms
[14.108s][info ][gc,cpu        ] GC(81) User=0.24s Sys=0.01s Real=0.06s
[14.128s][debug][gc,heap       ] GC(82) Heap before GC invocations=82 (full 0):
[14.129s][debug][gc,heap       ] GC(82)  garbage-first heap   total 1048576K, used 850096K [0x00000000c0000000, 0x0000000100000000)
[14.129s][debug][gc,heap       ] GC(82)   region size 1024K, 54 young (55296K), 10 survivors (10240K)
[14.129s][debug][gc,heap       ] GC(82)  Metaspace       used 557K, committed 704K, reserved 1114112K
[14.129s][debug][gc,heap       ] GC(82)   class space    used 37K, committed 128K, reserved 1048576K
[14.129s][info ][gc,start      ] GC(82) Pause Young (Normal) (G1 Evacuation Pause)
[14.129s][info ][gc,task       ] GC(82) Using 10 workers of 10 for evacuation
[14.129s][trace][gc,ergo,cset  ] GC(82) Start choosing CSet. Pending cards: 262 target pause time: 200.00ms
[14.129s][trace][gc,ergo,cset  ] GC(82) Added young regions to CSet. Eden: 44 regions, Survivors: 10 regions, predicted eden time: 40.38ms, predicted base time: 34.48ms, target pause time: 200.00ms, remaining time: 125.14ms
[14.130s][debug][gc,ergo       ] GC(82) Running G1 Merge Heap Roots using 10 workers for 54 regions
[14.173s][debug][gc,ergo       ] GC(82) Running G1 Rebuild Free List Task using 10 workers for rebuilding free list of regions
[14.173s][debug][gc,ergo,heap  ] GC(82) Heap expansion: short term pause time ratio 65.98% long term pause time ratio 62.39% threshold 7.69% pause time ratio 7.69% fully expanded true resize by 0B
[14.173s][debug][gc,ergo,ihop  ] GC(82) Request concurrent cycle initiation (occupancy higher than threshold) occupancy: 862978048B allocation request: 0B threshold: 855660029B (79.69) source: end of GC
[14.173s][debug][gc,ergo,refine] GC(82) Concurrent refinement times: Logged Cards Scan time goal: 20.00ms Logged Cards Scan time: 0.20ms HCC time: 0.00ms
[14.173s][trace][gc,ergo,refine] GC(82) Updating Refinement Zones: logged cards scan time: 0.200ms, processed cards: 237, goal time: 19.998ms
[14.173s][debug][gc,ergo,refine] GC(82) Updated Refinement Zones: green: 2560, yellow: 7680, red: 12800
[14.173s][info ][gc,phases     ] GC(82)   Pre Evacuate Collection Set: 0.4ms
[14.173s][info ][gc,phases     ] GC(82)   Merge Heap Roots: 0.3ms
[14.173s][info ][gc,phases     ] GC(82)   Evacuate Collection Set: 30.6ms
[14.173s][info ][gc,phases     ] GC(82)   Post Evacuate Collection Set: 12.2ms
[14.173s][info ][gc,phases     ] GC(82)   Other: 1.5ms
[14.173s][info ][gc,heap       ] GC(82) Eden regions: 44->0(44)
[14.173s][info ][gc,heap       ] GC(82) Survivor regions: 10->7(7)
[14.173s][info ][gc,heap       ] GC(82) Old regions: 777->821
[14.173s][info ][gc,heap       ] GC(82) Archive regions: 2->2
[14.173s][info ][gc,heap       ] GC(82) Humongous regions: 0->0
[14.173s][info ][gc,metaspace  ] GC(82) Metaspace: 557K(704K)->557K(704K) NonClass: 520K(576K)->520K(576K) Class: 37K(128K)->37K(128K)
[14.174s][debug][gc,heap       ] GC(82) Heap after GC invocations=83 (full 0):
[14.174s][debug][gc,heap       ] GC(82)  garbage-first heap   total 1048576K, used 848180K [0x00000000c0000000, 0x0000000100000000)
[14.174s][debug][gc,heap       ] GC(82)   region size 1024K, 7 young (7168K), 7 survivors (7168K)
[14.174s][debug][gc,heap       ] GC(82)  Metaspace       used 557K, committed 704K, reserved 1114112K
[14.174s][debug][gc,heap       ] GC(82)   class space    used 37K, committed 128K, reserved 1048576K
[14.174s][info ][gc            ] GC(82) Pause Young (Normal) (G1 Evacuation Pause) 831M->828M(1024M) 44.746ms
[14.174s][info ][gc,cpu        ] GC(82) User=0.14s Sys=0.02s Real=0.04s
[14.190s][debug][gc,heap       ] GC(83) Heap before GC invocations=83 (full 0):
[14.190s][debug][gc,heap       ] GC(83)  garbage-first heap   total 1048576K, used 892212K [0x00000000c0000000, 0x0000000100000000)
[14.190s][debug][gc,heap       ] GC(83)   region size 1024K, 51 young (52224K), 7 survivors (7168K)
[14.190s][debug][gc,heap       ] GC(83)  Metaspace       used 557K, committed 704K, reserved 1114112K
[14.190s][debug][gc,heap       ] GC(83)   class space    used 37K, committed 128K, reserved 1048576K
[14.191s][debug][gc,ergo       ] GC(83) Initiate concurrent cycle (concurrent cycle initiation requested)
[14.191s][info ][gc,start      ] GC(83) Pause Young (Concurrent Start) (G1 Evacuation Pause)
[14.191s][info ][gc,task       ] GC(83) Using 10 workers of 10 for evacuation
[14.191s][trace][gc,ergo,cset  ] GC(83) Start choosing CSet. Pending cards: 280 target pause time: 200.00ms
[14.191s][trace][gc,ergo,cset  ] GC(83) Added young regions to CSet. Eden: 44 regions, Survivors: 7 regions, predicted eden time: 38.53ms, predicted base time: 30.16ms, target pause time: 200.00ms, remaining time: 131.31ms
[14.192s][debug][gc,ergo       ] GC(83) Running G1 Merge Heap Roots using 10 workers for 51 regions
[14.235s][debug][gc,ergo       ] GC(83) Running G1 Rebuild Free List Task using 10 workers for rebuilding free list of regions
[14.236s][debug][gc,ergo,heap  ] GC(83) Heap expansion: short term pause time ratio 62.06% long term pause time ratio 62.35% threshold 7.69% pause time ratio 7.69% fully expanded true resize by 0B
[14.236s][debug][gc,ergo,refine] GC(83) Concurrent refinement times: Logged Cards Scan time goal: 20.00ms Logged Cards Scan time: 0.30ms HCC time: 0.00ms
[14.236s][trace][gc,ergo,refine] GC(83) Updating Refinement Zones: logged cards scan time: 0.295ms, processed cards: 263, goal time: 19.999ms
[14.236s][debug][gc,ergo,refine] GC(83) Updated Refinement Zones: green: 2560, yellow: 7680, red: 12800
[14.236s][info ][gc,phases     ] GC(83)   Pre Evacuate Collection Set: 0.5ms
[14.236s][info ][gc,phases     ] GC(83)   Merge Heap Roots: 0.3ms
[14.236s][info ][gc,phases     ] GC(83)   Evacuate Collection Set: 32.2ms
[14.236s][info ][gc,phases     ] GC(83)   Post Evacuate Collection Set: 11.0ms
[14.236s][info ][gc,phases     ] GC(83)   Other: 1.9ms
[14.236s][info ][gc,heap       ] GC(83) Eden regions: 44->0(44)
[14.236s][info ][gc,heap       ] GC(83) Survivor regions: 7->7(7)
[14.236s][info ][gc,heap       ] GC(83) Old regions: 821->864
[14.236s][info ][gc,heap       ] GC(83) Archive regions: 2->2
[14.236s][info ][gc,heap       ] GC(83) Humongous regions: 0->0
[14.236s][info ][gc,metaspace  ] GC(83) Metaspace: 557K(704K)->557K(704K) NonClass: 520K(576K)->520K(576K) Class: 37K(128K)->37K(128K)
[14.237s][debug][gc,heap       ] GC(83) Heap after GC invocations=84 (full 0):
[14.237s][debug][gc,heap       ] GC(83)  garbage-first heap   total 1048576K, used 891954K [0x00000000c0000000, 0x0000000100000000)
[14.237s][debug][gc,heap       ] GC(83)   region size 1024K, 7 young (7168K), 7 survivors (7168K)
[14.237s][debug][gc,heap       ] GC(83)  Metaspace       used 557K, committed 704K, reserved 1114112K
[14.237s][debug][gc,heap       ] GC(83)   class space    used 37K, committed 128K, reserved 1048576K
[14.237s][info ][gc            ] GC(83) Pause Young (Concurrent Start) (G1 Evacuation Pause) 872M->871M(1024M) 46.264ms
[14.237s][info ][gc,cpu        ] GC(83) User=0.14s Sys=0.03s Real=0.04s
[14.237s][info ][gc            ] GC(84) Concurrent Mark Cycle
[14.237s][info ][gc,marking    ] GC(84) Concurrent Clear Claimed Marks
[14.237s][info ][gc,marking    ] GC(84) Concurrent Clear Claimed Marks 0.014ms
[14.237s][info ][gc,marking    ] GC(84) Concurrent Scan Root Regions
[14.237s][debug][gc,ergo       ] GC(84) Running G1 Root Region Scan using 3 workers for 51 work units.
[14.238s][info ][gc,marking    ] GC(84) Concurrent Scan Root Regions 0.843ms
[14.238s][info ][gc,marking    ] GC(84) Concurrent Mark
[14.238s][info ][gc,marking    ] GC(84) Concurrent Mark From Roots
[14.238s][info ][gc,task       ] GC(84) Using 3 workers of 3 for marking
[14.256s][info ][gc,marking    ] GC(84) Concurrent Mark From Roots 17.523ms
[14.256s][info ][gc,marking    ] GC(84) Concurrent Preclean
[14.256s][info ][gc,marking    ] GC(84) Concurrent Preclean 0.146ms
[14.256s][info ][gc,start      ] GC(84) Pause Remark
[14.260s][debug][gc,ergo       ] GC(84) Running G1 Update RemSet Tracking Before Rebuild using 3 workers for 1024 regions in heap
[14.413s][info ][gc            ] GC(84) Pause Remark 897M->172M(1024M) 156.669ms
[14.413s][info ][gc,cpu        ] GC(84) User=1.38s Sys=0.06s Real=0.16s
[14.413s][info ][gc,marking    ] GC(84) Concurrent Mark 175.243ms
[14.414s][info ][gc,marking    ] GC(84) Concurrent Rebuild Remembered Sets
[14.420s][info ][gc,marking    ] GC(84) Concurrent Rebuild Remembered Sets 6.101ms
[14.420s][info ][gc,start      ] GC(84) Pause Cleanup
[14.422s][debug][gc,ergo,cset  ] GC(84) Pruned 63 regions out of 80, leaving 53504368 bytes waste (allowed 53687091)
[14.422s][info ][gc            ] GC(84) Pause Cleanup 189M->189M(1024M) 1.684ms
[14.422s][info ][gc,cpu        ] GC(84) User=0.00s Sys=0.00s Real=0.00s
[14.422s][info ][gc,marking    ] GC(84) Concurrent Cleanup for Next Mark
[14.422s][debug][gc,ergo       ] GC(84) Running G1 Clear Bitmap with 3 workers for 16 work units.
[14.422s][debug][gc,heap       ] GC(85) Heap before GC invocations=85 (full 0):
[14.422s][debug][gc,heap       ] GC(85)  garbage-first heap   total 1048576K, used 193586K [0x00000000c0000000, 0x0000000100000000)
[14.422s][debug][gc,heap       ] GC(85)   region size 1024K, 51 young (52224K), 7 survivors (7168K)
[14.422s][debug][gc,heap       ] GC(85)  Metaspace       used 557K, committed 704K, reserved 1114112K
[14.422s][debug][gc,heap       ] GC(85)   class space    used 37K, committed 128K, reserved 1048576K
[14.423s][info ][gc,start      ] GC(85) Pause Young (Prepare Mixed) (G1 Evacuation Pause)
[14.423s][info ][gc,task       ] GC(85) Using 10 workers of 10 for evacuation
[14.423s][trace][gc,ergo,cset  ] GC(85) Start choosing CSet. Pending cards: 307 target pause time: 200.00ms
[14.423s][trace][gc,ergo,cset  ] GC(85) Added young regions to CSet. Eden: 44 regions, Survivors: 7 regions, predicted eden time: 37.77ms, predicted base time: 26.29ms, target pause time: 200.00ms, remaining time: 135.94ms
[14.424s][debug][gc,ergo       ] GC(85) Running G1 Merge Heap Roots using 10 workers for 51 regions
[14.480s][debug][gc,ergo       ] GC(85) Running G1 Rebuild Free List Task using 10 workers for rebuilding free list of regions
[14.485s][debug][gc,ergo,heap  ] GC(85) Heap expansion: short term pause time ratio 17.70% long term pause time ratio 65.68% threshold 7.69% pause time ratio 7.69% fully expanded true resize by 0B
[14.485s][debug][gc,ergo,refine] GC(85) Concurrent refinement times: Logged Cards Scan time goal: 20.00ms Logged Cards Scan time: 0.25ms HCC time: 0.00ms
[14.485s][trace][gc,ergo,refine] GC(85) Updating Refinement Zones: logged cards scan time: 0.251ms, processed cards: 282, goal time: 19.999ms
[14.485s][debug][gc,ergo,refine] GC(85) Updated Refinement Zones: green: 2560, yellow: 7680, red: 12800
[14.485s][info ][gc,phases     ] GC(85)   Pre Evacuate Collection Set: 0.4ms
[14.485s][info ][gc,phases     ] GC(85)   Merge Heap Roots: 0.3ms
[14.485s][info ][gc,phases     ] GC(85)   Evacuate Collection Set: 41.2ms
[14.485s][info ][gc,phases     ] GC(85)   Post Evacuate Collection Set: 19.3ms
[14.485s][info ][gc,phases     ] GC(85)   Other: 1.5ms
[14.485s][info ][gc,heap       ] GC(85) Eden regions: 44->0(44)
[14.485s][info ][gc,heap       ] GC(85) Survivor regions: 7->7(7)
[14.485s][info ][gc,heap       ] GC(85) Old regions: 139->180
[14.485s][info ][gc,heap       ] GC(85) Archive regions: 2->2
[14.485s][info ][gc,heap       ] GC(85) Humongous regions: 0->0
[14.485s][info ][gc,metaspace  ] GC(85) Metaspace: 557K(704K)->557K(704K) NonClass: 520K(576K)->520K(576K) Class: 37K(128K)->37K(128K)
[14.486s][debug][gc,heap       ] GC(85) Heap after GC invocations=86 (full 0):
[14.486s][debug][gc,heap       ] GC(85)  garbage-first heap   total 1048576K, used 192048K [0x00000000c0000000, 0x0000000100000000)
[14.486s][debug][gc,heap       ] GC(85)   region size 1024K, 7 young (7168K), 7 survivors (7168K)
[14.486s][debug][gc,heap       ] GC(85)  Metaspace       used 557K, committed 704K, reserved 1114112K
[14.486s][debug][gc,heap       ] GC(85)   class space    used 37K, committed 128K, reserved 1048576K
[14.486s][info ][gc            ] GC(85) Pause Young (Prepare Mixed) (G1 Evacuation Pause) 189M->187M(1024M) 62.591ms
[14.486s][info ][gc,cpu        ] GC(85) User=0.17s Sys=0.00s Real=0.06s
[14.488s][info ][gc,marking    ] GC(84) Concurrent Cleanup for Next Mark 65.970ms
[14.488s][info ][gc            ] GC(84) Concurrent Mark Cycle 251.101ms
[14.502s][debug][gc,heap       ] GC(86) Heap before GC invocations=86 (full 0):
[14.502s][debug][gc,heap       ] GC(86)  garbage-first heap   total 1048576K, used 236080K [0x00000000c0000000, 0x0000000100000000)
[14.502s][debug][gc,heap       ] GC(86)   region size 1024K, 51 young (52224K), 7 survivors (7168K)
[14.502s][debug][gc,heap       ] GC(86)  Metaspace       used 557K, committed 704K, reserved 1114112K
[14.502s][debug][gc,heap       ] GC(86)   class space    used 37K, committed 128K, reserved 1048576K
[14.503s][info ][gc,start      ] GC(86) Pause Young (Mixed) (G1 Evacuation Pause)
[14.503s][info ][gc,task       ] GC(86) Using 10 workers of 10 for evacuation
[14.503s][trace][gc,ergo,cset  ] GC(86) Start choosing CSet. Pending cards: 284 target pause time: 200.00ms
[14.503s][trace][gc,ergo,cset  ] GC(86) Added young regions to CSet. Eden: 44 regions, Survivors: 7 regions, predicted eden time: 41.73ms, predicted base time: 24.00ms, target pause time: 200.00ms, remaining time: 134.27ms
[14.503s][debug][gc,ergo,cset  ] GC(86) Start adding old regions to collection set. Min 3 regions, max 103 regions, time remaining 134.27ms, optional threshold 26.85ms
[14.503s][debug][gc,ergo,cset  ] GC(86) Old candidate collection set empty.
[14.503s][debug][gc,ergo,cset  ] GC(86) Finish choosing collection set old regions. Initial: 17, optional: 0, predicted old time: 0.00ms, predicted optional time: 0.00ms, time remaining: 114.26
[14.504s][debug][gc,ergo       ] GC(86) Running G1 Merge Heap Roots using 10 workers for 68 regions
[14.553s][debug][gc,ergo       ] GC(86) Running G1 Rebuild Free List Task using 10 workers for rebuilding free list of regions
[14.555s][debug][gc,ergo,heap  ] GC(86) Heap expansion: short term pause time ratio 97.89% long term pause time ratio 68.29% threshold 7.69% pause time ratio 7.69% fully expanded true resize by 0B
[14.555s][debug][gc,ergo       ] GC(86) do not continue mixed GCs (candidate old regions not available)
[14.556s][debug][gc,ergo,refine] GC(86) Concurrent refinement times: Logged Cards Scan time goal: 20.00ms Logged Cards Scan time: 0.21ms HCC time: 0.00ms
[14.556s][trace][gc,ergo,refine] GC(86) Updating Refinement Zones: logged cards scan time: 0.212ms, processed cards: 265, goal time: 19.999ms
[14.556s][debug][gc,ergo,refine] GC(86) Updated Refinement Zones: green: 2560, yellow: 7680, red: 12800
[14.556s][info ][gc,phases     ] GC(86)   Pre Evacuate Collection Set: 0.5ms
[14.556s][info ][gc,phases     ] GC(86)   Merge Heap Roots: 0.3ms
[14.556s][info ][gc,phases     ] GC(86)   Evacuate Collection Set: 36.2ms
[14.556s][info ][gc,phases     ] GC(86)   Post Evacuate Collection Set: 14.8ms
[14.556s][info ][gc,phases     ] GC(86)   Other: 1.8ms
[14.556s][info ][gc,heap       ] GC(86) Eden regions: 44->0(199)
[14.556s][info ][gc,heap       ] GC(86) Survivor regions: 7->7(7)
[14.556s][info ][gc,heap       ] GC(86) Old regions: 180->206
[14.556s][info ][gc,heap       ] GC(86) Archive regions: 2->2
[14.556s][info ][gc,heap       ] GC(86) Humongous regions: 0->0
[14.556s][info ][gc,metaspace  ] GC(86) Metaspace: 557K(704K)->557K(704K) NonClass: 520K(576K)->520K(576K) Class: 37K(128K)->37K(128K)
[14.557s][debug][gc,heap       ] GC(86) Heap after GC invocations=87 (full 0):
[14.557s][debug][gc,heap       ] GC(86)  garbage-first heap   total 1048576K, used 218416K [0x00000000c0000000, 0x0000000100000000)
[14.557s][debug][gc,heap       ] GC(86)   region size 1024K, 7 young (7168K), 7 survivors (7168K)
[14.557s][debug][gc,heap       ] GC(86)  Metaspace       used 557K, committed 704K, reserved 1114112K
[14.557s][debug][gc,heap       ] GC(86)   class space    used 37K, committed 128K, reserved 1048576K
[14.557s][info ][gc            ] GC(86) Pause Young (Mixed) (G1 Evacuation Pause) 231M->213M(1024M) 53.854ms
[14.557s][info ][gc,cpu        ] GC(86) User=0.17s Sys=0.03s Real=0.05s
[14.644s][debug][gc,heap       ] GC(87) Heap before GC invocations=87 (full 0):
[14.644s][debug][gc,heap       ] GC(87)  garbage-first heap   total 1048576K, used 421168K [0x00000000c0000000, 0x0000000100000000)
[14.644s][debug][gc,heap       ] GC(87)   region size 1024K, 206 young (210944K), 7 survivors (7168K)
[14.644s][debug][gc,heap       ] GC(87)  Metaspace       used 557K, committed 704K, reserved 1114112K
[14.644s][debug][gc,heap       ] GC(87)   class space    used 37K, committed 128K, reserved 1048576K
[14.645s][info ][gc,start      ] GC(87) Pause Young (Normal) (G1 Evacuation Pause)
[14.645s][info ][gc,task       ] GC(87) Using 10 workers of 10 for evacuation
[14.645s][trace][gc,ergo,cset  ] GC(87) Start choosing CSet. Pending cards: 272 target pause time: 200.00ms
[14.645s][trace][gc,ergo,cset  ] GC(87) Added young regions to CSet. Eden: 199 regions, Survivors: 7 regions, predicted eden time: 173.27ms, predicted base time: 21.88ms, target pause time: 200.00ms, remaining time: 4.85ms
[14.646s][debug][gc,ergo       ] GC(87) Running G1 Merge Heap Roots using 10 workers for 206 regions
[14.758s][debug][gc,ergo       ] GC(87) Running G1 Rebuild Free List Task using 10 workers for rebuilding free list of regions
[14.759s][debug][gc,ergo,heap  ] GC(87) Heap expansion: short term pause time ratio 74.36% long term pause time ratio 70.55% threshold 7.69% pause time ratio 7.69% fully expanded true resize by 0B
[14.759s][debug][gc,ergo,refine] GC(87) Concurrent refinement times: Logged Cards Scan time goal: 20.00ms Logged Cards Scan time: 0.19ms HCC time: 0.00ms
[14.759s][trace][gc,ergo,refine] GC(87) Updating Refinement Zones: logged cards scan time: 0.195ms, processed cards: 247, goal time: 19.999ms
[14.759s][debug][gc,ergo,refine] GC(87) Updated Refinement Zones: green: 2560, yellow: 7680, red: 12800
[14.759s][info ][gc,phases     ] GC(87)   Pre Evacuate Collection Set: 0.5ms
[14.759s][info ][gc,phases     ] GC(87)   Merge Heap Roots: 0.3ms
[14.759s][info ][gc,phases     ] GC(87)   Evacuate Collection Set: 71.2ms
[14.759s][info ][gc,phases     ] GC(87)   Post Evacuate Collection Set: 40.8ms
[14.759s][info ][gc,phases     ] GC(87)   Other: 2.4ms
[14.759s][info ][gc,heap       ] GC(87) Eden regions: 199->0(192)
[14.759s][info ][gc,heap       ] GC(87) Survivor regions: 7->26(26)
[14.759s][info ][gc,heap       ] GC(87) Old regions: 206->293
[14.759s][info ][gc,heap       ] GC(87) Archive regions: 2->2
[14.759s][info ][gc,heap       ] GC(87) Humongous regions: 0->0
[14.759s][info ][gc,metaspace  ] GC(87) Metaspace: 557K(704K)->557K(704K) NonClass: 520K(576K)->520K(576K) Class: 37K(128K)->37K(128K)
[14.759s][debug][gc,heap       ] GC(87) Heap after GC invocations=88 (full 0):
[14.759s][debug][gc,heap       ] GC(87)  garbage-first heap   total 1048576K, used 327218K [0x00000000c0000000, 0x0000000100000000)
[14.759s][debug][gc,heap       ] GC(87)   region size 1024K, 26 young (26624K), 26 survivors (26624K)
[14.759s][debug][gc,heap       ] GC(87)  Metaspace       used 557K, committed 704K, reserved 1114112K
[14.759s][debug][gc,heap       ] GC(87)   class space    used 37K, committed 128K, reserved 1048576K
[14.759s][info ][gc            ] GC(87) Pause Young (Normal) (G1 Evacuation Pause) 412M->319M(1024M) 114.287ms
[14.759s][info ][gc,cpu        ] GC(87) User=0.45s Sys=0.05s Real=0.12s
[14.856s][debug][gc,heap       ] GC(88) Heap before GC invocations=88 (full 0):
[14.857s][debug][gc,heap       ] GC(88)  garbage-first heap   total 1048576K, used 522802K [0x00000000c0000000, 0x0000000100000000)
[14.857s][debug][gc,heap       ] GC(88)   region size 1024K, 218 young (223232K), 26 survivors (26624K)
[14.857s][debug][gc,heap       ] GC(88)  Metaspace       used 557K, committed 704K, reserved 1114112K
[14.857s][debug][gc,heap       ] GC(88)   class space    used 37K, committed 128K, reserved 1048576K
[14.858s][info ][gc,start      ] GC(88) Pause Young (Normal) (G1 Evacuation Pause)
[14.858s][info ][gc,task       ] GC(88) Using 10 workers of 10 for evacuation
[14.858s][trace][gc,ergo,cset  ] GC(88) Start choosing CSet. Pending cards: 215 target pause time: 200.00ms
[14.858s][trace][gc,ergo,cset  ] GC(88) Added young regions to CSet. Eden: 192 regions, Survivors: 26 regions, predicted eden time: 157.03ms, predicted base time: 31.43ms, target pause time: 200.00ms, remaining time: 11.54ms
[14.859s][debug][gc,ergo       ] GC(88) Running G1 Merge Heap Roots using 10 workers for 218 regions
[14.975s][debug][gc,ergo       ] GC(88) Running G1 Rebuild Free List Task using 10 workers for rebuilding free list of regions
[14.976s][debug][gc,ergo,heap  ] GC(88) Heap expansion: short term pause time ratio 55.84% long term pause time ratio 69.88% threshold 7.69% pause time ratio 7.69% fully expanded true resize by 0B
[14.976s][debug][gc,ergo,refine] GC(88) Concurrent refinement times: Logged Cards Scan time goal: 20.00ms Logged Cards Scan time: 0.22ms HCC time: 0.00ms
[14.976s][trace][gc,ergo,refine] GC(88) Updating Refinement Zones: logged cards scan time: 0.224ms, processed cards: 182, goal time: 19.998ms
[14.976s][debug][gc,ergo,refine] GC(88) Updated Refinement Zones: green: 2560, yellow: 7680, red: 12800
[14.976s][info ][gc,phases     ] GC(88)   Pre Evacuate Collection Set: 0.5ms
[14.976s][info ][gc,phases     ] GC(88)   Merge Heap Roots: 0.4ms
[14.976s][info ][gc,phases     ] GC(88)   Evacuate Collection Set: 71.9ms
[14.976s][info ][gc,phases     ] GC(88)   Post Evacuate Collection Set: 44.2ms
[14.976s][info ][gc,phases     ] GC(88)   Other: 2.5ms
[14.976s][info ][gc,heap       ] GC(88) Eden regions: 192->0(196)
[14.976s][info ][gc,heap       ] GC(88) Survivor regions: 26->28(28)
[14.976s][info ][gc,heap       ] GC(88) Old regions: 293->376
[14.976s][info ][gc,heap       ] GC(88) Archive regions: 2->2
[14.976s][info ][gc,heap       ] GC(88) Humongous regions: 0->0
[14.976s][info ][gc,metaspace  ] GC(88) Metaspace: 557K(704K)->557K(704K) NonClass: 520K(576K)->520K(576K) Class: 37K(128K)->37K(128K)
[14.976s][debug][gc,heap       ] GC(88) Heap after GC invocations=89 (full 0):
[14.977s][debug][gc,heap       ] GC(88)  garbage-first heap   total 1048576K, used 413744K [0x00000000c0000000, 0x0000000100000000)
[14.977s][debug][gc,heap       ] GC(88)   region size 1024K, 28 young (28672K), 28 survivors (28672K)
[14.977s][debug][gc,heap       ] GC(88)  Metaspace       used 557K, committed 704K, reserved 1114112K
[14.977s][debug][gc,heap       ] GC(88)   class space    used 37K, committed 128K, reserved 1048576K
[14.977s][info ][gc            ] GC(88) Pause Young (Normal) (G1 Evacuation Pause) 511M->404M(1024M) 118.915ms
[14.977s][info ][gc,cpu        ] GC(88) User=0.53s Sys=0.04s Real=0.12s
[15.064s][debug][gc,heap       ] GC(89) Heap before GC invocations=89 (full 0):
[15.064s][debug][gc,heap       ] GC(89)  garbage-first heap   total 1048576K, used 613424K [0x00000000c0000000, 0x0000000100000000)
[15.064s][debug][gc,heap       ] GC(89)   region size 1024K, 224 young (229376K), 28 survivors (28672K)
[15.064s][debug][gc,heap       ] GC(89)  Metaspace       used 557K, committed 704K, reserved 1114112K
[15.064s][debug][gc,heap       ] GC(89)   class space    used 37K, committed 128K, reserved 1048576K
[15.065s][info ][gc,start      ] GC(89) Pause Young (Normal) (G1 Evacuation Pause)
[15.065s][info ][gc,task       ] GC(89) Using 10 workers of 10 for evacuation
[15.065s][trace][gc,ergo,cset  ] GC(89) Start choosing CSet. Pending cards: 213 target pause time: 200.00ms
[15.065s][trace][gc,ergo,cset  ] GC(89) Added young regions to CSet. Eden: 196 regions, Survivors: 28 regions, predicted eden time: 149.86ms, predicted base time: 37.99ms, target pause time: 200.00ms, remaining time: 12.16ms
[15.066s][debug][gc,ergo       ] GC(89) Running G1 Merge Heap Roots using 10 workers for 224 regions
[15.179s][debug][gc,ergo       ] GC(89) Running G1 Rebuild Free List Task using 10 workers for rebuilding free list of regions
[15.181s][debug][gc,ergo,heap  ] GC(89) Heap expansion: short term pause time ratio 54.22% long term pause time ratio 67.95% threshold 7.69% pause time ratio 7.69% fully expanded true resize by 0B
[15.181s][debug][gc,ergo,refine] GC(89) Concurrent refinement times: Logged Cards Scan time goal: 20.00ms Logged Cards Scan time: 0.14ms HCC time: 0.00ms
[15.181s][trace][gc,ergo,refine] GC(89) Updating Refinement Zones: logged cards scan time: 0.142ms, processed cards: 188, goal time: 19.999ms
[15.181s][debug][gc,ergo,refine] GC(89) Updated Refinement Zones: green: 2560, yellow: 7680, red: 12800
[15.181s][info ][gc,phases     ] GC(89)   Pre Evacuate Collection Set: 0.4ms
[15.181s][info ][gc,phases     ] GC(89)   Merge Heap Roots: 0.3ms
[15.181s][info ][gc,phases     ] GC(89)   Evacuate Collection Set: 59.5ms
[15.181s][info ][gc,phases     ] GC(89)   Post Evacuate Collection Set: 54.2ms
[15.181s][info ][gc,phases     ] GC(89)   Other: 3.0ms
[15.181s][info ][gc,heap       ] GC(89) Eden regions: 196->0(176)
[15.181s][info ][gc,heap       ] GC(89) Survivor regions: 28->28(28)
[15.181s][info ][gc,heap       ] GC(89) Old regions: 376->457
[15.181s][info ][gc,heap       ] GC(89) Archive regions: 2->2
[15.181s][info ][gc,heap       ] GC(89) Humongous regions: 0->0
[15.181s][info ][gc,metaspace  ] GC(89) Metaspace: 557K(704K)->557K(704K) NonClass: 520K(576K)->520K(576K) Class: 37K(128K)->37K(128K)
[15.181s][debug][gc,heap       ] GC(89) Heap after GC invocations=90 (full 0):
[15.181s][debug][gc,heap       ] GC(89)  garbage-first heap   total 1048576K, used 496816K [0x00000000c0000000, 0x0000000100000000)
[15.181s][debug][gc,heap       ] GC(89)   region size 1024K, 28 young (28672K), 28 survivors (28672K)
[15.181s][debug][gc,heap       ] GC(89)  Metaspace       used 557K, committed 704K, reserved 1114112K
[15.182s][debug][gc,heap       ] GC(89)   class space    used 37K, committed 128K, reserved 1048576K
[15.182s][info ][gc            ] GC(89) Pause Young (Normal) (G1 Evacuation Pause) 599M->485M(1024M) 116.573ms
[15.182s][info ][gc,cpu        ] GC(89) User=0.51s Sys=0.07s Real=0.12s
[15.226s][debug][gc,heap       ] GC(90) Heap before GC invocations=90 (full 0):
[15.226s][debug][gc,heap       ] GC(90)  garbage-first heap   total 1048576K, used 676016K [0x00000000c0000000, 0x0000000100000000)
[15.226s][debug][gc,heap       ] GC(90)   region size 1024K, 204 young (208896K), 28 survivors (28672K)
[15.226s][debug][gc,heap       ] GC(90)  Metaspace       used 557K, committed 704K, reserved 1114112K
[15.226s][debug][gc,heap       ] GC(90)   class space    used 37K, committed 128K, reserved 1048576K
[15.227s][info ][gc,start      ] GC(90) Pause Young (Normal) (G1 Evacuation Pause)
[15.227s][info ][gc,task       ] GC(90) Using 10 workers of 10 for evacuation
[15.227s][trace][gc,ergo,cset  ] GC(90) Start choosing CSet. Pending cards: 196 target pause time: 200.00ms
[15.227s][trace][gc,ergo,cset  ] GC(90) Added young regions to CSet. Eden: 176 regions, Survivors: 28 regions, predicted eden time: 127.01ms, predicted base time: 45.92ms, target pause time: 200.00ms, remaining time: 27.07ms
[15.227s][debug][gc,ergo       ] GC(90) Running G1 Merge Heap Roots using 10 workers for 204 regions
[15.331s][debug][gc,ergo       ] GC(90) Running G1 Rebuild Free List Task using 10 workers for rebuilding free list of regions
[15.332s][debug][gc,ergo,heap  ] GC(90) Heap expansion: short term pause time ratio 56.38% long term pause time ratio 65.66% threshold 7.69% pause time ratio 7.69% fully expanded true resize by 0B
[15.332s][debug][gc,ergo,refine] GC(90) Concurrent refinement times: Logged Cards Scan time goal: 20.00ms Logged Cards Scan time: 0.18ms HCC time: 0.00ms
[15.332s][trace][gc,ergo,refine] GC(90) Updating Refinement Zones: logged cards scan time: 0.175ms, processed cards: 171, goal time: 19.999ms
[15.332s][debug][gc,ergo,refine] GC(90) Updated Refinement Zones: green: 2560, yellow: 7680, red: 12800
[15.332s][info ][gc,phases     ] GC(90)   Pre Evacuate Collection Set: 0.3ms
[15.332s][info ][gc,phases     ] GC(90)   Merge Heap Roots: 0.2ms
[15.332s][info ][gc,phases     ] GC(90)   Evacuate Collection Set: 53.5ms
[15.332s][info ][gc,phases     ] GC(90)   Post Evacuate Collection Set: 50.4ms
[15.332s][info ][gc,phases     ] GC(90)   Other: 1.4ms
[15.332s][info ][gc,heap       ] GC(90) Eden regions: 176->0(145)
[15.332s][info ][gc,heap       ] GC(90) Survivor regions: 28->26(26)
[15.332s][info ][gc,heap       ] GC(90) Old regions: 457->538
[15.332s][info ][gc,heap       ] GC(90) Archive regions: 2->2
[15.332s][info ][gc,heap       ] GC(90) Humongous regions: 0->0
[15.332s][info ][gc,metaspace  ] GC(90) Metaspace: 557K(704K)->557K(704K) NonClass: 520K(576K)->520K(576K) Class: 37K(128K)->37K(128K)
[15.332s][debug][gc,heap       ] GC(90) Heap after GC invocations=91 (full 0):
[15.332s][debug][gc,heap       ] GC(90)  garbage-first heap   total 1048576K, used 577968K [0x00000000c0000000, 0x0000000100000000)
[15.332s][debug][gc,heap       ] GC(90)   region size 1024K, 26 young (26624K), 26 survivors (26624K)
[15.332s][debug][gc,heap       ] GC(90)  Metaspace       used 557K, committed 704K, reserved 1114112K
[15.332s][debug][gc,heap       ] GC(90)   class space    used 37K, committed 128K, reserved 1048576K
[15.332s][info ][gc            ] GC(90) Pause Young (Normal) (G1 Evacuation Pause) 661M->564M(1024M) 105.588ms
[15.332s][info ][gc,cpu        ] GC(90) User=0.50s Sys=0.08s Real=0.11s
[15.370s][debug][gc,heap       ] GC(91) Heap before GC invocations=91 (full 0):
[15.370s][debug][gc,heap       ] GC(91)  garbage-first heap   total 1048576K, used 725424K [0x00000000c0000000, 0x0000000100000000)
[15.370s][debug][gc,heap       ] GC(91)   region size 1024K, 171 young (175104K), 26 survivors (26624K)
[15.370s][debug][gc,heap       ] GC(91)  Metaspace       used 557K, committed 704K, reserved 1114112K
[15.370s][debug][gc,heap       ] GC(91)   class space    used 37K, committed 128K, reserved 1048576K
[15.370s][info ][gc,start      ] GC(91) Pause Young (Normal) (G1 Evacuation Pause)
[15.370s][info ][gc,task       ] GC(91) Using 10 workers of 10 for evacuation
[15.370s][trace][gc,ergo,cset  ] GC(91) Start choosing CSet. Pending cards: 212 target pause time: 200.00ms
[15.370s][trace][gc,ergo,cset  ] GC(91) Added young regions to CSet. Eden: 145 regions, Survivors: 26 regions, predicted eden time: 103.19ms, predicted base time: 49.15ms, target pause time: 200.00ms, remaining time: 47.66ms
[15.371s][debug][gc,ergo       ] GC(91) Running G1 Merge Heap Roots using 10 workers for 171 regions
[15.463s][debug][gc,ergo       ] GC(91) Running G1 Rebuild Free List Task using 10 workers for rebuilding free list of regions
[15.464s][debug][gc,ergo,heap  ] GC(91) Heap expansion: short term pause time ratio 69.46% long term pause time ratio 66.10% threshold 7.69% pause time ratio 7.69% fully expanded true resize by 0B
[15.464s][debug][gc,ergo,refine] GC(91) Concurrent refinement times: Logged Cards Scan time goal: 20.00ms Logged Cards Scan time: 0.17ms HCC time: 0.00ms
[15.464s][trace][gc,ergo,refine] GC(91) Updating Refinement Zones: logged cards scan time: 0.172ms, processed cards: 187, goal time: 19.999ms
[15.464s][debug][gc,ergo,refine] GC(91) Updated Refinement Zones: green: 2560, yellow: 7680, red: 12800
[15.464s][info ][gc,phases     ] GC(91)   Pre Evacuate Collection Set: 0.3ms
[15.464s][info ][gc,phases     ] GC(91)   Merge Heap Roots: 0.2ms
[15.464s][info ][gc,phases     ] GC(91)   Evacuate Collection Set: 56.9ms
[15.464s][info ][gc,phases     ] GC(91)   Post Evacuate Collection Set: 35.1ms
[15.464s][info ][gc,phases     ] GC(91)   Other: 1.6ms
[15.464s][info ][gc,heap       ] GC(91) Eden regions: 145->0(111)
[15.464s][info ][gc,heap       ] GC(91) Survivor regions: 26->22(22)
[15.464s][info ][gc,heap       ] GC(91) Old regions: 538->616
[15.464s][info ][gc,heap       ] GC(91) Archive regions: 2->2
[15.464s][info ][gc,heap       ] GC(91) Humongous regions: 0->0
[15.464s][info ][gc,metaspace  ] GC(91) Metaspace: 557K(704K)->557K(704K) NonClass: 520K(576K)->520K(576K) Class: 37K(128K)->37K(128K)
[15.464s][debug][gc,heap       ] GC(91) Heap after GC invocations=92 (full 0):
[15.464s][debug][gc,heap       ] GC(91)  garbage-first heap   total 1048576K, used 653744K [0x00000000c0000000, 0x0000000100000000)
[15.464s][debug][gc,heap       ] GC(91)   region size 1024K, 22 young (22528K), 22 survivors (22528K)
[15.464s][debug][gc,heap       ] GC(91)  Metaspace       used 557K, committed 704K, reserved 1114112K
[15.464s][debug][gc,heap       ] GC(91)   class space    used 37K, committed 128K, reserved 1048576K
[15.464s][info ][gc            ] GC(91) Pause Young (Normal) (G1 Evacuation Pause) 709M->638M(1024M) 94.055ms
[15.464s][info ][gc,cpu        ] GC(91) User=0.36s Sys=0.06s Real=0.09s
[15.505s][debug][gc,heap       ] GC(92) Heap before GC invocations=92 (full 0):
[15.505s][debug][gc,heap       ] GC(92)  garbage-first heap   total 1048576K, used 766384K [0x00000000c0000000, 0x0000000100000000)
[15.505s][debug][gc,heap       ] GC(92)   region size 1024K, 133 young (136192K), 22 survivors (22528K)
[15.505s][debug][gc,heap       ] GC(92)  Metaspace       used 557K, committed 704K, reserved 1114112K
[15.505s][debug][gc,heap       ] GC(92)   class space    used 37K, committed 128K, reserved 1048576K
[15.506s][info ][gc,start      ] GC(92) Pause Young (Normal) (G1 Evacuation Pause)
[15.506s][info ][gc,task       ] GC(92) Using 10 workers of 10 for evacuation
[15.507s][trace][gc,ergo,cset  ] GC(92) Start choosing CSet. Pending cards: 222 target pause time: 200.00ms
[15.507s][trace][gc,ergo,cset  ] GC(92) Added young regions to CSet. Eden: 111 regions, Survivors: 22 regions, predicted eden time: 80.85ms, predicted base time: 46.30ms, target pause time: 200.00ms, remaining time: 72.85ms
[15.507s][debug][gc,ergo       ] GC(92) Running G1 Merge Heap Roots using 10 workers for 133 regions
[15.594s][debug][gc,ergo       ] GC(92) Running G1 Rebuild Free List Task using 10 workers for rebuilding free list of regions
[15.595s][debug][gc,ergo,heap  ] GC(92) Heap expansion: short term pause time ratio 70.77% long term pause time ratio 66.80% threshold 7.69% pause time ratio 7.69% fully expanded true resize by 0B
[15.595s][debug][gc,ergo,refine] GC(92) Concurrent refinement times: Logged Cards Scan time goal: 20.00ms Logged Cards Scan time: 0.15ms HCC time: 0.00ms
[15.595s][trace][gc,ergo,refine] GC(92) Updating Refinement Zones: logged cards scan time: 0.148ms, processed cards: 197, goal time: 19.999ms
[15.595s][debug][gc,ergo,refine] GC(92) Updated Refinement Zones: green: 2560, yellow: 7680, red: 12800
[15.595s][info ][gc,phases     ] GC(92)   Pre Evacuate Collection Set: 0.5ms
[15.595s][info ][gc,phases     ] GC(92)   Merge Heap Roots: 0.3ms
[15.595s][info ][gc,phases     ] GC(92)   Evacuate Collection Set: 52.5ms
[15.595s][info ][gc,phases     ] GC(92)   Post Evacuate Collection Set: 34.3ms
[15.595s][info ][gc,phases     ] GC(92)   Other: 2.1ms
[15.595s][info ][gc,heap       ] GC(92) Eden regions: 111->0(80)
[15.595s][info ][gc,heap       ] GC(92) Survivor regions: 22->17(17)
[15.595s][info ][gc,heap       ] GC(92) Old regions: 616->685
[15.595s][info ][gc,heap       ] GC(92) Archive regions: 2->2
[15.595s][info ][gc,heap       ] GC(92) Humongous regions: 0->0
[15.595s][info ][gc,metaspace  ] GC(92) Metaspace: 557K(704K)->557K(704K) NonClass: 520K(576K)->520K(576K) Class: 37K(128K)->37K(128K)
[15.596s][debug][gc,heap       ] GC(92) Heap after GC invocations=93 (full 0):
[15.596s][debug][gc,heap       ] GC(92)  garbage-first heap   total 1048576K, used 719536K [0x00000000c0000000, 0x0000000100000000)
[15.596s][debug][gc,heap       ] GC(92)   region size 1024K, 17 young (17408K), 17 survivors (17408K)
[15.596s][debug][gc,heap       ] GC(92)  Metaspace       used 557K, committed 704K, reserved 1114112K
[15.596s][debug][gc,heap       ] GC(92)   class space    used 37K, committed 128K, reserved 1048576K
[15.596s][info ][gc            ] GC(92) Pause Young (Normal) (G1 Evacuation Pause) 749M->702M(1024M) 89.703ms
[15.596s][info ][gc,cpu        ] GC(92) User=0.31s Sys=0.07s Real=0.09s
[15.639s][debug][gc,heap       ] GC(93) Heap before GC invocations=93 (full 0):
[15.639s][debug][gc,heap       ] GC(93)  garbage-first heap   total 1048576K, used 800432K [0x00000000c0000000, 0x0000000100000000)
[15.639s][debug][gc,heap       ] GC(93)   region size 1024K, 97 young (99328K), 17 survivors (17408K)
[15.639s][debug][gc,heap       ] GC(93)  Metaspace       used 557K, committed 704K, reserved 1114112K
[15.639s][debug][gc,heap       ] GC(93)   class space    used 37K, committed 128K, reserved 1048576K
[15.640s][info ][gc,start      ] GC(93) Pause Young (Normal) (G1 Evacuation Pause)
[15.640s][info ][gc,task       ] GC(93) Using 10 workers of 10 for evacuation
[15.640s][trace][gc,ergo,cset  ] GC(93) Start choosing CSet. Pending cards: 242 target pause time: 200.00ms
[15.641s][trace][gc,ergo,cset  ] GC(93) Added young regions to CSet. Eden: 80 regions, Survivors: 17 regions, predicted eden time: 62.75ms, predicted base time: 43.87ms, target pause time: 200.00ms, remaining time: 93.39ms
[15.641s][debug][gc,ergo       ] GC(93) Running G1 Merge Heap Roots using 10 workers for 97 regions
[15.709s][debug][gc,ergo       ] GC(93) Running G1 Rebuild Free List Task using 10 workers for rebuilding free list of regions
[15.710s][debug][gc,ergo,heap  ] GC(93) Heap expansion: short term pause time ratio 67.26% long term pause time ratio 66.62% threshold 7.69% pause time ratio 7.69% fully expanded true resize by 0B
[15.710s][debug][gc,ergo,refine] GC(93) Concurrent refinement times: Logged Cards Scan time goal: 20.00ms Logged Cards Scan time: 0.93ms HCC time: 0.00ms
[15.710s][trace][gc,ergo,refine] GC(93) Updating Refinement Zones: logged cards scan time: 0.931ms, processed cards: 217, goal time: 19.999ms
[15.710s][debug][gc,ergo,refine] GC(93) Updated Refinement Zones: green: 2560, yellow: 7680, red: 12800
[15.710s][info ][gc,phases     ] GC(93)   Pre Evacuate Collection Set: 0.4ms
[15.710s][info ][gc,phases     ] GC(93)   Merge Heap Roots: 0.3ms
[15.710s][info ][gc,phases     ] GC(93)   Evacuate Collection Set: 43.9ms
[15.710s][info ][gc,phases     ] GC(93)   Post Evacuate Collection Set: 23.3ms
[15.710s][info ][gc,phases     ] GC(93)   Other: 2.8ms
[15.710s][info ][gc,heap       ] GC(93) Eden regions: 80->0(52)
[15.710s][info ][gc,heap       ] GC(93) Survivor regions: 17->13(13)
[15.710s][info ][gc,heap       ] GC(93) Old regions: 685->749
[15.710s][info ][gc,heap       ] GC(93) Archive regions: 2->2
[15.710s][info ][gc,heap       ] GC(93) Humongous regions: 0->0
[15.710s][info ][gc,metaspace  ] GC(93) Metaspace: 557K(704K)->557K(704K) NonClass: 520K(576K)->520K(576K) Class: 37K(128K)->37K(128K)
[15.710s][debug][gc,heap       ] GC(93) Heap after GC invocations=94 (full 0):
[15.710s][debug][gc,heap       ] GC(93)  garbage-first heap   total 1048576K, used 780592K [0x00000000c0000000, 0x0000000100000000)
[15.710s][debug][gc,heap       ] GC(93)   region size 1024K, 13 young (13312K), 13 survivors (13312K)
[15.710s][debug][gc,heap       ] GC(93)  Metaspace       used 557K, committed 704K, reserved 1114112K
[15.710s][debug][gc,heap       ] GC(93)   class space    used 37K, committed 128K, reserved 1048576K
[15.710s][info ][gc            ] GC(93) Pause Young (Normal) (G1 Evacuation Pause) 782M->762M(1024M) 69.979ms
[15.710s][info ][gc,cpu        ] GC(93) User=0.28s Sys=0.04s Real=0.07s
[15.727s][debug][gc,heap       ] GC(94) Heap before GC invocations=94 (full 0):
[15.728s][debug][gc,heap       ] GC(94)  garbage-first heap   total 1048576K, used 832816K [0x00000000c0000000, 0x0000000100000000)
[15.728s][debug][gc,heap       ] GC(94)   region size 1024K, 65 young (66560K), 13 survivors (13312K)
[15.728s][debug][gc,heap       ] GC(94)  Metaspace       used 557K, committed 704K, reserved 1114112K
[15.728s][debug][gc,heap       ] GC(94)   class space    used 37K, committed 128K, reserved 1048576K
[15.728s][info ][gc,start      ] GC(94) Pause Young (Normal) (G1 Evacuation Pause)
[15.728s][info ][gc,task       ] GC(94) Using 10 workers of 10 for evacuation
[15.729s][trace][gc,ergo,cset  ] GC(94) Start choosing CSet. Pending cards: 244 target pause time: 200.00ms
[15.729s][trace][gc,ergo,cset  ] GC(94) Added young regions to CSet. Eden: 52 regions, Survivors: 13 regions, predicted eden time: 44.97ms, predicted base time: 39.89ms, target pause time: 200.00ms, remaining time: 115.14ms
[15.729s][debug][gc,ergo       ] GC(94) Running G1 Merge Heap Roots using 10 workers for 65 regions
[15.784s][debug][gc,ergo       ] GC(94) Running G1 Rebuild Free List Task using 10 workers for rebuilding free list of regions
[15.785s][debug][gc,ergo,heap  ] GC(94) Heap expansion: short term pause time ratio 60.26% long term pause time ratio 63.09% threshold 7.69% pause time ratio 7.69% fully expanded true resize by 0B
[15.785s][debug][gc,ergo,refine] GC(94) Concurrent refinement times: Logged Cards Scan time goal: 20.00ms Logged Cards Scan time: 0.21ms HCC time: 0.00ms
[15.785s][trace][gc,ergo,refine] GC(94) Updating Refinement Zones: logged cards scan time: 0.207ms, processed cards: 227, goal time: 19.999ms
[15.785s][debug][gc,ergo,refine] GC(94) Updated Refinement Zones: green: 2560, yellow: 7680, red: 12800
[15.785s][info ][gc,phases     ] GC(94)   Pre Evacuate Collection Set: 0.5ms
[15.785s][info ][gc,phases     ] GC(94)   Merge Heap Roots: 0.3ms
[15.785s][info ][gc,phases     ] GC(94)   Evacuate Collection Set: 36.2ms
[15.785s][info ][gc,phases     ] GC(94)   Post Evacuate Collection Set: 18.7ms
[15.785s][info ][gc,phases     ] GC(94)   Other: 1.8ms
[15.785s][info ][gc,heap       ] GC(94) Eden regions: 52->0(42)
[15.785s][info ][gc,heap       ] GC(94) Survivor regions: 13->9(9)
[15.785s][info ][gc,heap       ] GC(94) Old regions: 749->801
[15.785s][info ][gc,heap       ] GC(94) Archive regions: 2->2
[15.785s][info ][gc,heap       ] GC(94) Humongous regions: 0->0
[15.785s][info ][gc,metaspace  ] GC(94) Metaspace: 557K(704K)->557K(704K) NonClass: 520K(576K)->520K(576K) Class: 37K(128K)->37K(128K)
[15.785s][debug][gc,heap       ] GC(94) Heap after GC invocations=95 (full 0):
[15.786s][debug][gc,heap       ] GC(94)  garbage-first heap   total 1048576K, used 829488K [0x00000000c0000000, 0x0000000100000000)
[15.786s][debug][gc,heap       ] GC(94)   region size 1024K, 9 young (9216K), 9 survivors (9216K)
[15.786s][debug][gc,heap       ] GC(94)  Metaspace       used 557K, committed 704K, reserved 1114112K
[15.786s][debug][gc,heap       ] GC(94)   class space    used 37K, committed 128K, reserved 1048576K
[15.786s][info ][gc            ] GC(94) Pause Young (Normal) (G1 Evacuation Pause) 814M->810M(1024M) 57.193ms
[15.786s][info ][gc,cpu        ] GC(94) User=0.19s Sys=0.02s Real=0.06s
[15.818s][debug][gc,heap       ] GC(95) Heap before GC invocations=95 (full 0):
[15.818s][debug][gc,heap       ] GC(95)  garbage-first heap   total 1048576K, used 871472K [0x00000000c0000000, 0x0000000100000000)
[15.819s][debug][gc,heap       ] GC(95)   region size 1024K, 51 young (52224K), 9 survivors (9216K)
[15.819s][debug][gc,heap       ] GC(95)  Metaspace       used 557K, committed 704K, reserved 1114112K
[15.819s][debug][gc,heap       ] GC(95)   class space    used 37K, committed 128K, reserved 1048576K
[15.819s][info ][gc,start      ] GC(95) Pause Young (Normal) (G1 Evacuation Pause)
[15.819s][info ][gc,task       ] GC(95) Using 10 workers of 10 for evacuation
[15.820s][trace][gc,ergo,cset  ] GC(95) Start choosing CSet. Pending cards: 271 target pause time: 200.00ms
[15.820s][trace][gc,ergo,cset  ] GC(95) Added young regions to CSet. Eden: 42 regions, Survivors: 9 regions, predicted eden time: 36.04ms, predicted base time: 35.68ms, target pause time: 200.00ms, remaining time: 128.28ms
[15.820s][debug][gc,ergo       ] GC(95) Running G1 Merge Heap Roots using 10 workers for 51 regions
[15.866s][debug][gc,ergo       ] GC(95) Running G1 Rebuild Free List Task using 10 workers for rebuilding free list of regions
[15.867s][debug][gc,ergo,heap  ] GC(95) Heap expansion: short term pause time ratio 74.87% long term pause time ratio 64.04% threshold 7.69% pause time ratio 7.69% fully expanded true resize by 0B
[15.867s][debug][gc,ergo,ihop  ] GC(95) Request concurrent cycle initiation (occupancy higher than threshold) occupancy: 886046720B allocation request: 0B threshold: 858830356B (79.98) source: end of GC
[15.867s][debug][gc,ergo,refine] GC(95) Concurrent refinement times: Logged Cards Scan time goal: 20.00ms Logged Cards Scan time: 0.21ms HCC time: 0.00ms
[15.867s][trace][gc,ergo,refine] GC(95) Updating Refinement Zones: logged cards scan time: 0.209ms, processed cards: 254, goal time: 19.999ms
[15.867s][debug][gc,ergo,refine] GC(95) Updated Refinement Zones: green: 2560, yellow: 7680, red: 12800
[15.867s][info ][gc,phases     ] GC(95)   Pre Evacuate Collection Set: 0.4ms
[15.867s][info ][gc,phases     ] GC(95)   Merge Heap Roots: 0.3ms
[15.867s][info ][gc,phases     ] GC(95)   Evacuate Collection Set: 32.7ms
[15.867s][info ][gc,phases     ] GC(95)   Post Evacuate Collection Set: 13.5ms
[15.867s][info ][gc,phases     ] GC(95)   Other: 1.8ms
[15.867s][info ][gc,heap       ] GC(95) Eden regions: 42->0(44)
[15.867s][info ][gc,heap       ] GC(95) Survivor regions: 9->7(7)
[15.867s][info ][gc,heap       ] GC(95) Old regions: 801->843
[15.867s][info ][gc,heap       ] GC(95) Archive regions: 2->2
[15.867s][info ][gc,heap       ] GC(95) Humongous regions: 0->0
[15.867s][info ][gc,metaspace  ] GC(95) Metaspace: 557K(704K)->557K(704K) NonClass: 520K(576K)->520K(576K) Class: 37K(128K)->37K(128K)
[15.867s][debug][gc,heap       ] GC(95) Heap after GC invocations=96 (full 0):
[15.868s][debug][gc,heap       ] GC(95)  garbage-first heap   total 1048576K, used 870960K [0x00000000c0000000, 0x0000000100000000)
[15.868s][debug][gc,heap       ] GC(95)   region size 1024K, 7 young (7168K), 7 survivors (7168K)
[15.868s][debug][gc,heap       ] GC(95)  Metaspace       used 557K, committed 704K, reserved 1114112K
[15.868s][debug][gc,heap       ] GC(95)   class space    used 37K, committed 128K, reserved 1048576K
[15.868s][info ][gc            ] GC(95) Pause Young (Normal) (G1 Evacuation Pause) 851M->850M(1024M) 48.216ms
[15.868s][info ][gc,cpu        ] GC(95) User=0.17s Sys=0.02s Real=0.05s
[15.879s][debug][gc,heap       ] GC(96) Heap before GC invocations=96 (full 0):
[15.879s][debug][gc,heap       ] GC(96)  garbage-first heap   total 1048576K, used 914992K [0x00000000c0000000, 0x0000000100000000)
[15.879s][debug][gc,heap       ] GC(96)   region size 1024K, 51 young (52224K), 7 survivors (7168K)
[15.879s][debug][gc,heap       ] GC(96)  Metaspace       used 557K, committed 704K, reserved 1114112K
[15.879s][debug][gc,heap       ] GC(96)   class space    used 37K, committed 128K, reserved 1048576K
[15.880s][debug][gc,ergo       ] GC(96) Initiate concurrent cycle (concurrent cycle initiation requested)
[15.880s][info ][gc,start      ] GC(96) Pause Young (Concurrent Start) (G1 Evacuation Pause)
[15.880s][info ][gc,task       ] GC(96) Using 10 workers of 10 for evacuation
[15.880s][trace][gc,ergo,cset  ] GC(96) Start choosing CSet. Pending cards: 274 target pause time: 200.00ms
[15.880s][trace][gc,ergo,cset  ] GC(96) Added young regions to CSet. Eden: 44 regions, Survivors: 7 regions, predicted eden time: 38.38ms, predicted base time: 31.23ms, target pause time: 200.00ms, remaining time: 130.39ms
[15.880s][debug][gc,ergo       ] GC(96) Running G1 Merge Heap Roots using 10 workers for 51 regions
[15.912s][debug][gc,ergo       ] GC(96) Running G1 Rebuild Free List Task using 10 workers for rebuilding free list of regions
[15.913s][debug][gc,ergo,heap  ] GC(96) Heap expansion: short term pause time ratio 57.73% long term pause time ratio 62.12% threshold 7.69% pause time ratio 7.69% fully expanded true resize by 0B
[15.913s][debug][gc,ergo,refine] GC(96) Concurrent refinement times: Logged Cards Scan time goal: 20.00ms Logged Cards Scan time: 0.20ms HCC time: 0.00ms
[15.913s][trace][gc,ergo,refine] GC(96) Updating Refinement Zones: logged cards scan time: 0.203ms, processed cards: 257, goal time: 19.999ms
[15.913s][debug][gc,ergo,refine] GC(96) Updated Refinement Zones: green: 2560, yellow: 7680, red: 12800
[15.913s][info ][gc,phases     ] GC(96)   Pre Evacuate Collection Set: 0.3ms
[15.913s][info ][gc,phases     ] GC(96)   Merge Heap Roots: 0.2ms
[15.913s][info ][gc,phases     ] GC(96)   Evacuate Collection Set: 20.2ms
[15.913s][info ][gc,phases     ] GC(96)   Post Evacuate Collection Set: 11.8ms
[15.913s][info ][gc,phases     ] GC(96)   Other: 1.4ms
[15.913s][info ][gc,heap       ] GC(96) Eden regions: 44->0(44)
[15.913s][info ][gc,heap       ] GC(96) Survivor regions: 7->7(7)
[15.913s][info ][gc,heap       ] GC(96) Old regions: 843->886
[15.913s][info ][gc,heap       ] GC(96) Archive regions: 2->2
[15.913s][info ][gc,heap       ] GC(96) Humongous regions: 0->0
[15.913s][info ][gc,metaspace  ] GC(96) Metaspace: 557K(704K)->557K(704K) NonClass: 520K(576K)->520K(576K) Class: 37K(128K)->37K(128K)
[15.913s][debug][gc,heap       ] GC(96) Heap after GC invocations=97 (full 0):
[15.913s][debug][gc,heap       ] GC(96)  garbage-first heap   total 1048576K, used 915120K [0x00000000c0000000, 0x0000000100000000)
[15.913s][debug][gc,heap       ] GC(96)   region size 1024K, 7 young (7168K), 7 survivors (7168K)
[15.913s][debug][gc,heap       ] GC(96)  Metaspace       used 557K, committed 704K, reserved 1114112K
[15.913s][debug][gc,heap       ] GC(96)   class space    used 37K, committed 128K, reserved 1048576K
[15.913s][info ][gc            ] GC(96) Pause Young (Concurrent Start) (G1 Evacuation Pause) 894M->893M(1024M) 33.742ms
[15.913s][info ][gc,cpu        ] GC(96) User=0.13s Sys=0.01s Real=0.03s
[15.913s][info ][gc            ] GC(97) Concurrent Mark Cycle
[15.914s][info ][gc,marking    ] GC(97) Concurrent Clear Claimed Marks
[15.914s][info ][gc,marking    ] GC(97) Concurrent Clear Claimed Marks 0.021ms
[15.914s][info ][gc,marking    ] GC(97) Concurrent Scan Root Regions
[15.914s][debug][gc,ergo       ] GC(97) Running G1 Root Region Scan using 3 workers for 51 work units.
[15.914s][info ][gc,marking    ] GC(97) Concurrent Scan Root Regions 0.529ms
[15.914s][info ][gc,marking    ] GC(97) Concurrent Mark
[15.914s][info ][gc,marking    ] GC(97) Concurrent Mark From Roots
[15.914s][info ][gc,task       ] GC(97) Using 3 workers of 3 for marking
[15.936s][debug][gc,heap       ] GC(98) Heap before GC invocations=97 (full 0):
[15.936s][debug][gc,heap       ] GC(98)  garbage-first heap   total 1048576K, used 959152K [0x00000000c0000000, 0x0000000100000000)
[15.936s][debug][gc,heap       ] GC(98)   region size 1024K, 51 young (52224K), 7 survivors (7168K)
[15.936s][debug][gc,heap       ] GC(98)  Metaspace       used 557K, committed 704K, reserved 1114112K
[15.936s][debug][gc,heap       ] GC(98)   class space    used 37K, committed 128K, reserved 1048576K
[15.937s][info ][gc,start      ] GC(98) Pause Young (Normal) (G1 Evacuation Pause)
[15.937s][info ][gc,task       ] GC(98) Using 10 workers of 10 for evacuation
[15.937s][trace][gc,ergo,cset  ] GC(98) Start choosing CSet. Pending cards: 291 target pause time: 200.00ms
[15.937s][trace][gc,ergo,cset  ] GC(98) Added young regions to CSet. Eden: 44 regions, Survivors: 7 regions, predicted eden time: 49.68ms, predicted base time: 27.21ms, target pause time: 200.00ms, remaining time: 123.10ms
[15.938s][debug][gc,ergo       ] GC(98) Running G1 Merge Heap Roots using 10 workers for 51 regions
[15.985s][debug][gc,ergo       ] GC(98) Running G1 Rebuild Free List Task using 10 workers for rebuilding free list of regions
[15.986s][debug][gc,ergo,heap  ] GC(98) Heap expansion: short term pause time ratio 71.85% long term pause time ratio 61.82% threshold 7.69% pause time ratio 7.69% fully expanded true resize by 0B
[15.986s][debug][gc,ergo,refine] GC(98) Concurrent refinement times: Logged Cards Scan time goal: 20.00ms Logged Cards Scan time: 1.37ms HCC time: 0.00ms
[15.986s][trace][gc,ergo,refine] GC(98) Updating Refinement Zones: logged cards scan time: 1.367ms, processed cards: 266, goal time: 19.999ms
[15.986s][debug][gc,ergo,refine] GC(98) Updated Refinement Zones: green: 2560, yellow: 7680, red: 12800
[15.986s][info ][gc,phases     ] GC(98)   Pre Evacuate Collection Set: 0.6ms
[15.987s][info ][gc,phases     ] GC(98)   Merge Heap Roots: 0.3ms
[15.987s][info ][gc,phases     ] GC(98)   Evacuate Collection Set: 32.4ms
[15.987s][info ][gc,phases     ] GC(98)   Post Evacuate Collection Set: 15.6ms
[15.987s][info ][gc,phases     ] GC(98)   Other: 1.8ms
[15.987s][info ][gc,heap       ] GC(98) Eden regions: 44->0(44)
[15.987s][info ][gc,heap       ] GC(98) Survivor regions: 7->7(7)
[15.987s][info ][gc,heap       ] GC(98) Old regions: 886->929
[15.987s][info ][gc,heap       ] GC(98) Archive regions: 2->2
[15.987s][info ][gc,heap       ] GC(98) Humongous regions: 0->0
[15.987s][info ][gc,metaspace  ] GC(98) Metaspace: 557K(704K)->557K(704K) NonClass: 520K(576K)->520K(576K) Class: 37K(128K)->37K(128K)
[15.991s][debug][gc,heap       ] GC(98) Heap after GC invocations=98 (full 0):
[15.991s][debug][gc,heap       ] GC(98)  garbage-first heap   total 1048576K, used 959154K [0x00000000c0000000, 0x0000000100000000)
[15.991s][debug][gc,heap       ] GC(98)   region size 1024K, 7 young (7168K), 7 survivors (7168K)
[15.991s][debug][gc,heap       ] GC(98)  Metaspace       used 557K, committed 704K, reserved 1114112K
[15.991s][debug][gc,heap       ] GC(98)   class space    used 37K, committed 128K, reserved 1048576K
[15.991s][info ][gc            ] GC(98) Pause Young (Normal) (G1 Evacuation Pause) 937M->936M(1024M) 54.348ms
[15.991s][info ][gc,cpu        ] GC(98) User=0.14s Sys=0.06s Real=0.06s
[15.991s][info ][gc,marking    ] GC(97) Concurrent Mark From Roots 77.222ms
[15.991s][info ][gc,marking    ] GC(97) Concurrent Preclean
[15.992s][info ][gc,marking    ] GC(97) Concurrent Preclean 0.181ms
[15.992s][info ][gc,start      ] GC(97) Pause Remark
[15.997s][debug][gc,ergo       ] GC(97) Running G1 Update RemSet Tracking Before Rebuild using 3 workers for 1024 regions in heap
[16.156s][info ][gc            ] GC(97) Pause Remark 937M->201M(1024M) 164.146ms
[16.156s][info ][gc,cpu        ] GC(97) User=1.36s Sys=0.18s Real=0.16s
[16.156s][info ][gc,marking    ] GC(97) Concurrent Mark 242.168ms
[16.156s][info ][gc,marking    ] GC(97) Concurrent Rebuild Remembered Sets
[16.162s][info ][gc,marking    ] GC(97) Concurrent Rebuild Remembered Sets 5.378ms
[16.162s][info ][gc,start      ] GC(97) Pause Cleanup
[16.163s][debug][gc,ergo,cset  ] GC(97) Pruned 62 regions out of 88, leaving 52980008 bytes waste (allowed 53687091)
[16.163s][info ][gc            ] GC(97) Pause Cleanup 226M->226M(1024M) 1.006ms
[16.163s][info ][gc,cpu        ] GC(97) User=0.00s Sys=0.00s Real=0.00s
[16.163s][info ][gc,marking    ] GC(97) Concurrent Cleanup for Next Mark
[16.163s][debug][gc,ergo       ] GC(97) Running G1 Clear Bitmap with 3 workers for 16 work units.
[16.166s][info ][gc,marking    ] GC(97) Concurrent Cleanup for Next Mark 3.122ms
[16.166s][info ][gc            ] GC(97) Concurrent Mark Cycle 252.974ms
[16.170s][debug][gc,heap       ] GC(99) Heap before GC invocations=99 (full 0):
[16.170s][debug][gc,heap       ] GC(99)  garbage-first heap   total 1048576K, used 249522K [0x00000000c0000000, 0x0000000100000000)
[16.170s][debug][gc,heap       ] GC(99)   region size 1024K, 51 young (52224K), 7 survivors (7168K)
[16.170s][debug][gc,heap       ] GC(99)  Metaspace       used 557K, committed 704K, reserved 1114112K
[16.170s][debug][gc,heap       ] GC(99)   class space    used 37K, committed 128K, reserved 1048576K
[16.170s][info ][gc,start      ] GC(99) Pause Young (Prepare Mixed) (G1 Evacuation Pause)
[16.170s][info ][gc,task       ] GC(99) Using 10 workers of 10 for evacuation
[16.170s][trace][gc,ergo,cset  ] GC(99) Start choosing CSet. Pending cards: 264 target pause time: 200.00ms
[16.170s][trace][gc,ergo,cset  ] GC(99) Added young regions to CSet. Eden: 44 regions, Survivors: 7 regions, predicted eden time: 36.60ms, predicted base time: 24.79ms, target pause time: 200.00ms, remaining time: 138.61ms
[16.171s][debug][gc,ergo       ] GC(99) Running G1 Merge Heap Roots using 10 workers for 51 regions
[16.214s][debug][gc,ergo       ] GC(99) Running G1 Rebuild Free List Task using 10 workers for rebuilding free list of regions
[16.217s][debug][gc,ergo,heap  ] GC(99) Heap expansion: short term pause time ratio 13.53% long term pause time ratio 71.96% threshold 7.69% pause time ratio 7.69% fully expanded true resize by 0B
[16.218s][debug][gc,ergo,refine] GC(99) Concurrent refinement times: Logged Cards Scan time goal: 20.00ms Logged Cards Scan time: 0.18ms HCC time: 0.00ms
[16.218s][trace][gc,ergo,refine] GC(99) Updating Refinement Zones: logged cards scan time: 0.180ms, processed cards: 239, goal time: 19.999ms
[16.218s][debug][gc,ergo,refine] GC(99) Updated Refinement Zones: green: 2560, yellow: 7680, red: 12800
[16.218s][info ][gc,phases     ] GC(99)   Pre Evacuate Collection Set: 0.3ms
[16.218s][info ][gc,phases     ] GC(99)   Merge Heap Roots: 0.3ms
[16.218s][info ][gc,phases     ] GC(99)   Evacuate Collection Set: 25.6ms
[16.218s][info ][gc,phases     ] GC(99)   Post Evacuate Collection Set: 20.7ms
[16.218s][info ][gc,phases     ] GC(99)   Other: 1.2ms
[16.218s][info ][gc,heap       ] GC(99) Eden regions: 44->0(44)
[16.218s][info ][gc,heap       ] GC(99) Survivor regions: 7->7(7)
[16.218s][info ][gc,heap       ] GC(99) Old regions: 193->236
[16.218s][info ][gc,heap       ] GC(99) Archive regions: 2->2
[16.218s][info ][gc,heap       ] GC(99) Humongous regions: 0->0
[16.218s][info ][gc,metaspace  ] GC(99) Metaspace: 557K(704K)->557K(704K) NonClass: 520K(576K)->520K(576K) Class: 37K(128K)->37K(128K)
[16.218s][debug][gc,heap       ] GC(99) Heap after GC invocations=100 (full 0):
[16.218s][debug][gc,heap       ] GC(99)  garbage-first heap   total 1048576K, used 249008K [0x00000000c0000000, 0x0000000100000000)
[16.218s][debug][gc,heap       ] GC(99)   region size 1024K, 7 young (7168K), 7 survivors (7168K)
[16.218s][debug][gc,heap       ] GC(99)  Metaspace       used 557K, committed 704K, reserved 1114112K
[16.218s][debug][gc,heap       ] GC(99)   class space    used 37K, committed 128K, reserved 1048576K
[16.218s][info ][gc            ] GC(99) Pause Young (Prepare Mixed) (G1 Evacuation Pause) 244M->243M(1024M) 48.047ms
[16.218s][info ][gc,cpu        ] GC(99) User=0.16s Sys=0.01s Real=0.04s
[16.243s][debug][gc,heap       ] GC(100) Heap before GC invocations=100 (full 0):
[16.243s][debug][gc,heap       ] GC(100)  garbage-first heap   total 1048576K, used 293040K [0x00000000c0000000, 0x0000000100000000)
[16.243s][debug][gc,heap       ] GC(100)   region size 1024K, 51 young (52224K), 7 survivors (7168K)
[16.243s][debug][gc,heap       ] GC(100)  Metaspace       used 557K, committed 704K, reserved 1114112K
[16.243s][debug][gc,heap       ] GC(100)   class space    used 37K, committed 128K, reserved 1048576K
[16.243s][info ][gc,start      ] GC(100) Pause Young (Mixed) (G1 Evacuation Pause)
[16.243s][info ][gc,task       ] GC(100) Using 10 workers of 10 for evacuation
[16.243s][trace][gc,ergo,cset  ] GC(100) Start choosing CSet. Pending cards: 263 target pause time: 200.00ms
[16.243s][trace][gc,ergo,cset  ] GC(100) Added young regions to CSet. Eden: 44 regions, Survivors: 7 regions, predicted eden time: 35.85ms, predicted base time: 23.65ms, target pause time: 200.00ms, remaining time: 140.50ms
[16.243s][debug][gc,ergo,cset  ] GC(100) Start adding old regions to collection set. Min 5 regions, max 103 regions, time remaining 140.50ms, optional threshold 28.10ms
[16.243s][debug][gc,ergo,cset  ] GC(100) Old candidate collection set empty.
[16.243s][debug][gc,ergo,cset  ] GC(100) Finish choosing collection set old regions. Initial: 26, optional: 0, predicted old time: 0.00ms, predicted optional time: 0.00ms, time remaining: 114.86
[16.244s][debug][gc,ergo       ] GC(100) Running G1 Merge Heap Roots using 10 workers for 77 regions
[16.291s][debug][gc,ergo       ] GC(100) Running G1 Rebuild Free List Task using 10 workers for rebuilding free list of regions
[16.291s][debug][gc,ergo,heap  ] GC(100) Heap expansion: short term pause time ratio 86.90% long term pause time ratio 73.30% threshold 7.69% pause time ratio 7.69% fully expanded true resize by 0B
[16.291s][debug][gc,ergo       ] GC(100) do not continue mixed GCs (candidate old regions not available)
[16.292s][debug][gc,ergo,refine] GC(100) Concurrent refinement times: Logged Cards Scan time goal: 20.00ms Logged Cards Scan time: 0.69ms HCC time: 0.00ms
[16.292s][trace][gc,ergo,refine] GC(100) Updating Refinement Zones: logged cards scan time: 0.693ms, processed cards: 238, goal time: 19.999ms
[16.292s][debug][gc,ergo,refine] GC(100) Updated Refinement Zones: green: 2560, yellow: 7680, red: 12800
[16.292s][info ][gc,phases     ] GC(100)   Pre Evacuate Collection Set: 0.5ms
[16.292s][info ][gc,phases     ] GC(100)   Merge Heap Roots: 0.3ms
[16.292s][info ][gc,phases     ] GC(100)   Evacuate Collection Set: 32.8ms
[16.292s][info ][gc,phases     ] GC(100)   Post Evacuate Collection Set: 14.2ms
[16.292s][info ][gc,phases     ] GC(100)   Other: 1.2ms
[16.292s][info ][gc,heap       ] GC(100) Eden regions: 44->0(225)
[16.292s][info ][gc,heap       ] GC(100) Survivor regions: 7->7(7)
[16.292s][info ][gc,heap       ] GC(100) Old regions: 236->253
[16.292s][info ][gc,heap       ] GC(100) Archive regions: 2->2
[16.292s][info ][gc,heap       ] GC(100) Humongous regions: 0->0
[16.292s][info ][gc,metaspace  ] GC(100) Metaspace: 557K(704K)->557K(704K) NonClass: 520K(576K)->520K(576K) Class: 37K(128K)->37K(128K)
[16.292s][debug][gc,heap       ] GC(100) Heap after GC invocations=101 (full 0):
[16.292s][debug][gc,heap       ] GC(100)  garbage-first heap   total 1048576K, used 266802K [0x00000000c0000000, 0x0000000100000000)
[16.292s][debug][gc,heap       ] GC(100)   region size 1024K, 7 young (7168K), 7 survivors (7168K)
[16.292s][debug][gc,heap       ] GC(100)  Metaspace       used 557K, committed 704K, reserved 1114112K
[16.292s][debug][gc,heap       ] GC(100)   class space    used 37K, committed 128K, reserved 1048576K
[16.292s][info ][gc            ] GC(100) Pause Young (Mixed) (G1 Evacuation Pause) 287M->260M(1024M) 48.770ms
[16.292s][info ][gc,cpu        ] GC(100) User=0.19s Sys=0.00s Real=0.05s
[16.380s][debug][gc,heap       ] GC(101) Heap before GC invocations=101 (full 0):
[16.380s][debug][gc,heap       ] GC(101)  garbage-first heap   total 1048576K, used 496178K [0x00000000c0000000, 0x0000000100000000)
[16.380s][debug][gc,heap       ] GC(101)   region size 1024K, 232 young (237568K), 7 survivors (7168K)
[16.380s][debug][gc,heap       ] GC(101)  Metaspace       used 557K, committed 704K, reserved 1114112K
[16.380s][debug][gc,heap       ] GC(101)   class space    used 37K, committed 128K, reserved 1048576K
[16.381s][info ][gc,start      ] GC(101) Pause Young (Normal) (G1 Evacuation Pause)
[16.381s][info ][gc,task       ] GC(101) Using 10 workers of 10 for evacuation
[16.381s][trace][gc,ergo,cset  ] GC(101) Start choosing CSet. Pending cards: 297 target pause time: 200.00ms
[16.381s][trace][gc,ergo,cset  ] GC(101) Added young regions to CSet. Eden: 225 regions, Survivors: 7 regions, predicted eden time: 174.17ms, predicted base time: 21.77ms, target pause time: 200.00ms, remaining time: 4.06ms
[16.383s][debug][gc,ergo       ] GC(101) Running G1 Merge Heap Roots using 10 workers for 232 regions
[16.514s][debug][gc,ergo       ] GC(101) Running G1 Rebuild Free List Task using 10 workers for rebuilding free list of regions
[16.516s][debug][gc,ergo,heap  ] GC(101) Heap expansion: short term pause time ratio 65.17% long term pause time ratio 72.98% threshold 7.69% pause time ratio 7.69% fully expanded true resize by 0B
[16.516s][debug][gc,ergo,refine] GC(101) Concurrent refinement times: Logged Cards Scan time goal: 20.00ms Logged Cards Scan time: 0.21ms HCC time: 0.00ms
[16.516s][trace][gc,ergo,refine] GC(101) Updating Refinement Zones: logged cards scan time: 0.215ms, processed cards: 264, goal time: 19.999ms
[16.516s][debug][gc,ergo,refine] GC(101) Updated Refinement Zones: green: 2560, yellow: 7680, red: 12800
[16.517s][info ][gc,phases     ] GC(101)   Pre Evacuate Collection Set: 1.4ms
[16.517s][info ][gc,phases     ] GC(101)   Merge Heap Roots: 0.4ms
[16.517s][info ][gc,phases     ] GC(101)   Evacuate Collection Set: 70.8ms
[16.517s][info ][gc,phases     ] GC(101)   Post Evacuate Collection Set: 61.9ms
[16.517s][info ][gc,phases     ] GC(101)   Other: 2.1ms
[16.517s][info ][gc,heap       ] GC(101) Eden regions: 225->0(184)
[16.517s][info ][gc,heap       ] GC(101) Survivor regions: 7->29(29)
[16.517s][info ][gc,heap       ] GC(101) Old regions: 253->339
[16.517s][info ][gc,heap       ] GC(101) Archive regions: 2->2
[16.517s][info ][gc,heap       ] GC(101) Humongous regions: 0->0
[16.517s][info ][gc,metaspace  ] GC(101) Metaspace: 557K(704K)->557K(704K) NonClass: 520K(576K)->520K(576K) Class: 37K(128K)->37K(128K)
[16.517s][debug][gc,heap       ] GC(101) Heap after GC invocations=102 (full 0):
[16.517s][debug][gc,heap       ] GC(101)  garbage-first heap   total 1048576K, used 376880K [0x00000000c0000000, 0x0000000100000000)
[16.517s][debug][gc,heap       ] GC(101)   region size 1024K, 29 young (29696K), 29 survivors (29696K)
[16.517s][debug][gc,heap       ] GC(101)  Metaspace       used 557K, committed 704K, reserved 1114112K
[16.517s][debug][gc,heap       ] GC(101)   class space    used 37K, committed 128K, reserved 1048576K
[16.517s][info ][gc            ] GC(101) Pause Young (Normal) (G1 Evacuation Pause) 485M->368M(1024M) 135.930ms
[16.517s][info ][gc,cpu        ] GC(101) User=0.63s Sys=0.07s Real=0.13s
[16.585s][debug][gc,heap       ] GC(102) Heap before GC invocations=102 (full 0):
[16.585s][debug][gc,heap       ] GC(102)  garbage-first heap   total 1048576K, used 564272K [0x00000000c0000000, 0x0000000100000000)
[16.585s][debug][gc,heap       ] GC(102)   region size 1024K, 213 young (218112K), 29 survivors (29696K)
[16.585s][debug][gc,heap       ] GC(102)  Metaspace       used 557K, committed 704K, reserved 1114112K
[16.585s][debug][gc,heap       ] GC(102)   class space    used 37K, committed 128K, reserved 1048576K
[16.586s][info ][gc,start      ] GC(102) Pause Young (Normal) (G1 Evacuation Pause)
[16.586s][info ][gc,task       ] GC(102) Using 10 workers of 10 for evacuation
[16.587s][trace][gc,ergo,cset  ] GC(102) Start choosing CSet. Pending cards: 240 target pause time: 200.00ms
[16.587s][trace][gc,ergo,cset  ] GC(102) Added young regions to CSet. Eden: 184 regions, Survivors: 29 regions, predicted eden time: 143.17ms, predicted base time: 41.97ms, target pause time: 200.00ms, remaining time: 14.86ms
[16.587s][debug][gc,ergo       ] GC(102) Running G1 Merge Heap Roots using 10 workers for 213 regions
[16.696s][debug][gc,ergo       ] GC(102) Running G1 Rebuild Free List Task using 10 workers for rebuilding free list of regions
[16.696s][debug][gc,ergo,heap  ] GC(102) Heap expansion: short term pause time ratio 60.06% long term pause time ratio 70.64% threshold 7.69% pause time ratio 7.69% fully expanded true resize by 0B
[16.696s][debug][gc,ergo,refine] GC(102) Concurrent refinement times: Logged Cards Scan time goal: 20.00ms Logged Cards Scan time: 0.20ms HCC time: 0.00ms
[16.696s][trace][gc,ergo,refine] GC(102) Updating Refinement Zones: logged cards scan time: 0.199ms, processed cards: 215, goal time: 19.999ms
[16.696s][debug][gc,ergo,refine] GC(102) Updated Refinement Zones: green: 2560, yellow: 7680, red: 12800
[16.696s][info ][gc,phases     ] GC(102)   Pre Evacuate Collection Set: 0.4ms
[16.696s][info ][gc,phases     ] GC(102)   Merge Heap Roots: 0.3ms
[16.696s][info ][gc,phases     ] GC(102)   Evacuate Collection Set: 63.4ms
[16.696s][info ][gc,phases     ] GC(102)   Post Evacuate Collection Set: 45.3ms
[16.696s][info ][gc,phases     ] GC(102)   Other: 2.1ms
[16.696s][info ][gc,heap       ] GC(102) Eden regions: 184->0(182)
[16.696s][info ][gc,heap       ] GC(102) Survivor regions: 29->27(27)
[16.696s][info ][gc,heap       ] GC(102) Old regions: 339->422
[16.696s][info ][gc,heap       ] GC(102) Archive regions: 2->2
[16.696s][info ][gc,heap       ] GC(102) Humongous regions: 0->0
[16.697s][info ][gc,metaspace  ] GC(102) Metaspace: 557K(704K)->557K(704K) NonClass: 520K(576K)->520K(576K) Class: 37K(128K)->37K(128K)
[16.697s][debug][gc,heap       ] GC(102) Heap after GC invocations=103 (full 0):
[16.697s][debug][gc,heap       ] GC(102)  garbage-first heap   total 1048576K, used 460594K [0x00000000c0000000, 0x0000000100000000)
[16.697s][debug][gc,heap       ] GC(102)   region size 1024K, 27 young (27648K), 27 survivors (27648K)
[16.697s][debug][gc,heap       ] GC(102)  Metaspace       used 557K, committed 704K, reserved 1114112K
[16.697s][debug][gc,heap       ] GC(102)   class space    used 37K, committed 128K, reserved 1048576K
[16.697s][info ][gc            ] GC(102) Pause Young (Normal) (G1 Evacuation Pause) 551M->449M(1024M) 110.722ms
[16.697s][info ][gc,cpu        ] GC(102) User=0.48s Sys=0.08s Real=0.11s
[16.792s][debug][gc,heap       ] GC(103) Heap before GC invocations=103 (full 0):
[16.792s][debug][gc,heap       ] GC(103)  garbage-first heap   total 1048576K, used 645938K [0x00000000c0000000, 0x0000000100000000)
[16.792s][debug][gc,heap       ] GC(103)   region size 1024K, 209 young (214016K), 27 survivors (27648K)
[16.792s][debug][gc,heap       ] GC(103)  Metaspace       used 557K, committed 704K, reserved 1114112K
[16.792s][debug][gc,heap       ] GC(103)   class space    used 37K, committed 128K, reserved 1048576K
[16.794s][info ][gc,start      ] GC(103) Pause Young (Normal) (G1 Evacuation Pause)
[16.794s][info ][gc,task       ] GC(103) Using 10 workers of 10 for evacuation
[16.794s][trace][gc,ergo,cset  ] GC(103) Start choosing CSet. Pending cards: 228 target pause time: 200.00ms
[16.795s][trace][gc,ergo,cset  ] GC(103) Added young regions to CSet. Eden: 182 regions, Survivors: 27 regions, predicted eden time: 132.10ms, predicted base time: 45.22ms, target pause time: 200.00ms, remaining time: 22.68ms
[16.795s][debug][gc,ergo       ] GC(103) Running G1 Merge Heap Roots using 10 workers for 209 regions
[16.927s][debug][gc,ergo       ] GC(103) Running G1 Rebuild Free List Task using 10 workers for rebuilding free list of regions
[16.927s][debug][gc,ergo,heap  ] GC(103) Heap expansion: short term pause time ratio 61.14% long term pause time ratio 70.12% threshold 7.69% pause time ratio 7.69% fully expanded true resize by 0B
[16.928s][debug][gc,ergo,refine] GC(103) Concurrent refinement times: Logged Cards Scan time goal: 20.00ms Logged Cards Scan time: 0.18ms HCC time: 0.00ms
[16.928s][trace][gc,ergo,refine] GC(103) Updating Refinement Zones: logged cards scan time: 0.179ms, processed cards: 203, goal time: 19.999ms
[16.928s][debug][gc,ergo,refine] GC(103) Updated Refinement Zones: green: 2560, yellow: 7680, red: 12800
[16.928s][info ][gc,phases     ] GC(103)   Pre Evacuate Collection Set: 0.5ms
[16.928s][info ][gc,phases     ] GC(103)   Merge Heap Roots: 0.3ms
[16.928s][info ][gc,phases     ] GC(103)   Evacuate Collection Set: 82.3ms
[16.928s][info ][gc,phases     ] GC(103)   Post Evacuate Collection Set: 49.4ms
[16.928s][info ][gc,phases     ] GC(103)   Other: 3.5ms
[16.928s][info ][gc,heap       ] GC(103) Eden regions: 182->0(155)
[16.928s][info ][gc,heap       ] GC(103) Survivor regions: 27->27(27)
[16.928s][info ][gc,heap       ] GC(103) Old regions: 422->503
[16.928s][info ][gc,heap       ] GC(103) Archive regions: 2->2
[16.928s][info ][gc,heap       ] GC(103) Humongous regions: 0->0
[16.928s][info ][gc,metaspace  ] GC(103) Metaspace: 557K(704K)->557K(704K) NonClass: 520K(576K)->520K(576K) Class: 37K(128K)->37K(128K)
[16.928s][debug][gc,heap       ] GC(103) Heap after GC invocations=104 (full 0):
[16.928s][debug][gc,heap       ] GC(103)  garbage-first heap   total 1048576K, used 543412K [0x00000000c0000000, 0x0000000100000000)
[16.928s][debug][gc,heap       ] GC(103)   region size 1024K, 27 young (27648K), 27 survivors (27648K)
[16.928s][debug][gc,heap       ] GC(103)  Metaspace       used 557K, committed 704K, reserved 1114112K
[16.928s][debug][gc,heap       ] GC(103)   class space    used 37K, committed 128K, reserved 1048576K
[16.928s][info ][gc            ] GC(103) Pause Young (Normal) (G1 Evacuation Pause) 631M->530M(1024M) 134.161ms
[16.928s][info ][gc,cpu        ] GC(103) User=0.53s Sys=0.10s Real=0.13s
[17.005s][debug][gc,heap       ] GC(104) Heap before GC invocations=104 (full 0):
[17.005s][debug][gc,heap       ] GC(104)  garbage-first heap   total 1048576K, used 701108K [0x00000000c0000000, 0x0000000100000000)
[17.006s][debug][gc,heap       ] GC(104)   region size 1024K, 182 young (186368K), 27 survivors (27648K)
[17.006s][debug][gc,heap       ] GC(104)  Metaspace       used 557K, committed 704K, reserved 1114112K
[17.006s][debug][gc,heap       ] GC(104)   class space    used 37K, committed 128K, reserved 1048576K
[17.007s][info ][gc,start      ] GC(104) Pause Young (Normal) (G1 Evacuation Pause)
[17.007s][info ][gc,task       ] GC(104) Using 10 workers of 10 for evacuation
[17.007s][trace][gc,ergo,cset  ] GC(104) Start choosing CSet. Pending cards: 202 target pause time: 200.00ms
[17.007s][trace][gc,ergo,cset  ] GC(104) Added young regions to CSet. Eden: 155 regions, Survivors: 27 regions, predicted eden time: 119.44ms, predicted base time: 48.73ms, target pause time: 200.00ms, remaining time: 31.84ms
[17.007s][debug][gc,ergo       ] GC(104) Running G1 Merge Heap Roots using 10 workers for 182 regions
[17.109s][debug][gc,ergo       ] GC(104) Running G1 Rebuild Free List Task using 10 workers for rebuilding free list of regions
[17.111s][debug][gc,ergo,heap  ] GC(104) Heap expansion: short term pause time ratio 57.65% long term pause time ratio 67.28% threshold 7.69% pause time ratio 7.69% fully expanded true resize by 0B
[17.111s][debug][gc,ergo,refine] GC(104) Concurrent refinement times: Logged Cards Scan time goal: 20.00ms Logged Cards Scan time: 0.44ms HCC time: 0.00ms
[17.111s][trace][gc,ergo,refine] GC(104) Updating Refinement Zones: logged cards scan time: 0.441ms, processed cards: 177, goal time: 19.999ms
[17.111s][debug][gc,ergo,refine] GC(104) Updated Refinement Zones: green: 2560, yellow: 7680, red: 12800
[17.111s][info ][gc,phases     ] GC(104)   Pre Evacuate Collection Set: 0.5ms
[17.111s][info ][gc,phases     ] GC(104)   Merge Heap Roots: 0.3ms
[17.111s][info ][gc,phases     ] GC(104)   Evacuate Collection Set: 62.0ms
[17.111s][info ][gc,phases     ] GC(104)   Post Evacuate Collection Set: 40.8ms
[17.111s][info ][gc,phases     ] GC(104)   Other: 2.3ms
[17.111s][info ][gc,heap       ] GC(104) Eden regions: 155->0(124)
[17.111s][info ][gc,heap       ] GC(104) Survivor regions: 27->23(23)
[17.111s][info ][gc,heap       ] GC(104) Old regions: 503->582
[17.111s][info ][gc,heap       ] GC(104) Archive regions: 2->2
[17.111s][info ][gc,heap       ] GC(104) Humongous regions: 0->0
[17.111s][info ][gc,metaspace  ] GC(104) Metaspace: 557K(704K)->557K(704K) NonClass: 520K(576K)->520K(576K) Class: 37K(128K)->37K(128K)
[17.114s][debug][gc,heap       ] GC(104) Heap after GC invocations=105 (full 0):
[17.114s][debug][gc,heap       ] GC(104)  garbage-first heap   total 1048576K, used 620210K [0x00000000c0000000, 0x0000000100000000)
[17.114s][debug][gc,heap       ] GC(104)   region size 1024K, 23 young (23552K), 23 survivors (23552K)
[17.114s][debug][gc,heap       ] GC(104)  Metaspace       used 557K, committed 704K, reserved 1114112K
[17.114s][debug][gc,heap       ] GC(104)   class space    used 37K, committed 128K, reserved 1048576K
[17.114s][info ][gc            ] GC(104) Pause Young (Normal) (G1 Evacuation Pause) 685M->605M(1024M) 107.434ms
[17.114s][info ][gc,cpu        ] GC(104) User=0.42s Sys=0.08s Real=0.11s
[17.177s][debug][gc,heap       ] GC(105) Heap before GC invocations=105 (full 0):
[17.177s][debug][gc,heap       ] GC(105)  garbage-first heap   total 1048576K, used 746162K [0x00000000c0000000, 0x0000000100000000)
[17.177s][debug][gc,heap       ] GC(105)   region size 1024K, 147 young (150528K), 23 survivors (23552K)
[17.177s][debug][gc,heap       ] GC(105)  Metaspace       used 557K, committed 704K, reserved 1114112K
[17.177s][debug][gc,heap       ] GC(105)   class space    used 37K, committed 128K, reserved 1048576K
[17.178s][info ][gc,start      ] GC(105) Pause Young (Normal) (G1 Evacuation Pause)
[17.178s][info ][gc,task       ] GC(105) Using 10 workers of 10 for evacuation
[17.178s][trace][gc,ergo,cset  ] GC(105) Start choosing CSet. Pending cards: 205 target pause time: 200.00ms
[17.178s][trace][gc,ergo,cset  ] GC(105) Added young regions to CSet. Eden: 124 regions, Survivors: 23 regions, predicted eden time: 95.08ms, predicted base time: 47.41ms, target pause time: 200.00ms, remaining time: 57.51ms
[17.179s][debug][gc,ergo       ] GC(105) Running G1 Merge Heap Roots using 10 workers for 147 regions
[17.273s][debug][gc,ergo       ] GC(105) Running G1 Rebuild Free List Task using 10 workers for rebuilding free list of regions
[17.273s][debug][gc,ergo,heap  ] GC(105) Heap expansion: short term pause time ratio 56.88% long term pause time ratio 66.37% threshold 7.69% pause time ratio 7.69% fully expanded true resize by 0B
[17.273s][debug][gc,ergo,refine] GC(105) Concurrent refinement times: Logged Cards Scan time goal: 20.00ms Logged Cards Scan time: 0.14ms HCC time: 0.00ms
[17.273s][trace][gc,ergo,refine] GC(105) Updating Refinement Zones: logged cards scan time: 0.141ms, processed cards: 180, goal time: 19.999ms
[17.273s][debug][gc,ergo,refine] GC(105) Updated Refinement Zones: green: 2560, yellow: 7680, red: 12800
[17.273s][info ][gc,phases     ] GC(105)   Pre Evacuate Collection Set: 0.4ms
[17.273s][info ][gc,phases     ] GC(105)   Merge Heap Roots: 0.2ms
[17.273s][info ][gc,phases     ] GC(105)   Evacuate Collection Set: 56.5ms
[17.273s][info ][gc,phases     ] GC(105)   Post Evacuate Collection Set: 37.4ms
[17.273s][info ][gc,phases     ] GC(105)   Other: 1.6ms
[17.273s][info ][gc,heap       ] GC(105) Eden regions: 124->0(89)
[17.273s][info ][gc,heap       ] GC(105) Survivor regions: 23->19(19)
[17.273s][info ][gc,heap       ] GC(105) Old regions: 582->660
[17.273s][info ][gc,heap       ] GC(105) Archive regions: 2->2
[17.273s][info ][gc,heap       ] GC(105) Humongous regions: 0->0
[17.273s][info ][gc,metaspace  ] GC(105) Metaspace: 557K(704K)->557K(704K) NonClass: 520K(576K)->520K(576K) Class: 37K(128K)->37K(128K)
[17.274s][debug][gc,heap       ] GC(105) Heap after GC invocations=106 (full 0):
[17.274s][debug][gc,heap       ] GC(105)  garbage-first heap   total 1048576K, used 695860K [0x00000000c0000000, 0x0000000100000000)
[17.274s][debug][gc,heap       ] GC(105)   region size 1024K, 19 young (19456K), 19 survivors (19456K)
[17.274s][debug][gc,heap       ] GC(105)  Metaspace       used 557K, committed 704K, reserved 1114112K
[17.274s][debug][gc,heap       ] GC(105)   class space    used 37K, committed 128K, reserved 1048576K
[17.274s][info ][gc            ] GC(105) Pause Young (Normal) (G1 Evacuation Pause) 729M->679M(1024M) 95.576ms
[17.274s][info ][gc,cpu        ] GC(105) User=0.38s Sys=0.05s Real=0.10s
[17.325s][debug][gc,heap       ] GC(106) Heap before GC invocations=106 (full 0):
[17.325s][debug][gc,heap       ] GC(106)  garbage-first heap   total 1048576K, used 785972K [0x00000000c0000000, 0x0000000100000000)
[17.325s][debug][gc,heap       ] GC(106)   region size 1024K, 108 young (110592K), 19 survivors (19456K)
[17.325s][debug][gc,heap       ] GC(106)  Metaspace       used 557K, committed 704K, reserved 1114112K
[17.325s][debug][gc,heap       ] GC(106)   class space    used 37K, committed 128K, reserved 1048576K
[17.326s][info ][gc,start      ] GC(106) Pause Young (Normal) (G1 Evacuation Pause)
[17.326s][info ][gc,task       ] GC(106) Using 10 workers of 10 for evacuation
[17.326s][trace][gc,ergo,cset  ] GC(106) Start choosing CSet. Pending cards: 237 target pause time: 200.00ms
[17.326s][trace][gc,ergo,cset  ] GC(106) Added young regions to CSet. Eden: 89 regions, Survivors: 19 regions, predicted eden time: 72.45ms, predicted base time: 45.60ms, target pause time: 200.00ms, remaining time: 81.95ms
[17.326s][debug][gc,ergo       ] GC(106) Running G1 Merge Heap Roots using 10 workers for 108 regions
[17.415s][debug][gc,ergo       ] GC(106) Running G1 Rebuild Free List Task using 10 workers for rebuilding free list of regions
[17.416s][debug][gc,ergo,heap  ] GC(106) Heap expansion: short term pause time ratio 58.60% long term pause time ratio 65.26% threshold 7.69% pause time ratio 7.69% fully expanded true resize by 0B
[17.416s][debug][gc,ergo,refine] GC(106) Concurrent refinement times: Logged Cards Scan time goal: 20.00ms Logged Cards Scan time: 0.16ms HCC time: 0.00ms
[17.416s][trace][gc,ergo,refine] GC(106) Updating Refinement Zones: logged cards scan time: 0.163ms, processed cards: 212, goal time: 19.999ms
[17.416s][debug][gc,ergo,refine] GC(106) Updated Refinement Zones: green: 2560, yellow: 7680, red: 12800
[17.416s][info ][gc,phases     ] GC(106)   Pre Evacuate Collection Set: 0.4ms
[17.416s][info ][gc,phases     ] GC(106)   Merge Heap Roots: 0.3ms
[17.416s][info ][gc,phases     ] GC(106)   Evacuate Collection Set: 59.3ms
[17.416s][info ][gc,phases     ] GC(106)   Post Evacuate Collection Set: 29.7ms
[17.416s][info ][gc,phases     ] GC(106)   Other: 1.8ms
[17.416s][info ][gc,heap       ] GC(106) Eden regions: 89->0(59)
[17.416s][info ][gc,heap       ] GC(106) Survivor regions: 19->14(14)
[17.416s][info ][gc,heap       ] GC(106) Old regions: 660->729
[17.416s][info ][gc,heap       ] GC(106) Archive regions: 2->2
[17.416s][info ][gc,heap       ] GC(106) Humongous regions: 0->0
[17.416s][info ][gc,metaspace  ] GC(106) Metaspace: 557K(704K)->557K(704K) NonClass: 520K(576K)->520K(576K) Class: 37K(128K)->37K(128K)
[17.417s][debug][gc,heap       ] GC(106) Heap after GC invocations=107 (full 0):
[17.417s][debug][gc,heap       ] GC(106)  garbage-first heap   total 1048576K, used 761520K [0x00000000c0000000, 0x0000000100000000)
[17.417s][debug][gc,heap       ] GC(106)   region size 1024K, 14 young (14336K), 14 survivors (14336K)
[17.417s][debug][gc,heap       ] GC(106)  Metaspace       used 557K, committed 704K, reserved 1114112K
[17.417s][debug][gc,heap       ] GC(106)   class space    used 37K, committed 128K, reserved 1048576K
[17.417s][info ][gc            ] GC(106) Pause Young (Normal) (G1 Evacuation Pause) 768M->743M(1024M) 90.982ms
[17.417s][info ][gc,cpu        ] GC(106) User=0.31s Sys=0.03s Real=0.09s
[17.439s][debug][gc,heap       ] GC(107) Heap before GC invocations=107 (full 0):
[17.439s][debug][gc,heap       ] GC(107)  garbage-first heap   total 1048576K, used 820912K [0x00000000c0000000, 0x0000000100000000)
[17.439s][debug][gc,heap       ] GC(107)   region size 1024K, 73 young (74752K), 14 survivors (14336K)
[17.439s][debug][gc,heap       ] GC(107)  Metaspace       used 557K, committed 704K, reserved 1114112K
[17.439s][debug][gc,heap       ] GC(107)   class space    used 37K, committed 128K, reserved 1048576K
[17.440s][info ][gc,start      ] GC(107) Pause Young (Normal) (G1 Evacuation Pause)
[17.441s][info ][gc,task       ] GC(107) Using 10 workers of 10 for evacuation
[17.441s][trace][gc,ergo,cset  ] GC(107) Start choosing CSet. Pending cards: 252 target pause time: 200.00ms
[17.441s][trace][gc,ergo,cset  ] GC(107) Added young regions to CSet. Eden: 59 regions, Survivors: 14 regions, predicted eden time: 53.79ms, predicted base time: 42.28ms, target pause time: 200.00ms, remaining time: 103.93ms
[17.441s][debug][gc,ergo       ] GC(107) Running G1 Merge Heap Roots using 10 workers for 73 regions
[17.501s][debug][gc,ergo       ] GC(107) Running G1 Rebuild Free List Task using 10 workers for rebuilding free list of regions
[17.502s][debug][gc,ergo,heap  ] GC(107) Heap expansion: short term pause time ratio 63.14% long term pause time ratio 64.94% threshold 7.69% pause time ratio 7.69% fully expanded true resize by 0B
[17.502s][debug][gc,ergo,refine] GC(107) Concurrent refinement times: Logged Cards Scan time goal: 20.00ms Logged Cards Scan time: 0.19ms HCC time: 0.00ms
[17.502s][trace][gc,ergo,refine] GC(107) Updating Refinement Zones: logged cards scan time: 0.187ms, processed cards: 227, goal time: 19.999ms
[17.502s][debug][gc,ergo,refine] GC(107) Updated Refinement Zones: green: 2560, yellow: 7680, red: 12800
[17.502s][info ][gc,phases     ] GC(107)   Pre Evacuate Collection Set: 0.5ms
[17.502s][info ][gc,phases     ] GC(107)   Merge Heap Roots: 0.3ms
[17.502s][info ][gc,phases     ] GC(107)   Evacuate Collection Set: 40.4ms
[17.502s][info ][gc,phases     ] GC(107)   Post Evacuate Collection Set: 19.6ms
[17.502s][info ][gc,phases     ] GC(107)   Other: 2.0ms
[17.502s][info ][gc,heap       ] GC(107) Eden regions: 59->0(41)
[17.502s][info ][gc,heap       ] GC(107) Survivor regions: 14->10(10)
[17.502s][info ][gc,heap       ] GC(107) Old regions: 729->787
[17.502s][info ][gc,heap       ] GC(107) Archive regions: 2->2
[17.502s][info ][gc,heap       ] GC(107) Humongous regions: 0->0
[17.502s][info ][gc,metaspace  ] GC(107) Metaspace: 557K(704K)->557K(704K) NonClass: 520K(576K)->520K(576K) Class: 37K(128K)->37K(128K)
[17.503s][debug][gc,heap       ] GC(107) Heap after GC invocations=108 (full 0):
[17.503s][debug][gc,heap       ] GC(107)  garbage-first heap   total 1048576K, used 816304K [0x00000000c0000000, 0x0000000100000000)
[17.503s][debug][gc,heap       ] GC(107)   region size 1024K, 10 young (10240K), 10 survivors (10240K)
[17.503s][debug][gc,heap       ] GC(107)  Metaspace       used 557K, committed 704K, reserved 1114112K
[17.503s][debug][gc,heap       ] GC(107)   class space    used 37K, committed 128K, reserved 1048576K
[17.503s][info ][gc            ] GC(107) Pause Young (Normal) (G1 Evacuation Pause) 802M->797M(1024M) 62.463ms
[17.503s][info ][gc,cpu        ] GC(107) User=0.19s Sys=0.05s Real=0.06s
[17.517s][debug][gc,heap       ] GC(108) Heap before GC invocations=108 (full 0):
[17.517s][debug][gc,heap       ] GC(108)  garbage-first heap   total 1048576K, used 857264K [0x00000000c0000000, 0x0000000100000000)
[17.517s][debug][gc,heap       ] GC(108)   region size 1024K, 51 young (52224K), 10 survivors (10240K)
[17.517s][debug][gc,heap       ] GC(108)  Metaspace       used 557K, committed 704K, reserved 1114112K
[17.517s][debug][gc,heap       ] GC(108)   class space    used 37K, committed 128K, reserved 1048576K
[17.518s][info ][gc,start      ] GC(108) Pause Young (Normal) (G1 Evacuation Pause)
[17.518s][info ][gc,task       ] GC(108) Using 10 workers of 10 for evacuation
[17.518s][trace][gc,ergo,cset  ] GC(108) Start choosing CSet. Pending cards: 261 target pause time: 200.00ms
[17.518s][trace][gc,ergo,cset  ] GC(108) Added young regions to CSet. Eden: 41 regions, Survivors: 10 regions, predicted eden time: 37.03ms, predicted base time: 37.79ms, target pause time: 200.00ms, remaining time: 125.18ms
[17.518s][debug][gc,ergo       ] GC(108) Running G1 Merge Heap Roots using 10 workers for 51 regions
[17.562s][debug][gc,ergo       ] GC(108) Running G1 Rebuild Free List Task using 10 workers for rebuilding free list of regions
[17.563s][debug][gc,ergo,heap  ] GC(108) Heap expansion: short term pause time ratio 71.39% long term pause time ratio 61.35% threshold 7.69% pause time ratio 7.69% fully expanded true resize by 0B
[17.564s][debug][gc,ergo,ihop  ] GC(108) Request concurrent cycle initiation (occupancy higher than threshold) occupancy: 871366656B allocation request: 0B threshold: 858850534B (79.99) source: end of GC
[17.564s][debug][gc,ergo,refine] GC(108) Concurrent refinement times: Logged Cards Scan time goal: 20.00ms Logged Cards Scan time: 0.23ms HCC time: 0.00ms
[17.564s][trace][gc,ergo,refine] GC(108) Updating Refinement Zones: logged cards scan time: 0.226ms, processed cards: 236, goal time: 19.999ms
[17.564s][debug][gc,ergo,refine] GC(108) Updated Refinement Zones: green: 2560, yellow: 7680, red: 12800
[17.564s][info ][gc,phases     ] GC(108)   Pre Evacuate Collection Set: 0.5ms
[17.564s][info ][gc,phases     ] GC(108)   Merge Heap Roots: 0.3ms
[17.564s][info ][gc,phases     ] GC(108)   Evacuate Collection Set: 29.1ms
[17.564s][info ][gc,phases     ] GC(108)   Post Evacuate Collection Set: 15.2ms
[17.564s][info ][gc,phases     ] GC(108)   Other: 2.0ms
[17.564s][info ][gc,heap       ] GC(108) Eden regions: 41->0(44)
[17.564s][info ][gc,heap       ] GC(108) Survivor regions: 10->7(7)
[17.564s][info ][gc,heap       ] GC(108) Old regions: 787->829
[17.564s][info ][gc,heap       ] GC(108) Archive regions: 2->2
[17.564s][info ][gc,heap       ] GC(108) Humongous regions: 0->0
[17.564s][info ][gc,metaspace  ] GC(108) Metaspace: 557K(704K)->557K(704K) NonClass: 520K(576K)->520K(576K) Class: 37K(128K)->37K(128K)
[17.564s][debug][gc,heap       ] GC(108) Heap after GC invocations=109 (full 0):
[17.564s][debug][gc,heap       ] GC(108)  garbage-first heap   total 1048576K, used 856496K [0x00000000c0000000, 0x0000000100000000)
[17.564s][debug][gc,heap       ] GC(108)   region size 1024K, 7 young (7168K), 7 survivors (7168K)
[17.564s][debug][gc,heap       ] GC(108)  Metaspace       used 557K, committed 704K, reserved 1114112K
[17.564s][debug][gc,heap       ] GC(108)   class space    used 37K, committed 128K, reserved 1048576K
[17.564s][info ][gc            ] GC(108) Pause Young (Normal) (G1 Evacuation Pause) 838M->836M(1024M) 46.712ms
[17.564s][info ][gc,cpu        ] GC(108) User=0.16s Sys=0.01s Real=0.05s
[17.580s][debug][gc,heap       ] GC(109) Heap before GC invocations=109 (full 0):
[17.580s][debug][gc,heap       ] GC(109)  garbage-first heap   total 1048576K, used 900528K [0x00000000c0000000, 0x0000000100000000)
[17.580s][debug][gc,heap       ] GC(109)   region size 1024K, 51 young (52224K), 7 survivors (7168K)
[17.580s][debug][gc,heap       ] GC(109)  Metaspace       used 557K, committed 704K, reserved 1114112K
[17.580s][debug][gc,heap       ] GC(109)   class space    used 37K, committed 128K, reserved 1048576K
[17.580s][debug][gc,ergo       ] GC(109) Initiate concurrent cycle (concurrent cycle initiation requested)
[17.581s][info ][gc,start      ] GC(109) Pause Young (Concurrent Start) (G1 Evacuation Pause)
[17.581s][info ][gc,task       ] GC(109) Using 10 workers of 10 for evacuation
[17.581s][trace][gc,ergo,cset  ] GC(109) Start choosing CSet. Pending cards: 262 target pause time: 200.00ms
[17.581s][trace][gc,ergo,cset  ] GC(109) Added young regions to CSet. Eden: 44 regions, Survivors: 7 regions, predicted eden time: 38.11ms, predicted base time: 33.23ms, target pause time: 200.00ms, remaining time: 128.66ms
[17.581s][debug][gc,ergo       ] GC(109) Running G1 Merge Heap Roots using 10 workers for 51 regions
[17.627s][debug][gc,ergo       ] GC(109) Running G1 Rebuild Free List Task using 10 workers for rebuilding free list of regions
[17.627s][debug][gc,ergo,heap  ] GC(109) Heap expansion: short term pause time ratio 74.34% long term pause time ratio 62.16% threshold 7.69% pause time ratio 7.69% fully expanded true resize by 0B
[17.627s][debug][gc,ergo,refine] GC(109) Concurrent refinement times: Logged Cards Scan time goal: 20.00ms Logged Cards Scan time: 0.19ms HCC time: 0.00ms
[17.627s][trace][gc,ergo,refine] GC(109) Updating Refinement Zones: logged cards scan time: 0.194ms, processed cards: 245, goal time: 19.999ms
[17.627s][debug][gc,ergo,refine] GC(109) Updated Refinement Zones: green: 2560, yellow: 7680, red: 12800
[17.627s][info ][gc,phases     ] GC(109)   Pre Evacuate Collection Set: 0.4ms
[17.627s][info ][gc,phases     ] GC(109)   Merge Heap Roots: 0.3ms
[17.627s][info ][gc,phases     ] GC(109)   Evacuate Collection Set: 27.7ms
[17.627s][info ][gc,phases     ] GC(109)   Post Evacuate Collection Set: 17.7ms
[17.627s][info ][gc,phases     ] GC(109)   Other: 1.8ms
[17.627s][info ][gc,heap       ] GC(109) Eden regions: 44->0(44)
[17.627s][info ][gc,heap       ] GC(109) Survivor regions: 7->7(7)
[17.628s][info ][gc,heap       ] GC(109) Old regions: 829->871
[17.628s][info ][gc,heap       ] GC(109) Archive regions: 2->2
[17.628s][info ][gc,heap       ] GC(109) Humongous regions: 0->0
[17.628s][info ][gc,metaspace  ] GC(109) Metaspace: 557K(704K)->557K(704K) NonClass: 520K(576K)->520K(576K) Class: 37K(128K)->37K(128K)
[17.628s][debug][gc,heap       ] GC(109) Heap after GC invocations=110 (full 0):
[17.628s][debug][gc,heap       ] GC(109)  garbage-first heap   total 1048576K, used 899248K [0x00000000c0000000, 0x0000000100000000)
[17.628s][debug][gc,heap       ] GC(109)   region size 1024K, 7 young (7168K), 7 survivors (7168K)
[17.628s][debug][gc,heap       ] GC(109)  Metaspace       used 557K, committed 704K, reserved 1114112K
[17.628s][debug][gc,heap       ] GC(109)   class space    used 37K, committed 128K, reserved 1048576K
[17.628s][info ][gc            ] GC(109) Pause Young (Concurrent Start) (G1 Evacuation Pause) 880M->878M(1024M) 47.476ms
[17.628s][info ][gc,cpu        ] GC(109) User=0.16s Sys=0.01s Real=0.04s
[17.628s][info ][gc            ] GC(110) Concurrent Mark Cycle
[17.628s][info ][gc,marking    ] GC(110) Concurrent Clear Claimed Marks
[17.628s][info ][gc,marking    ] GC(110) Concurrent Clear Claimed Marks 0.018ms
[17.628s][info ][gc,marking    ] GC(110) Concurrent Scan Root Regions
[17.628s][debug][gc,ergo       ] GC(110) Running G1 Root Region Scan using 3 workers for 50 work units.
[17.629s][info ][gc,marking    ] GC(110) Concurrent Scan Root Regions 0.586ms
[17.629s][info ][gc,marking    ] GC(110) Concurrent Mark
[17.629s][info ][gc,marking    ] GC(110) Concurrent Mark From Roots
[17.629s][info ][gc,task       ] GC(110) Using 3 workers of 3 for marking
[17.642s][debug][gc,heap       ] GC(111) Heap before GC invocations=110 (full 0):
[17.643s][debug][gc,heap       ] GC(111)  garbage-first heap   total 1048576K, used 943280K [0x00000000c0000000, 0x0000000100000000)
[17.643s][debug][gc,heap       ] GC(111)   region size 1024K, 51 young (52224K), 7 survivors (7168K)
[17.643s][debug][gc,heap       ] GC(111)  Metaspace       used 557K, committed 704K, reserved 1114112K
[17.643s][debug][gc,heap       ] GC(111)   class space    used 37K, committed 128K, reserved 1048576K
[17.643s][info ][gc,start      ] GC(111) Pause Young (Normal) (G1 Evacuation Pause)
[17.643s][info ][gc,task       ] GC(111) Using 10 workers of 10 for evacuation
[17.644s][trace][gc,ergo,cset  ] GC(111) Start choosing CSet. Pending cards: 283 target pause time: 200.00ms
[17.644s][trace][gc,ergo,cset  ] GC(111) Added young regions to CSet. Eden: 44 regions, Survivors: 7 regions, predicted eden time: 46.97ms, predicted base time: 30.03ms, target pause time: 200.00ms, remaining time: 123.00ms
[17.644s][debug][gc,ergo       ] GC(111) Running G1 Merge Heap Roots using 10 workers for 51 regions
[17.695s][debug][gc,ergo       ] GC(111) Running G1 Rebuild Free List Task using 10 workers for rebuilding free list of regions
[17.696s][debug][gc,ergo,heap  ] GC(111) Heap expansion: short term pause time ratio 73.22% long term pause time ratio 61.71% threshold 7.69% pause time ratio 7.69% fully expanded true resize by 0B
[17.696s][debug][gc,ergo,refine] GC(111) Concurrent refinement times: Logged Cards Scan time goal: 20.00ms Logged Cards Scan time: 0.24ms HCC time: 0.00ms
[17.696s][trace][gc,ergo,refine] GC(111) Updating Refinement Zones: logged cards scan time: 0.241ms, processed cards: 266, goal time: 19.999ms
[17.696s][debug][gc,ergo,refine] GC(111) Updated Refinement Zones: green: 2560, yellow: 7680, red: 12800
[17.696s][info ][gc,phases     ] GC(111)   Pre Evacuate Collection Set: 0.4ms
[17.696s][info ][gc,phases     ] GC(111)   Merge Heap Roots: 0.4ms
[17.696s][info ][gc,phases     ] GC(111)   Evacuate Collection Set: 31.9ms
[17.696s][info ][gc,phases     ] GC(111)   Post Evacuate Collection Set: 19.1ms
[17.696s][info ][gc,phases     ] GC(111)   Other: 1.7ms
[17.696s][info ][gc,heap       ] GC(111) Eden regions: 44->0(44)
[17.696s][info ][gc,heap       ] GC(111) Survivor regions: 7->7(7)
[17.696s][info ][gc,heap       ] GC(111) Old regions: 871->913
[17.696s][info ][gc,heap       ] GC(111) Archive regions: 2->2
[17.696s][info ][gc,heap       ] GC(111) Humongous regions: 0->0
[17.696s][info ][gc,metaspace  ] GC(111) Metaspace: 557K(704K)->557K(704K) NonClass: 520K(576K)->520K(576K) Class: 37K(128K)->37K(128K)
[17.697s][debug][gc,heap       ] GC(111) Heap after GC invocations=111 (full 0):
[17.697s][debug][gc,heap       ] GC(111)  garbage-first heap   total 1048576K, used 942640K [0x00000000c0000000, 0x0000000100000000)
[17.697s][debug][gc,heap       ] GC(111)   region size 1024K, 7 young (7168K), 7 survivors (7168K)
[17.697s][debug][gc,heap       ] GC(111)  Metaspace       used 557K, committed 704K, reserved 1114112K
[17.697s][debug][gc,heap       ] GC(111)   class space    used 37K, committed 128K, reserved 1048576K
[17.697s][info ][gc            ] GC(111) Pause Young (Normal) (G1 Evacuation Pause) 922M->920M(1024M) 53.472ms
[17.697s][info ][gc,cpu        ] GC(111) User=0.18s Sys=0.01s Real=0.05s
[17.703s][info ][gc,marking    ] GC(110) Concurrent Mark From Roots 73.665ms
[17.703s][info ][gc,marking    ] GC(110) Concurrent Preclean
[17.703s][info ][gc,marking    ] GC(110) Concurrent Preclean 0.183ms
[17.703s][info ][gc,start      ] GC(110) Pause Remark
[17.707s][debug][gc,ergo       ] GC(110) Running G1 Update RemSet Tracking Before Rebuild using 3 workers for 1024 regions in heap
[17.860s][info ][gc            ] GC(110) Pause Remark 941M->211M(1024M) 157.021ms
[17.861s][info ][gc,cpu        ] GC(110) User=1.38s Sys=0.10s Real=0.16s
[17.861s][info ][gc,marking    ] GC(110) Concurrent Mark 231.818ms
[17.861s][info ][gc,marking    ] GC(110) Concurrent Rebuild Remembered Sets
[17.872s][info ][gc,marking    ] GC(110) Concurrent Rebuild Remembered Sets 11.472ms
[17.873s][info ][gc,start      ] GC(110) Pause Cleanup
[17.874s][debug][gc,ergo,cset  ] GC(110) Pruned 62 regions out of 77, leaving 53502160 bytes waste (allowed 53687091)
[17.874s][info ][gc            ] GC(110) Pause Cleanup 233M->233M(1024M) 1.246ms
[17.874s][info ][gc,cpu        ] GC(110) User=0.00s Sys=0.00s Real=0.00s
[17.874s][info ][gc,marking    ] GC(110) Concurrent Cleanup for Next Mark
[17.874s][debug][gc,ergo       ] GC(110) Running G1 Clear Bitmap with 3 workers for 16 work units.
[17.875s][debug][gc,heap       ] GC(112) Heap before GC invocations=112 (full 0):
[17.876s][debug][gc,heap       ] GC(112)  garbage-first heap   total 1048576K, used 239152K [0x00000000c0000000, 0x0000000100000000)
[17.876s][debug][gc,heap       ] GC(112)   region size 1024K, 51 young (52224K), 7 survivors (7168K)
[17.876s][debug][gc,heap       ] GC(112)  Metaspace       used 557K, committed 704K, reserved 1114112K
[17.876s][debug][gc,heap       ] GC(112)   class space    used 37K, committed 128K, reserved 1048576K
[17.877s][info ][gc,start      ] GC(112) Pause Young (Prepare Mixed) (G1 Evacuation Pause)
[17.877s][info ][gc,task       ] GC(112) Using 10 workers of 10 for evacuation
[17.877s][trace][gc,ergo,cset  ] GC(112) Start choosing CSet. Pending cards: 303 target pause time: 200.00ms
[17.877s][trace][gc,ergo,cset  ] GC(112) Added young regions to CSet. Eden: 44 regions, Survivors: 7 regions, predicted eden time: 37.78ms, predicted base time: 27.91ms, target pause time: 200.00ms, remaining time: 134.31ms
[17.878s][debug][gc,ergo       ] GC(112) Running G1 Merge Heap Roots using 10 workers for 51 regions
[17.935s][debug][gc,ergo       ] GC(112) Running G1 Rebuild Free List Task using 10 workers for rebuilding free list of regions
[17.937s][debug][gc,ergo,heap  ] GC(112) Heap expansion: short term pause time ratio 8.77% long term pause time ratio 66.86% threshold 7.69% pause time ratio 7.69% fully expanded true resize by 0B
[17.937s][debug][gc,ergo,refine] GC(112) Concurrent refinement times: Logged Cards Scan time goal: 20.00ms Logged Cards Scan time: 0.26ms HCC time: 0.00ms
[17.937s][trace][gc,ergo,refine] GC(112) Updating Refinement Zones: logged cards scan time: 0.261ms, processed cards: 294, goal time: 19.999ms
[17.937s][debug][gc,ergo,refine] GC(112) Updated Refinement Zones: green: 2560, yellow: 7680, red: 12800
[17.937s][info ][gc,phases     ] GC(112)   Pre Evacuate Collection Set: 0.5ms
[17.937s][info ][gc,phases     ] GC(112)   Merge Heap Roots: 3.2ms
[17.937s][info ][gc,phases     ] GC(112)   Evacuate Collection Set: 37.7ms
[17.937s][info ][gc,phases     ] GC(112)   Post Evacuate Collection Set: 17.7ms
[17.937s][info ][gc,phases     ] GC(112)   Other: 2.2ms
[17.937s][info ][gc,heap       ] GC(112) Eden regions: 44->0(44)
[17.937s][info ][gc,heap       ] GC(112) Survivor regions: 7->7(7)
[17.937s][info ][gc,heap       ] GC(112) Old regions: 183->226
[17.937s][info ][gc,heap       ] GC(112) Archive regions: 2->2
[17.937s][info ][gc,heap       ] GC(112) Humongous regions: 0->0
[17.937s][info ][gc,metaspace  ] GC(112) Metaspace: 557K(704K)->557K(704K) NonClass: 520K(576K)->520K(576K) Class: 37K(128K)->37K(128K)
[17.937s][debug][gc,heap       ] GC(112) Heap after GC invocations=113 (full 0):
[17.937s][debug][gc,heap       ] GC(112)  garbage-first heap   total 1048576K, used 239154K [0x00000000c0000000, 0x0000000100000000)
[17.937s][debug][gc,heap       ] GC(112)   region size 1024K, 7 young (7168K), 7 survivors (7168K)
[17.937s][debug][gc,heap       ] GC(112)  Metaspace       used 557K, committed 704K, reserved 1114112K
[17.937s][debug][gc,heap       ] GC(112)   class space    used 37K, committed 128K, reserved 1048576K
[17.937s][info ][gc            ] GC(112) Pause Young (Prepare Mixed) (G1 Evacuation Pause) 234M->233M(1024M) 60.755ms
[17.937s][info ][gc,cpu        ] GC(112) User=0.15s Sys=0.04s Real=0.06s
[17.941s][info ][gc,marking    ] GC(110) Concurrent Cleanup for Next Mark 66.766ms
[17.941s][info ][gc            ] GC(110) Concurrent Mark Cycle 313.118ms
[17.968s][debug][gc,heap       ] GC(113) Heap before GC invocations=113 (full 0):
[17.968s][debug][gc,heap       ] GC(113)  garbage-first heap   total 1048576K, used 283186K [0x00000000c0000000, 0x0000000100000000)
[17.968s][debug][gc,heap       ] GC(113)   region size 1024K, 51 young (52224K), 7 survivors (7168K)
[17.968s][debug][gc,heap       ] GC(113)  Metaspace       used 557K, committed 704K, reserved 1114112K
[17.968s][debug][gc,heap       ] GC(113)   class space    used 37K, committed 128K, reserved 1048576K
[17.968s][info ][gc,start      ] GC(113) Pause Young (Mixed) (G1 Evacuation Pause)
[17.968s][info ][gc,task       ] GC(113) Using 10 workers of 10 for evacuation
[17.968s][trace][gc,ergo,cset  ] GC(113) Start choosing CSet. Pending cards: 277 target pause time: 200.00ms
[17.968s][trace][gc,ergo,cset  ] GC(113) Added young regions to CSet. Eden: 44 regions, Survivors: 7 regions, predicted eden time: 39.36ms, predicted base time: 26.60ms, target pause time: 200.00ms, remaining time: 134.03ms
[17.968s][debug][gc,ergo,cset  ] GC(113) Start adding old regions to collection set. Min 3 regions, max 103 regions, time remaining 134.03ms, optional threshold 26.81ms
[17.968s][debug][gc,ergo,cset  ] GC(113) Old candidate collection set empty.
[17.968s][debug][gc,ergo,cset  ] GC(113) Finish choosing collection set old regions. Initial: 15, optional: 0, predicted old time: 0.00ms, predicted optional time: 0.00ms, time remaining: 121.25
[17.969s][debug][gc,ergo       ] GC(113) Running G1 Merge Heap Roots using 10 workers for 66 regions
[18.025s][debug][gc,ergo       ] GC(113) Running G1 Rebuild Free List Task using 10 workers for rebuilding free list of regions
[18.025s][debug][gc,ergo,heap  ] GC(113) Heap expansion: short term pause time ratio 95.43% long term pause time ratio 70.75% threshold 7.69% pause time ratio 7.69% fully expanded true resize by 0B
[18.026s][debug][gc,ergo       ] GC(113) do not continue mixed GCs (candidate old regions not available)
[18.026s][debug][gc,ergo,refine] GC(113) Concurrent refinement times: Logged Cards Scan time goal: 20.00ms Logged Cards Scan time: 0.21ms HCC time: 0.00ms
[18.026s][trace][gc,ergo,refine] GC(113) Updating Refinement Zones: logged cards scan time: 0.210ms, processed cards: 254, goal time: 19.999ms
[18.026s][debug][gc,ergo,refine] GC(113) Updated Refinement Zones: green: 2560, yellow: 7680, red: 12800
[18.026s][info ][gc,phases     ] GC(113)   Pre Evacuate Collection Set: 0.5ms
[18.026s][info ][gc,phases     ] GC(113)   Merge Heap Roots: 0.3ms
[18.026s][info ][gc,phases     ] GC(113)   Evacuate Collection Set: 38.8ms
[18.026s][info ][gc,phases     ] GC(113)   Post Evacuate Collection Set: 17.2ms
[18.026s][info ][gc,phases     ] GC(113)   Other: 1.5ms
[18.026s][info ][gc,heap       ] GC(113) Eden regions: 44->0(193)
[18.026s][info ][gc,heap       ] GC(113) Survivor regions: 7->7(7)
[18.026s][info ][gc,heap       ] GC(113) Old regions: 226->254
[18.026s][info ][gc,heap       ] GC(113) Archive regions: 2->2
[18.026s][info ][gc,heap       ] GC(113) Humongous regions: 0->0
[18.026s][info ][gc,metaspace  ] GC(113) Metaspace: 557K(704K)->557K(704K) NonClass: 520K(576K)->520K(576K) Class: 37K(128K)->37K(128K)
[18.026s][debug][gc,heap       ] GC(113) Heap after GC invocations=114 (full 0):
[18.026s][debug][gc,heap       ] GC(113)  garbage-first heap   total 1048576K, used 268080K [0x00000000c0000000, 0x0000000100000000)
[18.026s][debug][gc,heap       ] GC(113)   region size 1024K, 7 young (7168K), 7 survivors (7168K)
[18.026s][debug][gc,heap       ] GC(113)  Metaspace       used 557K, committed 704K, reserved 1114112K
[18.026s][debug][gc,heap       ] GC(113)   class space    used 37K, committed 128K, reserved 1048576K
[18.026s][info ][gc            ] GC(113) Pause Young (Mixed) (G1 Evacuation Pause) 277M->261M(1024M) 58.048ms
[18.026s][info ][gc,cpu        ] GC(113) User=0.22s Sys=0.00s Real=0.06s
[18.130s][debug][gc,heap       ] GC(114) Heap before GC invocations=114 (full 0):
[18.130s][debug][gc,heap       ] GC(114)  garbage-first heap   total 1048576K, used 464688K [0x00000000c0000000, 0x0000000100000000)
[18.130s][debug][gc,heap       ] GC(114)   region size 1024K, 200 young (204800K), 7 survivors (7168K)
[18.130s][debug][gc,heap       ] GC(114)  Metaspace       used 557K, committed 704K, reserved 1114112K
[18.130s][debug][gc,heap       ] GC(114)   class space    used 37K, committed 128K, reserved 1048576K
[18.131s][info ][gc,start      ] GC(114) Pause Young (Normal) (G1 Evacuation Pause)
[18.131s][info ][gc,task       ] GC(114) Using 10 workers of 10 for evacuation
[18.131s][trace][gc,ergo,cset  ] GC(114) Start choosing CSet. Pending cards: 283 target pause time: 200.00ms
[18.131s][trace][gc,ergo,cset  ] GC(114) Added young regions to CSet. Eden: 193 regions, Survivors: 7 regions, predicted eden time: 170.20ms, predicted base time: 24.65ms, target pause time: 200.00ms, remaining time: 5.15ms
[18.132s][debug][gc,ergo       ] GC(114) Running G1 Merge Heap Roots using 10 workers for 200 regions
[18.250s][debug][gc,ergo       ] GC(114) Running G1 Rebuild Free List Task using 10 workers for rebuilding free list of regions
[18.251s][debug][gc,ergo,heap  ] GC(114) Heap expansion: short term pause time ratio 64.33% long term pause time ratio 72.91% threshold 7.69% pause time ratio 7.69% fully expanded true resize by 0B
[18.251s][debug][gc,ergo,refine] GC(114) Concurrent refinement times: Logged Cards Scan time goal: 20.00ms Logged Cards Scan time: 0.20ms HCC time: 0.00ms
[18.251s][trace][gc,ergo,refine] GC(114) Updating Refinement Zones: logged cards scan time: 0.199ms, processed cards: 258, goal time: 19.999ms
[18.251s][debug][gc,ergo,refine] GC(114) Updated Refinement Zones: green: 2560, yellow: 7680, red: 12800
[18.251s][info ][gc,phases     ] GC(114)   Pre Evacuate Collection Set: 0.4ms
[18.251s][info ][gc,phases     ] GC(114)   Merge Heap Roots: 0.3ms
[18.251s][info ][gc,phases     ] GC(114)   Evacuate Collection Set: 77.5ms
[18.251s][info ][gc,phases     ] GC(114)   Post Evacuate Collection Set: 40.5ms
[18.251s][info ][gc,phases     ] GC(114)   Other: 2.2ms
[18.251s][info ][gc,heap       ] GC(114) Eden regions: 193->0(183)
[18.251s][info ][gc,heap       ] GC(114) Survivor regions: 7->25(25)
[18.251s][info ][gc,heap       ] GC(114) Old regions: 254->340
[18.251s][info ][gc,heap       ] GC(114) Archive regions: 2->2
[18.251s][info ][gc,heap       ] GC(114) Humongous regions: 0->0
[18.251s][info ][gc,metaspace  ] GC(114) Metaspace: 557K(704K)->557K(704K) NonClass: 520K(576K)->520K(576K) Class: 37K(128K)->37K(128K)
[18.252s][debug][gc,heap       ] GC(114) Heap after GC invocations=115 (full 0):
[18.252s][debug][gc,heap       ] GC(114)  garbage-first heap   total 1048576K, used 374064K [0x00000000c0000000, 0x0000000100000000)
[18.252s][debug][gc,heap       ] GC(114)   region size 1024K, 25 young (25600K), 25 survivors (25600K)
[18.252s][debug][gc,heap       ] GC(114)  Metaspace       used 557K, committed 704K, reserved 1114112K
[18.252s][debug][gc,heap       ] GC(114)   class space    used 37K, committed 128K, reserved 1048576K
[18.252s][info ][gc            ] GC(114) Pause Young (Normal) (G1 Evacuation Pause) 454M->365M(1024M) 120.458ms
[18.252s][info ][gc,cpu        ] GC(114) User=0.43s Sys=0.09s Real=0.12s
[18.336s][debug][gc,heap       ] GC(115) Heap before GC invocations=115 (full 0):
[18.336s][debug][gc,heap       ] GC(115)  garbage-first heap   total 1048576K, used 560432K [0x00000000c0000000, 0x0000000100000000)
[18.336s][debug][gc,heap       ] GC(115)   region size 1024K, 208 young (212992K), 25 survivors (25600K)
[18.336s][debug][gc,heap       ] GC(115)  Metaspace       used 557K, committed 704K, reserved 1114112K
[18.336s][debug][gc,heap       ] GC(115)   class space    used 37K, committed 128K, reserved 1048576K
[18.337s][info ][gc,start      ] GC(115) Pause Young (Normal) (G1 Evacuation Pause)
[18.338s][info ][gc,task       ] GC(115) Using 10 workers of 10 for evacuation
[18.338s][trace][gc,ergo,cset  ] GC(115) Start choosing CSet. Pending cards: 221 target pause time: 200.00ms
[18.338s][trace][gc,ergo,cset  ] GC(115) Added young regions to CSet. Eden: 183 regions, Survivors: 25 regions, predicted eden time: 154.00ms, predicted base time: 32.47ms, target pause time: 200.00ms, remaining time: 13.53ms
[18.339s][debug][gc,ergo       ] GC(115) Running G1 Merge Heap Roots using 10 workers for 208 regions
[18.451s][debug][gc,ergo       ] GC(115) Running G1 Rebuild Free List Task using 10 workers for rebuilding free list of regions
[18.453s][debug][gc,ergo,heap  ] GC(115) Heap expansion: short term pause time ratio 53.06% long term pause time ratio 70.71% threshold 7.69% pause time ratio 7.69% fully expanded true resize by 0B
[18.453s][debug][gc,ergo,refine] GC(115) Concurrent refinement times: Logged Cards Scan time goal: 20.00ms Logged Cards Scan time: 0.16ms HCC time: 0.00ms
[18.453s][trace][gc,ergo,refine] GC(115) Updating Refinement Zones: logged cards scan time: 0.157ms, processed cards: 188, goal time: 19.999ms
[18.453s][debug][gc,ergo,refine] GC(115) Updated Refinement Zones: green: 2560, yellow: 7680, red: 12800
[18.453s][info ][gc,phases     ] GC(115)   Pre Evacuate Collection Set: 0.6ms
[18.453s][info ][gc,phases     ] GC(115)   Merge Heap Roots: 0.4ms
[18.453s][info ][gc,phases     ] GC(115)   Evacuate Collection Set: 68.9ms
[18.453s][info ][gc,phases     ] GC(115)   Post Evacuate Collection Set: 44.0ms
[18.453s][info ][gc,phases     ] GC(115)   Other: 3.6ms
[18.453s][info ][gc,heap       ] GC(115) Eden regions: 183->0(183)
[18.453s][info ][gc,heap       ] GC(115) Survivor regions: 25->26(26)
[18.453s][info ][gc,heap       ] GC(115) Old regions: 340->422
[18.453s][info ][gc,heap       ] GC(115) Archive regions: 2->2
[18.453s][info ][gc,heap       ] GC(115) Humongous regions: 0->0
[18.453s][info ][gc,metaspace  ] GC(115) Metaspace: 557K(704K)->557K(704K) NonClass: 520K(576K)->520K(576K) Class: 37K(128K)->37K(128K)
[18.453s][debug][gc,heap       ] GC(115) Heap after GC invocations=116 (full 0):
[18.453s][debug][gc,heap       ] GC(115)  garbage-first heap   total 1048576K, used 458800K [0x00000000c0000000, 0x0000000100000000)
[18.453s][debug][gc,heap       ] GC(115)   region size 1024K, 26 young (26624K), 26 survivors (26624K)
[18.453s][debug][gc,heap       ] GC(115)  Metaspace       used 557K, committed 704K, reserved 1114112K
[18.453s][debug][gc,heap       ] GC(115)   class space    used 37K, committed 128K, reserved 1048576K
[18.453s][info ][gc            ] GC(115) Pause Young (Normal) (G1 Evacuation Pause) 548M->448M(1024M) 116.054ms
[18.453s][info ][gc,cpu        ] GC(115) User=0.48s Sys=0.09s Real=0.12s
[18.535s][debug][gc,heap       ] GC(116) Heap before GC invocations=116 (full 0):
[18.535s][debug][gc,heap       ] GC(116)  garbage-first heap   total 1048576K, used 645168K [0x00000000c0000000, 0x0000000100000000)
[18.535s][debug][gc,heap       ] GC(116)   region size 1024K, 209 young (214016K), 26 survivors (26624K)
[18.535s][debug][gc,heap       ] GC(116)  Metaspace       used 557K, committed 704K, reserved 1114112K
[18.535s][debug][gc,heap       ] GC(116)   class space    used 37K, committed 128K, reserved 1048576K
[18.536s][info ][gc,start      ] GC(116) Pause Young (Normal) (G1 Evacuation Pause)
[18.536s][info ][gc,task       ] GC(116) Using 10 workers of 10 for evacuation
[18.537s][trace][gc,ergo,cset  ] GC(116) Start choosing CSet. Pending cards: 217 target pause time: 200.00ms
[18.537s][trace][gc,ergo,cset  ] GC(116) Added young regions to CSet. Eden: 183 regions, Survivors: 26 regions, predicted eden time: 141.96ms, predicted base time: 38.45ms, target pause time: 200.00ms, remaining time: 19.59ms
[18.537s][debug][gc,ergo       ] GC(116) Running G1 Merge Heap Roots using 10 workers for 209 regions
[18.642s][debug][gc,ergo       ] GC(116) Running G1 Rebuild Free List Task using 10 workers for rebuilding free list of regions
[18.643s][debug][gc,ergo,heap  ] GC(116) Heap expansion: short term pause time ratio 57.01% long term pause time ratio 69.08% threshold 7.69% pause time ratio 7.69% fully expanded true resize by 0B
[18.643s][debug][gc,ergo,refine] GC(116) Concurrent refinement times: Logged Cards Scan time goal: 20.00ms Logged Cards Scan time: 0.15ms HCC time: 0.00ms
[18.643s][trace][gc,ergo,refine] GC(116) Updating Refinement Zones: logged cards scan time: 0.150ms, processed cards: 184, goal time: 19.999ms
[18.643s][debug][gc,ergo,refine] GC(116) Updated Refinement Zones: green: 2560, yellow: 7680, red: 12800
[18.643s][info ][gc,phases     ] GC(116)   Pre Evacuate Collection Set: 0.5ms
[18.643s][info ][gc,phases     ] GC(116)   Merge Heap Roots: 0.3ms
[18.643s][info ][gc,phases     ] GC(116)   Evacuate Collection Set: 61.5ms
[18.643s][info ][gc,phases     ] GC(116)   Post Evacuate Collection Set: 43.7ms
[18.643s][info ][gc,phases     ] GC(116)   Other: 2.6ms
[18.643s][info ][gc,heap       ] GC(116) Eden regions: 183->0(158)
[18.643s][info ][gc,heap       ] GC(116) Survivor regions: 26->27(27)
[18.643s][info ][gc,heap       ] GC(116) Old regions: 422->500
[18.643s][info ][gc,heap       ] GC(116) Archive regions: 2->2
[18.643s][info ][gc,heap       ] GC(116) Humongous regions: 0->0
[18.643s][info ][gc,metaspace  ] GC(116) Metaspace: 557K(704K)->557K(704K) NonClass: 520K(576K)->520K(576K) Class: 37K(128K)->37K(128K)
[18.644s][debug][gc,heap       ] GC(116) Heap after GC invocations=117 (full 0):
[18.644s][debug][gc,heap       ] GC(116)  garbage-first heap   total 1048576K, used 539696K [0x00000000c0000000, 0x0000000100000000)
[18.644s][debug][gc,heap       ] GC(116)   region size 1024K, 27 young (27648K), 27 survivors (27648K)
[18.644s][debug][gc,heap       ] GC(116)  Metaspace       used 557K, committed 704K, reserved 1114112K
[18.644s][debug][gc,heap       ] GC(116)   class space    used 37K, committed 128K, reserved 1048576K
[18.644s][info ][gc            ] GC(116) Pause Young (Normal) (G1 Evacuation Pause) 630M->527M(1024M) 107.655ms
[18.644s][info ][gc,cpu        ] GC(116) User=0.48s Sys=0.08s Real=0.11s
[18.731s][debug][gc,heap       ] GC(117) Heap before GC invocations=117 (full 0):
[18.732s][debug][gc,heap       ] GC(117)  garbage-first heap   total 1048576K, used 700464K [0x00000000c0000000, 0x0000000100000000)
[18.732s][debug][gc,heap       ] GC(117)   region size 1024K, 185 young (189440K), 27 survivors (27648K)
[18.732s][debug][gc,heap       ] GC(117)  Metaspace       used 557K, committed 704K, reserved 1114112K
[18.732s][debug][gc,heap       ] GC(117)   class space    used 37K, committed 128K, reserved 1048576K
[18.733s][info ][gc,start      ] GC(117) Pause Young (Normal) (G1 Evacuation Pause)
[18.733s][info ][gc,task       ] GC(117) Using 10 workers of 10 for evacuation
[18.733s][trace][gc,ergo,cset  ] GC(117) Start choosing CSet. Pending cards: 222 target pause time: 200.00ms
[18.733s][trace][gc,ergo,cset  ] GC(117) Added young regions to CSet. Eden: 158 regions, Survivors: 27 regions, predicted eden time: 115.87ms, predicted base time: 41.85ms, target pause time: 200.00ms, remaining time: 42.29ms
[18.734s][debug][gc,ergo       ] GC(117) Running G1 Merge Heap Roots using 10 workers for 185 regions
[18.833s][debug][gc,ergo       ] GC(117) Running G1 Rebuild Free List Task using 10 workers for rebuilding free list of regions
[18.834s][debug][gc,ergo,heap  ] GC(117) Heap expansion: short term pause time ratio 56.13% long term pause time ratio 66.75% threshold 7.69% pause time ratio 7.69% fully expanded true resize by 0B
[18.834s][debug][gc,ergo,refine] GC(117) Concurrent refinement times: Logged Cards Scan time goal: 20.00ms Logged Cards Scan time: 0.19ms HCC time: 0.00ms
[18.834s][trace][gc,ergo,refine] GC(117) Updating Refinement Zones: logged cards scan time: 0.186ms, processed cards: 197, goal time: 19.999ms
[18.834s][debug][gc,ergo,refine] GC(117) Updated Refinement Zones: green: 2560, yellow: 7680, red: 12800
[18.834s][info ][gc,phases     ] GC(117)   Pre Evacuate Collection Set: 0.5ms
[18.834s][info ][gc,phases     ] GC(117)   Merge Heap Roots: 0.4ms
[18.834s][info ][gc,phases     ] GC(117)   Evacuate Collection Set: 62.9ms
[18.834s][info ][gc,phases     ] GC(117)   Post Evacuate Collection Set: 36.4ms
[18.834s][info ][gc,phases     ] GC(117)   Other: 2.4ms
[18.834s][info ][gc,heap       ] GC(117) Eden regions: 158->0(125)
[18.834s][info ][gc,heap       ] GC(117) Survivor regions: 27->24(24)
[18.834s][info ][gc,heap       ] GC(117) Old regions: 500->580
[18.834s][info ][gc,heap       ] GC(117) Archive regions: 2->2
[18.834s][info ][gc,heap       ] GC(117) Humongous regions: 0->0
[18.834s][info ][gc,metaspace  ] GC(117) Metaspace: 557K(704K)->557K(704K) NonClass: 520K(576K)->520K(576K) Class: 37K(128K)->37K(128K)
[18.835s][debug][gc,heap       ] GC(117) Heap after GC invocations=118 (full 0):
[18.835s][debug][gc,heap       ] GC(117)  garbage-first heap   total 1048576K, used 619314K [0x00000000c0000000, 0x0000000100000000)
[18.835s][debug][gc,heap       ] GC(117)   region size 1024K, 24 young (24576K), 24 survivors (24576K)
[18.835s][debug][gc,heap       ] GC(117)  Metaspace       used 557K, committed 704K, reserved 1114112K
[18.835s][debug][gc,heap       ] GC(117)   class space    used 37K, committed 128K, reserved 1048576K
[18.835s][info ][gc            ] GC(117) Pause Young (Normal) (G1 Evacuation Pause) 684M->604M(1024M) 101.986ms
[18.835s][info ][gc,cpu        ] GC(117) User=0.42s Sys=0.07s Real=0.10s
[18.889s][debug][gc,heap       ] GC(118) Heap before GC invocations=118 (full 0):
[18.889s][debug][gc,heap       ] GC(118)  garbage-first heap   total 1048576K, used 746290K [0x00000000c0000000, 0x0000000100000000)
[18.889s][debug][gc,heap       ] GC(118)   region size 1024K, 149 young (152576K), 24 survivors (24576K)
[18.889s][debug][gc,heap       ] GC(118)  Metaspace       used 557K, committed 704K, reserved 1114112K
[18.889s][debug][gc,heap       ] GC(118)   class space    used 37K, committed 128K, reserved 1048576K
[18.890s][info ][gc,start      ] GC(118) Pause Young (Normal) (G1 Evacuation Pause)
[18.890s][info ][gc,task       ] GC(118) Using 10 workers of 10 for evacuation
[18.890s][trace][gc,ergo,cset  ] GC(118) Start choosing CSet. Pending cards: 215 target pause time: 200.00ms
[18.890s][trace][gc,ergo,cset  ] GC(118) Added young regions to CSet. Eden: 125 regions, Survivors: 24 regions, predicted eden time: 91.88ms, predicted base time: 41.34ms, target pause time: 200.00ms, remaining time: 66.79ms
[18.890s][debug][gc,ergo       ] GC(118) Running G1 Merge Heap Roots using 10 workers for 149 regions
[18.979s][debug][gc,ergo       ] GC(118) Running G1 Rebuild Free List Task using 10 workers for rebuilding free list of regions
[18.980s][debug][gc,ergo,heap  ] GC(118) Heap expansion: short term pause time ratio 52.94% long term pause time ratio 64.31% threshold 7.69% pause time ratio 7.69% fully expanded true resize by 0B
[18.980s][debug][gc,ergo,refine] GC(118) Concurrent refinement times: Logged Cards Scan time goal: 20.00ms Logged Cards Scan time: 0.16ms HCC time: 0.00ms
[18.980s][trace][gc,ergo,refine] GC(118) Updating Refinement Zones: logged cards scan time: 0.160ms, processed cards: 190, goal time: 19.998ms
[18.980s][debug][gc,ergo,refine] GC(118) Updated Refinement Zones: green: 2560, yellow: 7680, red: 12800
[18.980s][info ][gc,phases     ] GC(118)   Pre Evacuate Collection Set: 0.4ms
[18.980s][info ][gc,phases     ] GC(118)   Merge Heap Roots: 0.3ms
[18.980s][info ][gc,phases     ] GC(118)   Evacuate Collection Set: 56.8ms
[18.980s][info ][gc,phases     ] GC(118)   Post Evacuate Collection Set: 31.4ms
[18.980s][info ][gc,phases     ] GC(118)   Other: 2.3ms
[18.980s][info ][gc,heap       ] GC(118) Eden regions: 125->0(93)
[18.980s][info ][gc,heap       ] GC(118) Survivor regions: 24->19(19)
[18.980s][info ][gc,heap       ] GC(118) Old regions: 580->653
[18.980s][info ][gc,heap       ] GC(118) Archive regions: 2->2
[18.980s][info ][gc,heap       ] GC(118) Humongous regions: 0->0
[18.980s][info ][gc,metaspace  ] GC(118) Metaspace: 557K(704K)->557K(704K) NonClass: 520K(576K)->520K(576K) Class: 37K(128K)->37K(128K)
[18.980s][debug][gc,heap       ] GC(118) Heap after GC invocations=119 (full 0):
[18.980s][debug][gc,heap       ] GC(118)  garbage-first heap   total 1048576K, used 688688K [0x00000000c0000000, 0x0000000100000000)
[18.980s][debug][gc,heap       ] GC(118)   region size 1024K, 19 young (19456K), 19 survivors (19456K)
[18.980s][debug][gc,heap       ] GC(118)  Metaspace       used 557K, committed 704K, reserved 1114112K
[18.980s][debug][gc,heap       ] GC(118)   class space    used 37K, committed 128K, reserved 1048576K
[18.980s][info ][gc            ] GC(118) Pause Young (Normal) (G1 Evacuation Pause) 729M->672M(1024M) 90.742ms
[18.980s][info ][gc,cpu        ] GC(118) User=0.36s Sys=0.06s Real=0.09s
[19.012s][debug][gc,heap       ] GC(119) Heap before GC invocations=119 (full 0):
[19.012s][debug][gc,heap       ] GC(119)  garbage-first heap   total 1048576K, used 782896K [0x00000000c0000000, 0x0000000100000000)
[19.012s][debug][gc,heap       ] GC(119)   region size 1024K, 112 young (114688K), 19 survivors (19456K)
[19.012s][debug][gc,heap       ] GC(119)  Metaspace       used 557K, committed 704K, reserved 1114112K
[19.012s][debug][gc,heap       ] GC(119)   class space    used 37K, committed 128K, reserved 1048576K
[19.013s][info ][gc,start      ] GC(119) Pause Young (Normal) (G1 Evacuation Pause)
[19.013s][info ][gc,task       ] GC(119) Using 10 workers of 10 for evacuation
[19.013s][trace][gc,ergo,cset  ] GC(119) Start choosing CSet. Pending cards: 231 target pause time: 200.00ms
[19.013s][trace][gc,ergo,cset  ] GC(119) Added young regions to CSet. Eden: 93 regions, Survivors: 19 regions, predicted eden time: 71.71ms, predicted base time: 39.43ms, target pause time: 200.00ms, remaining time: 88.86ms
[19.014s][debug][gc,ergo       ] GC(119) Running G1 Merge Heap Roots using 10 workers for 112 regions
[19.087s][debug][gc,ergo       ] GC(119) Running G1 Rebuild Free List Task using 10 workers for rebuilding free list of regions
[19.088s][debug][gc,ergo,heap  ] GC(119) Heap expansion: short term pause time ratio 61.63% long term pause time ratio 63.60% threshold 7.69% pause time ratio 7.69% fully expanded true resize by 0B
[19.088s][debug][gc,ergo,refine] GC(119) Concurrent refinement times: Logged Cards Scan time goal: 20.00ms Logged Cards Scan time: 0.16ms HCC time: 0.00ms
[19.088s][trace][gc,ergo,refine] GC(119) Updating Refinement Zones: logged cards scan time: 0.160ms, processed cards: 206, goal time: 19.999ms
[19.088s][debug][gc,ergo,refine] GC(119) Updated Refinement Zones: green: 2560, yellow: 7680, red: 12800
[19.088s][info ][gc,phases     ] GC(119)   Pre Evacuate Collection Set: 0.6ms
[19.088s][info ][gc,phases     ] GC(119)   Merge Heap Roots: 0.3ms
[19.088s][info ][gc,phases     ] GC(119)   Evacuate Collection Set: 50.0ms
[19.088s][info ][gc,phases     ] GC(119)   Post Evacuate Collection Set: 23.2ms
[19.088s][info ][gc,phases     ] GC(119)   Other: 2.3ms
[19.088s][info ][gc,heap       ] GC(119) Eden regions: 93->0(63)
[19.088s][info ][gc,heap       ] GC(119) Survivor regions: 19->14(14)
[19.088s][info ][gc,heap       ] GC(119) Old regions: 653->721
[19.088s][info ][gc,heap       ] GC(119) Archive regions: 2->2
[19.088s][info ][gc,heap       ] GC(119) Humongous regions: 0->0
[19.088s][info ][gc,metaspace  ] GC(119) Metaspace: 557K(704K)->557K(704K) NonClass: 520K(576K)->520K(576K) Class: 37K(128K)->37K(128K)
[19.089s][debug][gc,heap       ] GC(119) Heap after GC invocations=120 (full 0):
[19.089s][debug][gc,heap       ] GC(119)  garbage-first heap   total 1048576K, used 753456K [0x00000000c0000000, 0x0000000100000000)
[19.089s][debug][gc,heap       ] GC(119)   region size 1024K, 14 young (14336K), 14 survivors (14336K)
[19.089s][debug][gc,heap       ] GC(119)  Metaspace       used 557K, committed 704K, reserved 1114112K
[19.089s][debug][gc,heap       ] GC(119)   class space    used 37K, committed 128K, reserved 1048576K
[19.089s][info ][gc            ] GC(119) Pause Young (Normal) (G1 Evacuation Pause) 765M->735M(1024M) 75.884ms
[19.089s][info ][gc,cpu        ] GC(119) User=0.26s Sys=0.06s Real=0.07s
[19.115s][debug][gc,heap       ] GC(120) Heap before GC invocations=120 (full 0):
[19.115s][debug][gc,heap       ] GC(120)  garbage-first heap   total 1048576K, used 816944K [0x00000000c0000000, 0x0000000100000000)
[19.115s][debug][gc,heap       ] GC(120)   region size 1024K, 77 young (78848K), 14 survivors (14336K)
[19.115s][debug][gc,heap       ] GC(120)  Metaspace       used 557K, committed 704K, reserved 1114112K
[19.115s][debug][gc,heap       ] GC(120)   class space    used 37K, committed 128K, reserved 1048576K
[19.116s][info ][gc,start      ] GC(120) Pause Young (Normal) (G1 Evacuation Pause)
[19.117s][info ][gc,task       ] GC(120) Using 10 workers of 10 for evacuation
[19.117s][trace][gc,ergo,cset  ] GC(120) Start choosing CSet. Pending cards: 234 target pause time: 200.00ms
[19.117s][trace][gc,ergo,cset  ] GC(120) Added young regions to CSet. Eden: 63 regions, Survivors: 14 regions, predicted eden time: 53.22ms, predicted base time: 36.27ms, target pause time: 200.00ms, remaining time: 110.52ms
[19.117s][debug][gc,ergo       ] GC(120) Running G1 Merge Heap Roots using 10 workers for 77 regions
[19.176s][debug][gc,ergo       ] GC(120) Running G1 Rebuild Free List Task using 10 workers for rebuilding free list of regions
[19.176s][debug][gc,ergo,heap  ] GC(120) Heap expansion: short term pause time ratio 69.10% long term pause time ratio 63.39% threshold 7.69% pause time ratio 7.69% fully expanded true resize by 0B
[19.177s][debug][gc,ergo,refine] GC(120) Concurrent refinement times: Logged Cards Scan time goal: 20.00ms Logged Cards Scan time: 0.18ms HCC time: 0.00ms
[19.177s][trace][gc,ergo,refine] GC(120) Updating Refinement Zones: logged cards scan time: 0.181ms, processed cards: 217, goal time: 19.999ms
[19.177s][debug][gc,ergo,refine] GC(120) Updated Refinement Zones: green: 2560, yellow: 7680, red: 12800
[19.177s][info ][gc,phases     ] GC(120)   Pre Evacuate Collection Set: 0.4ms
[19.177s][info ][gc,phases     ] GC(120)   Merge Heap Roots: 0.3ms
[19.177s][info ][gc,phases     ] GC(120)   Evacuate Collection Set: 39.8ms
[19.177s][info ][gc,phases     ] GC(120)   Post Evacuate Collection Set: 18.4ms
[19.177s][info ][gc,phases     ] GC(120)   Other: 2.5ms
[19.177s][info ][gc,heap       ] GC(120) Eden regions: 63->0(43)
[19.177s][info ][gc,heap       ] GC(120) Survivor regions: 14->10(10)
[19.177s][info ][gc,heap       ] GC(120) Old regions: 721->779
[19.177s][info ][gc,heap       ] GC(120) Archive regions: 2->2
[19.177s][info ][gc,heap       ] GC(120) Humongous regions: 0->0
[19.177s][info ][gc,metaspace  ] GC(120) Metaspace: 557K(704K)->557K(704K) NonClass: 520K(576K)->520K(576K) Class: 37K(128K)->37K(128K)
[19.178s][debug][gc,heap       ] GC(120) Heap after GC invocations=121 (full 0):
[19.178s][debug][gc,heap       ] GC(120)  garbage-first heap   total 1048576K, used 808112K [0x00000000c0000000, 0x0000000100000000)
[19.178s][debug][gc,heap       ] GC(120)   region size 1024K, 10 young (10240K), 10 survivors (10240K)
[19.178s][debug][gc,heap       ] GC(120)  Metaspace       used 557K, committed 704K, reserved 1114112K
[19.178s][debug][gc,heap       ] GC(120)   class space    used 37K, committed 128K, reserved 1048576K
[19.178s][info ][gc            ] GC(120) Pause Young (Normal) (G1 Evacuation Pause) 798M->789M(1024M) 61.306ms
[19.178s][info ][gc,cpu        ] GC(120) User=0.24s Sys=0.02s Real=0.06s
[19.205s][debug][gc,heap       ] GC(121) Heap before GC invocations=121 (full 0):
[19.205s][debug][gc,heap       ] GC(121)  garbage-first heap   total 1048576K, used 851120K [0x00000000c0000000, 0x0000000100000000)
[19.206s][debug][gc,heap       ] GC(121)   region size 1024K, 53 young (54272K), 10 survivors (10240K)
[19.206s][debug][gc,heap       ] GC(121)  Metaspace       used 557K, committed 704K, reserved 1114112K
[19.206s][debug][gc,heap       ] GC(121)   class space    used 37K, committed 128K, reserved 1048576K
[19.206s][info ][gc,start      ] GC(121) Pause Young (Normal) (G1 Evacuation Pause)
[19.206s][info ][gc,task       ] GC(121) Using 10 workers of 10 for evacuation
[19.206s][trace][gc,ergo,cset  ] GC(121) Start choosing CSet. Pending cards: 255 target pause time: 200.00ms
[19.206s][trace][gc,ergo,cset  ] GC(121) Added young regions to CSet. Eden: 43 regions, Survivors: 10 regions, predicted eden time: 37.49ms, predicted base time: 32.80ms, target pause time: 200.00ms, remaining time: 129.71ms
[19.207s][debug][gc,ergo       ] GC(121) Running G1 Merge Heap Roots using 10 workers for 53 regions
[19.256s][debug][gc,ergo       ] GC(121) Running G1 Rebuild Free List Task using 10 workers for rebuilding free list of regions
[19.257s][debug][gc,ergo,heap  ] GC(121) Heap expansion: short term pause time ratio 67.52% long term pause time ratio 59.66% threshold 7.69% pause time ratio 7.69% fully expanded true resize by 0B
[19.257s][debug][gc,ergo,ihop  ] GC(121) Request concurrent cycle initiation (occupancy higher than threshold) occupancy: 865075200B allocation request: 0B threshold: 856752419B (79.79) source: end of GC
[19.257s][debug][gc,ergo,refine] GC(121) Concurrent refinement times: Logged Cards Scan time goal: 20.00ms Logged Cards Scan time: 0.21ms HCC time: 0.00ms
[19.257s][trace][gc,ergo,refine] GC(121) Updating Refinement Zones: logged cards scan time: 0.209ms, processed cards: 238, goal time: 19.999ms
[19.257s][debug][gc,ergo,refine] GC(121) Updated Refinement Zones: green: 2560, yellow: 7680, red: 12800
[19.257s][info ][gc,phases     ] GC(121)   Pre Evacuate Collection Set: 0.4ms
[19.257s][info ][gc,phases     ] GC(121)   Merge Heap Roots: 0.3ms
[19.257s][info ][gc,phases     ] GC(121)   Evacuate Collection Set: 31.3ms
[19.257s][info ][gc,phases     ] GC(121)   Post Evacuate Collection Set: 17.8ms
[19.257s][info ][gc,phases     ] GC(121)   Other: 1.5ms
[19.257s][info ][gc,heap       ] GC(121) Eden regions: 43->0(44)
[19.257s][info ][gc,heap       ] GC(121) Survivor regions: 10->7(7)
[19.257s][info ][gc,heap       ] GC(121) Old regions: 779->823
[19.257s][info ][gc,heap       ] GC(121) Archive regions: 2->2
[19.257s][info ][gc,heap       ] GC(121) Humongous regions: 0->0
[19.257s][info ][gc,metaspace  ] GC(121) Metaspace: 557K(704K)->557K(704K) NonClass: 520K(576K)->520K(576K) Class: 37K(128K)->37K(128K)
[19.257s][debug][gc,heap       ] GC(121) Heap after GC invocations=122 (full 0):
[19.257s][debug][gc,heap       ] GC(121)  garbage-first heap   total 1048576K, used 850608K [0x00000000c0000000, 0x0000000100000000)
[19.257s][debug][gc,heap       ] GC(121)   region size 1024K, 7 young (7168K), 7 survivors (7168K)
[19.257s][debug][gc,heap       ] GC(121)  Metaspace       used 557K, committed 704K, reserved 1114112K
[19.257s][debug][gc,heap       ] GC(121)   class space    used 37K, committed 128K, reserved 1048576K
[19.257s][info ][gc            ] GC(121) Pause Young (Normal) (G1 Evacuation Pause) 832M->830M(1024M) 51.170ms
[19.257s][info ][gc,cpu        ] GC(121) User=0.15s Sys=0.03s Real=0.05s
[19.269s][debug][gc,heap       ] GC(122) Heap before GC invocations=122 (full 0):
[19.269s][debug][gc,heap       ] GC(122)  garbage-first heap   total 1048576K, used 894640K [0x00000000c0000000, 0x0000000100000000)
[19.269s][debug][gc,heap       ] GC(122)   region size 1024K, 51 young (52224K), 7 survivors (7168K)
[19.269s][debug][gc,heap       ] GC(122)  Metaspace       used 557K, committed 704K, reserved 1114112K
[19.269s][debug][gc,heap       ] GC(122)   class space    used 37K, committed 128K, reserved 1048576K
[19.270s][debug][gc,ergo       ] GC(122) Initiate concurrent cycle (concurrent cycle initiation requested)
[19.270s][info ][gc,start      ] GC(122) Pause Young (Concurrent Start) (G1 Evacuation Pause)
[19.270s][info ][gc,task       ] GC(122) Using 10 workers of 10 for evacuation
[19.270s][trace][gc,ergo,cset  ] GC(122) Start choosing CSet. Pending cards: 252 target pause time: 200.00ms
[19.270s][trace][gc,ergo,cset  ] GC(122) Added young regions to CSet. Eden: 44 regions, Survivors: 7 regions, predicted eden time: 37.64ms, predicted base time: 29.75ms, target pause time: 200.00ms, remaining time: 132.62ms
[19.270s][debug][gc,ergo       ] GC(122) Running G1 Merge Heap Roots using 10 workers for 51 regions
[19.316s][debug][gc,ergo       ] GC(122) Running G1 Rebuild Free List Task using 10 workers for rebuilding free list of regions
[19.319s][debug][gc,ergo,heap  ] GC(122) Heap expansion: short term pause time ratio 62.83% long term pause time ratio 60.34% threshold 7.69% pause time ratio 7.69% fully expanded true resize by 0B
[19.319s][debug][gc,ergo,refine] GC(122) Concurrent refinement times: Logged Cards Scan time goal: 20.00ms Logged Cards Scan time: 0.23ms HCC time: 0.00ms
[19.319s][trace][gc,ergo,refine] GC(122) Updating Refinement Zones: logged cards scan time: 0.231ms, processed cards: 235, goal time: 19.999ms
[19.319s][debug][gc,ergo,refine] GC(122) Updated Refinement Zones: green: 2560, yellow: 7680, red: 12800
[19.319s][info ][gc,phases     ] GC(122)   Pre Evacuate Collection Set: 0.4ms
[19.319s][info ][gc,phases     ] GC(122)   Merge Heap Roots: 0.3ms
[19.319s][info ][gc,phases     ] GC(122)   Evacuate Collection Set: 29.6ms
[19.319s][info ][gc,phases     ] GC(122)   Post Evacuate Collection Set: 18.7ms
[19.320s][info ][gc,phases     ] GC(122)   Other: 1.9ms
[19.320s][info ][gc,heap       ] GC(122) Eden regions: 44->0(44)
[19.320s][info ][gc,heap       ] GC(122) Survivor regions: 7->7(7)
[19.320s][info ][gc,heap       ] GC(122) Old regions: 823->865
[19.320s][info ][gc,heap       ] GC(122) Archive regions: 2->2
[19.320s][info ][gc,heap       ] GC(122) Humongous regions: 0->0
[19.320s][info ][gc,metaspace  ] GC(122) Metaspace: 557K(704K)->557K(704K) NonClass: 520K(576K)->520K(576K) Class: 37K(128K)->37K(128K)
[19.320s][debug][gc,heap       ] GC(122) Heap after GC invocations=123 (full 0):
[19.320s][debug][gc,heap       ] GC(122)  garbage-first heap   total 1048576K, used 893488K [0x00000000c0000000, 0x0000000100000000)
[19.320s][debug][gc,heap       ] GC(122)   region size 1024K, 7 young (7168K), 7 survivors (7168K)
[19.320s][debug][gc,heap       ] GC(122)  Metaspace       used 557K, committed 704K, reserved 1114112K
[19.320s][debug][gc,heap       ] GC(122)   class space    used 37K, committed 128K, reserved 1048576K
[19.320s][info ][gc            ] GC(122) Pause Young (Concurrent Start) (G1 Evacuation Pause) 874M->872M(1024M) 50.584ms
[19.320s][info ][gc,cpu        ] GC(122) User=0.14s Sys=0.04s Real=0.05s
[19.321s][info ][gc            ] GC(123) Concurrent Mark Cycle
[19.321s][info ][gc,marking    ] GC(123) Concurrent Clear Claimed Marks
[19.321s][info ][gc,marking    ] GC(123) Concurrent Clear Claimed Marks 0.020ms
[19.321s][info ][gc,marking    ] GC(123) Concurrent Scan Root Regions
[19.321s][debug][gc,ergo       ] GC(123) Running G1 Root Region Scan using 3 workers for 50 work units.
[19.321s][info ][gc,marking    ] GC(123) Concurrent Scan Root Regions 0.547ms
[19.321s][info ][gc,marking    ] GC(123) Concurrent Mark
[19.321s][info ][gc,marking    ] GC(123) Concurrent Mark From Roots
[19.321s][info ][gc,task       ] GC(123) Using 3 workers of 3 for marking
[19.334s][debug][gc,heap       ] GC(124) Heap before GC invocations=123 (full 0):
[19.334s][debug][gc,heap       ] GC(124)  garbage-first heap   total 1048576K, used 937520K [0x00000000c0000000, 0x0000000100000000)
[19.334s][debug][gc,heap       ] GC(124)   region size 1024K, 51 young (52224K), 7 survivors (7168K)
[19.334s][debug][gc,heap       ] GC(124)  Metaspace       used 557K, committed 704K, reserved 1114112K
[19.334s][debug][gc,heap       ] GC(124)   class space    used 37K, committed 128K, reserved 1048576K
[19.334s][info ][gc,start      ] GC(124) Pause Young (Normal) (G1 Evacuation Pause)
[19.334s][info ][gc,task       ] GC(124) Using 10 workers of 10 for evacuation
[19.335s][trace][gc,ergo,cset  ] GC(124) Start choosing CSet. Pending cards: 261 target pause time: 200.00ms
[19.335s][trace][gc,ergo,cset  ] GC(124) Added young regions to CSet. Eden: 44 regions, Survivors: 7 regions, predicted eden time: 45.02ms, predicted base time: 27.05ms, target pause time: 200.00ms, remaining time: 127.94ms
[19.335s][debug][gc,ergo       ] GC(124) Running G1 Merge Heap Roots using 10 workers for 51 regions
[19.382s][debug][gc,ergo       ] GC(124) Running G1 Rebuild Free List Task using 10 workers for rebuilding free list of regions
[19.382s][debug][gc,ergo,heap  ] GC(124) Heap expansion: short term pause time ratio 79.10% long term pause time ratio 59.60% threshold 7.69% pause time ratio 7.69% fully expanded true resize by 0B
[19.382s][debug][gc,ergo,refine] GC(124) Concurrent refinement times: Logged Cards Scan time goal: 20.00ms Logged Cards Scan time: 0.19ms HCC time: 0.00ms
[19.382s][trace][gc,ergo,refine] GC(124) Updating Refinement Zones: logged cards scan time: 0.194ms, processed cards: 244, goal time: 19.999ms
[19.382s][debug][gc,ergo,refine] GC(124) Updated Refinement Zones: green: 2560, yellow: 7680, red: 12800
[19.383s][info ][gc,phases     ] GC(124)   Pre Evacuate Collection Set: 0.3ms
[19.383s][info ][gc,phases     ] GC(124)   Merge Heap Roots: 0.2ms
[19.383s][info ][gc,phases     ] GC(124)   Evacuate Collection Set: 28.4ms
[19.383s][info ][gc,phases     ] GC(124)   Post Evacuate Collection Set: 18.3ms
[19.383s][info ][gc,phases     ] GC(124)   Other: 1.5ms
[19.383s][info ][gc,heap       ] GC(124) Eden regions: 44->0(44)
[19.383s][info ][gc,heap       ] GC(124) Survivor regions: 7->7(7)
[19.383s][info ][gc,heap       ] GC(124) Old regions: 865->908
[19.383s][info ][gc,heap       ] GC(124) Archive regions: 2->2
[19.383s][info ][gc,heap       ] GC(124) Humongous regions: 0->0
[19.383s][info ][gc,metaspace  ] GC(124) Metaspace: 557K(704K)->557K(704K) NonClass: 520K(576K)->520K(576K) Class: 37K(128K)->37K(128K)
[19.383s][debug][gc,heap       ] GC(124) Heap after GC invocations=124 (full 0):
[19.383s][debug][gc,heap       ] GC(124)  garbage-first heap   total 1048576K, used 937392K [0x00000000c0000000, 0x0000000100000000)
[19.383s][debug][gc,heap       ] GC(124)   region size 1024K, 7 young (7168K), 7 survivors (7168K)
[19.383s][debug][gc,heap       ] GC(124)  Metaspace       used 557K, committed 704K, reserved 1114112K
[19.383s][debug][gc,heap       ] GC(124)   class space    used 37K, committed 128K, reserved 1048576K
[19.383s][info ][gc            ] GC(124) Pause Young (Normal) (G1 Evacuation Pause) 916M->915M(1024M) 49.127ms
[19.383s][info ][gc,cpu        ] GC(124) User=0.17s Sys=0.03s Real=0.05s
[19.390s][info ][gc,marking    ] GC(123) Concurrent Mark From Roots 68.695ms
[19.390s][info ][gc,marking    ] GC(123) Concurrent Preclean
[19.390s][info ][gc,marking    ] GC(123) Concurrent Preclean 0.148ms
[19.390s][info ][gc,start      ] GC(123) Pause Remark
[19.400s][debug][gc,ergo       ] GC(123) Running G1 Update RemSet Tracking Before Rebuild using 3 workers for 1024 regions in heap
[19.556s][info ][gc            ] GC(123) Pause Remark 943M->204M(1024M) 165.655ms
[19.556s][info ][gc,cpu        ] GC(123) User=1.43s Sys=0.11s Real=0.16s
[19.556s][info ][gc,marking    ] GC(123) Concurrent Mark 235.187ms
[19.556s][info ][gc,marking    ] GC(123) Concurrent Rebuild Remembered Sets
[19.564s][info ][gc,marking    ] GC(123) Concurrent Rebuild Remembered Sets 7.186ms
[19.564s][debug][gc,heap       ] GC(125) Heap before GC invocations=124 (full 0):
[19.564s][debug][gc,heap       ] GC(125)  garbage-first heap   total 1048576K, used 224688K [0x00000000c0000000, 0x0000000100000000)
[19.564s][debug][gc,heap       ] GC(125)   region size 1024K, 51 young (52224K), 7 survivors (7168K)
[19.564s][debug][gc,heap       ] GC(125)  Metaspace       used 557K, committed 704K, reserved 1114112K
[19.564s][debug][gc,heap       ] GC(125)   class space    used 37K, committed 128K, reserved 1048576K
[19.564s][info ][gc,start      ] GC(125) Pause Young (Normal) (G1 Evacuation Pause)
[19.565s][info ][gc,task       ] GC(125) Using 10 workers of 10 for evacuation
[19.565s][trace][gc,ergo,cset  ] GC(125) Start choosing CSet. Pending cards: 273 target pause time: 200.00ms
[19.565s][trace][gc,ergo,cset  ] GC(125) Added young regions to CSet. Eden: 44 regions, Survivors: 7 regions, predicted eden time: 43.21ms, predicted base time: 25.31ms, target pause time: 200.00ms, remaining time: 131.49ms
[19.565s][debug][gc,ergo       ] GC(125) Running G1 Merge Heap Roots using 10 workers for 51 regions
[19.629s][debug][gc,ergo       ] GC(125) Running G1 Rebuild Free List Task using 10 workers for rebuilding free list of regions
[19.630s][debug][gc,ergo,heap  ] GC(125) Heap expansion: short term pause time ratio 95.29% long term pause time ratio 65.96% threshold 7.69% pause time ratio 7.69% fully expanded true resize by 0B
[19.631s][debug][gc,ergo,refine] GC(125) Concurrent refinement times: Logged Cards Scan time goal: 20.00ms Logged Cards Scan time: 0.19ms HCC time: 0.00ms
[19.631s][trace][gc,ergo,refine] GC(125) Updating Refinement Zones: logged cards scan time: 0.190ms, processed cards: 248, goal time: 19.999ms
[19.631s][debug][gc,ergo,refine] GC(125) Updated Refinement Zones: green: 2560, yellow: 7680, red: 12800
[19.631s][info ][gc,phases     ] GC(125)   Pre Evacuate Collection Set: 0.4ms
[19.631s][info ][gc,phases     ] GC(125)   Merge Heap Roots: 0.3ms
[19.631s][info ][gc,phases     ] GC(125)   Evacuate Collection Set: 48.7ms
[19.631s][info ][gc,phases     ] GC(125)   Post Evacuate Collection Set: 16.0ms
[19.631s][info ][gc,phases     ] GC(125)   Other: 1.4ms
[19.631s][info ][gc,heap       ] GC(125) Eden regions: 44->0(178)
[19.631s][info ][gc,heap       ] GC(125) Survivor regions: 7->7(7)
[19.631s][info ][gc,heap       ] GC(125) Old regions: 169->212
[19.631s][info ][gc,heap       ] GC(125) Archive regions: 2->2
[19.631s][info ][gc,heap       ] GC(125) Humongous regions: 0->0
[19.631s][info ][gc,metaspace  ] GC(125) Metaspace: 557K(704K)->557K(704K) NonClass: 520K(576K)->520K(576K) Class: 37K(128K)->37K(128K)
[19.631s][debug][gc,heap       ] GC(125) Heap after GC invocations=125 (full 0):
[19.631s][debug][gc,heap       ] GC(125)  garbage-first heap   total 1048576K, used 224816K [0x00000000c0000000, 0x0000000100000000)
[19.631s][debug][gc,heap       ] GC(125)   region size 1024K, 7 young (7168K), 7 survivors (7168K)
[19.631s][debug][gc,heap       ] GC(125)  Metaspace       used 557K, committed 704K, reserved 1114112K
[19.631s][debug][gc,heap       ] GC(125)   class space    used 37K, committed 128K, reserved 1048576K
[19.631s][info ][gc            ] GC(125) Pause Young (Normal) (G1 Evacuation Pause) 220M->219M(1024M) 66.837ms
[19.631s][info ][gc,cpu        ] GC(125) User=0.15s Sys=0.05s Real=0.07s
[19.632s][info ][gc,start      ] GC(123) Pause Cleanup
[19.633s][debug][gc,ergo,cset  ] GC(123) Pruned 55 regions out of 65, leaving 47476080 bytes waste (allowed 53687091)
[19.633s][info ][gc            ] GC(123) Pause Cleanup 220M->220M(1024M) 0.970ms
[19.633s][info ][gc,cpu        ] GC(123) User=0.00s Sys=0.00s Real=0.00s
[19.633s][info ][gc,marking    ] GC(123) Concurrent Cleanup for Next Mark
[19.633s][debug][gc,ergo       ] GC(123) Running G1 Clear Bitmap with 3 workers for 16 work units.
[19.636s][info ][gc,marking    ] GC(123) Concurrent Cleanup for Next Mark 3.219ms
[19.637s][info ][gc            ] GC(123) Concurrent Mark Cycle 315.997ms
[19.739s][debug][gc,heap       ] GC(126) Heap before GC invocations=126 (full 0):
[19.739s][debug][gc,heap       ] GC(126)  garbage-first heap   total 1048576K, used 406064K [0x00000000c0000000, 0x0000000100000000)
[19.739s][debug][gc,heap       ] GC(126)   region size 1024K, 185 young (189440K), 7 survivors (7168K)
[19.739s][debug][gc,heap       ] GC(126)  Metaspace       used 557K, committed 704K, reserved 1114112K
[19.739s][debug][gc,heap       ] GC(126)   class space    used 37K, committed 128K, reserved 1048576K
[19.740s][info ][gc,start      ] GC(126) Pause Young (Prepare Mixed) (G1 Evacuation Pause)
[19.740s][info ][gc,task       ] GC(126) Using 10 workers of 10 for evacuation
[19.740s][trace][gc,ergo,cset  ] GC(126) Start choosing CSet. Pending cards: 331 target pause time: 200.00ms
[19.740s][trace][gc,ergo,cset  ] GC(126) Added young regions to CSet. Eden: 178 regions, Survivors: 7 regions, predicted eden time: 134.87ms, predicted base time: 23.36ms, target pause time: 200.00ms, remaining time: 41.78ms
[19.741s][debug][gc,ergo       ] GC(126) Running G1 Merge Heap Roots using 10 workers for 185 regions
[19.860s][debug][gc,ergo       ] GC(126) Running G1 Rebuild Free List Task using 10 workers for rebuilding free list of regions
[19.861s][debug][gc,ergo,heap  ] GC(126) Heap expansion: short term pause time ratio 37.37% long term pause time ratio 71.30% threshold 7.69% pause time ratio 7.69% fully expanded true resize by 0B
[19.861s][debug][gc,ergo,refine] GC(126) Concurrent refinement times: Logged Cards Scan time goal: 20.00ms Logged Cards Scan time: 0.28ms HCC time: 0.00ms
[19.861s][trace][gc,ergo,refine] GC(126) Updating Refinement Zones: logged cards scan time: 0.280ms, processed cards: 298, goal time: 19.998ms
[19.861s][debug][gc,ergo,refine] GC(126) Updated Refinement Zones: green: 2560, yellow: 7680, red: 12800
[19.861s][info ][gc,phases     ] GC(126)   Pre Evacuate Collection Set: 0.4ms
[19.861s][info ][gc,phases     ] GC(126)   Merge Heap Roots: 0.4ms
[19.861s][info ][gc,phases     ] GC(126)   Evacuate Collection Set: 73.0ms
[19.861s][info ][gc,phases     ] GC(126)   Post Evacuate Collection Set: 46.0ms
[19.861s][info ][gc,phases     ] GC(126)   Other: 2.3ms
[19.861s][info ][gc,heap       ] GC(126) Eden regions: 178->0(27)
[19.861s][info ][gc,heap       ] GC(126) Survivor regions: 7->24(24)
[19.861s][info ][gc,heap       ] GC(126) Old regions: 212->290
[19.861s][info ][gc,heap       ] GC(126) Archive regions: 2->2
[19.861s][info ][gc,heap       ] GC(126) Humongous regions: 0->0
[19.861s][info ][gc,metaspace  ] GC(126) Metaspace: 557K(704K)->557K(704K) NonClass: 520K(576K)->520K(576K) Class: 37K(128K)->37K(128K)
[19.861s][debug][gc,heap       ] GC(126) Heap after GC invocations=127 (full 0):
[19.861s][debug][gc,heap       ] GC(126)  garbage-first heap   total 1048576K, used 321584K [0x00000000c0000000, 0x0000000100000000)
[19.861s][debug][gc,heap       ] GC(126)   region size 1024K, 24 young (24576K), 24 survivors (24576K)
[19.861s][debug][gc,heap       ] GC(126)  Metaspace       used 557K, committed 704K, reserved 1114112K
[19.861s][debug][gc,heap       ] GC(126)   class space    used 37K, committed 128K, reserved 1048576K
[19.861s][info ][gc            ] GC(126) Pause Young (Prepare Mixed) (G1 Evacuation Pause) 397M->314M(1024M) 121.238ms
[19.861s][info ][gc,cpu        ] GC(126) User=0.49s Sys=0.07s Real=0.12s
[19.870s][debug][gc,heap       ] GC(127) Heap before GC invocations=127 (full 0):
[19.870s][debug][gc,heap       ] GC(127)  garbage-first heap   total 1048576K, used 348208K [0x00000000c0000000, 0x0000000100000000)
[19.870s][debug][gc,heap       ] GC(127)   region size 1024K, 51 young (52224K), 24 survivors (24576K)
[19.870s][debug][gc,heap       ] GC(127)  Metaspace       used 557K, committed 704K, reserved 1114112K
[19.870s][debug][gc,heap       ] GC(127)   class space    used 37K, committed 128K, reserved 1048576K
[19.871s][info ][gc,start      ] GC(127) Pause Young (Mixed) (G1 Evacuation Pause)
[19.871s][info ][gc,task       ] GC(127) Using 10 workers of 10 for evacuation
[19.872s][trace][gc,ergo,cset  ] GC(127) Start choosing CSet. Pending cards: 228 target pause time: 200.00ms
[19.872s][trace][gc,ergo,cset  ] GC(127) Added young regions to CSet. Eden: 27 regions, Survivors: 24 regions, predicted eden time: 29.25ms, predicted base time: 34.79ms, target pause time: 200.00ms, remaining time: 135.96ms
[19.872s][debug][gc,ergo,cset  ] GC(127) Start adding old regions to collection set. Min 2 regions, max 103 regions, time remaining 135.96ms, optional threshold 27.19ms
[19.872s][debug][gc,ergo,cset  ] GC(127) Old candidate collection set empty.
[19.872s][debug][gc,ergo,cset  ] GC(127) Finish choosing collection set old regions. Initial: 10, optional: 0, predicted old time: 0.00ms, predicted optional time: 0.00ms, time remaining: 128.55
[19.872s][debug][gc,ergo       ] GC(127) Running G1 Merge Heap Roots using 10 workers for 61 regions
[19.919s][debug][gc,ergo       ] GC(127) Running G1 Rebuild Free List Task using 10 workers for rebuilding free list of regions
[19.921s][debug][gc,ergo,heap  ] GC(127) Heap expansion: short term pause time ratio 52.91% long term pause time ratio 70.63% threshold 7.69% pause time ratio 7.69% fully expanded true resize by 0B
[19.921s][debug][gc,ergo       ] GC(127) do not continue mixed GCs (candidate old regions not available)
[19.921s][debug][gc,ergo,refine] GC(127) Concurrent refinement times: Logged Cards Scan time goal: 20.00ms Logged Cards Scan time: 0.17ms HCC time: 0.00ms
[19.921s][trace][gc,ergo,refine] GC(127) Updating Refinement Zones: logged cards scan time: 0.167ms, processed cards: 211, goal time: 19.999ms
[19.921s][debug][gc,ergo,refine] GC(127) Updated Refinement Zones: green: 2560, yellow: 7680, red: 12800
[19.921s][info ][gc,phases     ] GC(127)   Pre Evacuate Collection Set: 0.4ms
[19.922s][info ][gc,phases     ] GC(127)   Merge Heap Roots: 0.2ms
[19.922s][info ][gc,phases     ] GC(127)   Evacuate Collection Set: 29.7ms
[19.922s][info ][gc,phases     ] GC(127)   Post Evacuate Collection Set: 18.6ms
[19.922s][info ][gc,phases     ] GC(127)   Other: 2.9ms
[19.922s][info ][gc,heap       ] GC(127) Eden regions: 27->0(222)
[19.922s][info ][gc,heap       ] GC(127) Survivor regions: 24->7(7)
[19.922s][info ][gc,heap       ] GC(127) Old regions: 290->321
[19.922s][info ][gc,heap       ] GC(127) Archive regions: 2->2
[19.922s][info ][gc,heap       ] GC(127) Humongous regions: 0->0
[19.922s][info ][gc,metaspace  ] GC(127) Metaspace: 557K(704K)->557K(704K) NonClass: 520K(576K)->520K(576K) Class: 37K(128K)->37K(128K)
[19.922s][debug][gc,heap       ] GC(127) Heap after GC invocations=128 (full 0):
[19.922s][debug][gc,heap       ] GC(127)  garbage-first heap   total 1048576K, used 336438K [0x00000000c0000000, 0x0000000100000000)
[19.922s][debug][gc,heap       ] GC(127)   region size 1024K, 7 young (7168K), 7 survivors (7168K)
[19.922s][debug][gc,heap       ] GC(127)  Metaspace       used 557K, committed 704K, reserved 1114112K
[19.922s][debug][gc,heap       ] GC(127)   class space    used 37K, committed 128K, reserved 1048576K
[19.922s][info ][gc            ] GC(127) Pause Young (Mixed) (G1 Evacuation Pause) 340M->328M(1024M) 51.021ms
[19.922s][info ][gc,cpu        ] GC(127) User=0.17s Sys=0.04s Real=0.05s
[20.034s][debug][gc,heap       ] GC(128) Heap before GC invocations=128 (full 0):
[20.034s][debug][gc,heap       ] GC(128)  garbage-first heap   total 1048576K, used 562742K [0x00000000c0000000, 0x0000000100000000)
[20.034s][debug][gc,heap       ] GC(128)   region size 1024K, 229 young (234496K), 7 survivors (7168K)
[20.034s][debug][gc,heap       ] GC(128)  Metaspace       used 557K, committed 704K, reserved 1114112K
[20.034s][debug][gc,heap       ] GC(128)   class space    used 37K, committed 128K, reserved 1048576K
[20.036s][info ][gc,start      ] GC(128) Pause Young (Normal) (G1 Evacuation Pause)
[20.036s][info ][gc,task       ] GC(128) Using 10 workers of 10 for evacuation
[20.036s][trace][gc,ergo,cset  ] GC(128) Start choosing CSet. Pending cards: 244 target pause time: 200.00ms
[20.036s][trace][gc,ergo,cset  ] GC(128) Added young regions to CSet. Eden: 222 regions, Survivors: 7 regions, predicted eden time: 164.40ms, predicted base time: 31.06ms, target pause time: 200.00ms, remaining time: 4.54ms
[20.038s][debug][gc,ergo       ] GC(128) Running G1 Merge Heap Roots using 10 workers for 229 regions
[20.155s][debug][gc,ergo       ] GC(128) Running G1 Rebuild Free List Task using 10 workers for rebuilding free list of regions
[20.156s][debug][gc,ergo,heap  ] GC(128) Heap expansion: short term pause time ratio 82.05% long term pause time ratio 72.76% threshold 7.69% pause time ratio 7.69% fully expanded true resize by 0B
[20.156s][debug][gc,ergo,refine] GC(128) Concurrent refinement times: Logged Cards Scan time goal: 20.00ms Logged Cards Scan time: 0.17ms HCC time: 0.00ms
[20.156s][trace][gc,ergo,refine] GC(128) Updating Refinement Zones: logged cards scan time: 0.173ms, processed cards: 219, goal time: 19.999ms
[20.156s][debug][gc,ergo,refine] GC(128) Updated Refinement Zones: green: 2560, yellow: 7680, red: 12800
[20.156s][info ][gc,phases     ] GC(128)   Pre Evacuate Collection Set: 1.5ms
[20.156s][info ][gc,phases     ] GC(128)   Merge Heap Roots: 1.6ms
[20.156s][info ][gc,phases     ] GC(128)   Evacuate Collection Set: 67.3ms
[20.156s][info ][gc,phases     ] GC(128)   Post Evacuate Collection Set: 48.5ms
[20.156s][info ][gc,phases     ] GC(128)   Other: 3.2ms
[20.156s][info ][gc,heap       ] GC(128) Eden regions: 222->0(197)
[20.156s][info ][gc,heap       ] GC(128) Survivor regions: 7->29(29)
[20.156s][info ][gc,heap       ] GC(128) Old regions: 321->404
[20.156s][info ][gc,heap       ] GC(128) Archive regions: 2->2
[20.156s][info ][gc,heap       ] GC(128) Humongous regions: 0->0
[20.156s][info ][gc,metaspace  ] GC(128) Metaspace: 557K(704K)->557K(704K) NonClass: 520K(576K)->520K(576K) Class: 37K(128K)->37K(128K)
[20.156s][debug][gc,heap       ] GC(128) Heap after GC invocations=129 (full 0):
[20.156s][debug][gc,heap       ] GC(128)  garbage-first heap   total 1048576K, used 443696K [0x00000000c0000000, 0x0000000100000000)
[20.156s][debug][gc,heap       ] GC(128)   region size 1024K, 29 young (29696K), 29 survivors (29696K)
[20.156s][debug][gc,heap       ] GC(128)  Metaspace       used 557K, committed 704K, reserved 1114112K
[20.156s][debug][gc,heap       ] GC(128)   class space    used 37K, committed 128K, reserved 1048576K
[20.156s][info ][gc            ] GC(128) Pause Young (Normal) (G1 Evacuation Pause) 550M->433M(1024M) 120.357ms
[20.156s][info ][gc,cpu        ] GC(128) User=0.54s Sys=0.05s Real=0.12s
[20.229s][debug][gc,heap       ] GC(129) Heap before GC invocations=129 (full 0):
[20.229s][debug][gc,heap       ] GC(129)  garbage-first heap   total 1048576K, used 644400K [0x00000000c0000000, 0x0000000100000000)
[20.229s][debug][gc,heap       ] GC(129)   region size 1024K, 226 young (231424K), 29 survivors (29696K)
[20.229s][debug][gc,heap       ] GC(129)  Metaspace       used 557K, committed 704K, reserved 1114112K
[20.229s][debug][gc,heap       ] GC(129)   class space    used 37K, committed 128K, reserved 1048576K
[20.230s][info ][gc,start      ] GC(129) Pause Young (Normal) (G1 Evacuation Pause)
[20.230s][info ][gc,task       ] GC(129) Using 10 workers of 10 for evacuation
[20.231s][trace][gc,ergo,cset  ] GC(129) Start choosing CSet. Pending cards: 245 target pause time: 200.00ms
[20.231s][trace][gc,ergo,cset  ] GC(129) Added young regions to CSet. Eden: 197 regions, Survivors: 29 regions, predicted eden time: 140.87ms, predicted base time: 41.01ms, target pause time: 200.00ms, remaining time: 18.12ms
[20.231s][debug][gc,ergo       ] GC(129) Running G1 Merge Heap Roots using 10 workers for 226 regions
[20.343s][debug][gc,ergo       ] GC(129) Running G1 Rebuild Free List Task using 10 workers for rebuilding free list of regions
[20.344s][debug][gc,ergo,heap  ] GC(129) Heap expansion: short term pause time ratio 51.07% long term pause time ratio 68.37% threshold 7.69% pause time ratio 7.69% fully expanded true resize by 0B
[20.344s][debug][gc,ergo,refine] GC(129) Concurrent refinement times: Logged Cards Scan time goal: 20.00ms Logged Cards Scan time: 0.20ms HCC time: 0.00ms
[20.344s][trace][gc,ergo,refine] GC(129) Updating Refinement Zones: logged cards scan time: 0.203ms, processed cards: 212, goal time: 19.999ms
[20.344s][debug][gc,ergo,refine] GC(129) Updated Refinement Zones: green: 2560, yellow: 7680, red: 12800
[20.344s][info ][gc,phases     ] GC(129)   Pre Evacuate Collection Set: 0.4ms
[20.344s][info ][gc,phases     ] GC(129)   Merge Heap Roots: 0.3ms
[20.344s][info ][gc,phases     ] GC(129)   Evacuate Collection Set: 59.9ms
[20.344s][info ][gc,phases     ] GC(129)   Post Evacuate Collection Set: 51.7ms
[20.344s][info ][gc,phases     ] GC(129)   Other: 2.5ms
[20.344s][info ][gc,heap       ] GC(129) Eden regions: 197->0(168)
[20.344s][info ][gc,heap       ] GC(129) Survivor regions: 29->29(29)
[20.344s][info ][gc,heap       ] GC(129) Old regions: 404->486
[20.344s][info ][gc,heap       ] GC(129) Archive regions: 2->2
[20.344s][info ][gc,heap       ] GC(129) Humongous regions: 0->0
[20.344s][info ][gc,metaspace  ] GC(129) Metaspace: 557K(704K)->557K(704K) NonClass: 520K(576K)->520K(576K) Class: 37K(128K)->37K(128K)
[20.345s][debug][gc,heap       ] GC(129) Heap after GC invocations=130 (full 0):
[20.345s][debug][gc,heap       ] GC(129)  garbage-first heap   total 1048576K, used 527920K [0x00000000c0000000, 0x0000000100000000)
[20.345s][debug][gc,heap       ] GC(129)   region size 1024K, 29 young (29696K), 29 survivors (29696K)
[20.345s][debug][gc,heap       ] GC(129)  Metaspace       used 557K, committed 704K, reserved 1114112K
[20.345s][debug][gc,heap       ] GC(129)   class space    used 37K, committed 128K, reserved 1048576K
[20.345s][info ][gc            ] GC(129) Pause Young (Normal) (G1 Evacuation Pause) 630M->515M(1024M) 114.241ms
[20.345s][info ][gc,cpu        ] GC(129) User=0.56s Sys=0.06s Real=0.11s
[20.400s][debug][gc,heap       ] GC(130) Heap before GC invocations=130 (full 0):
[20.400s][debug][gc,heap       ] GC(130)  garbage-first heap   total 1048576K, used 698928K [0x00000000c0000000, 0x0000000100000000)
[20.400s][debug][gc,heap       ] GC(130)   region size 1024K, 197 young (201728K), 29 survivors (29696K)
[20.400s][debug][gc,heap       ] GC(130)  Metaspace       used 557K, committed 704K, reserved 1114112K
[20.400s][debug][gc,heap       ] GC(130)   class space    used 37K, committed 128K, reserved 1048576K
[20.401s][info ][gc,start      ] GC(130) Pause Young (Normal) (G1 Evacuation Pause)
[20.401s][info ][gc,task       ] GC(130) Using 10 workers of 10 for evacuation
[20.401s][trace][gc,ergo,cset  ] GC(130) Start choosing CSet. Pending cards: 228 target pause time: 200.00ms
[20.401s][trace][gc,ergo,cset  ] GC(130) Added young regions to CSet. Eden: 168 regions, Survivors: 29 regions, predicted eden time: 115.70ms, predicted base time: 46.87ms, target pause time: 200.00ms, remaining time: 37.43ms
[20.401s][debug][gc,ergo       ] GC(130) Running G1 Merge Heap Roots using 10 workers for 197 regions
[20.501s][debug][gc,ergo       ] GC(130) Running G1 Rebuild Free List Task using 10 workers for rebuilding free list of regions
[20.501s][debug][gc,ergo,heap  ] GC(130) Heap expansion: short term pause time ratio 60.23% long term pause time ratio 67.13% threshold 7.69% pause time ratio 7.69% fully expanded true resize by 0B
[20.502s][debug][gc,ergo,refine] GC(130) Concurrent refinement times: Logged Cards Scan time goal: 20.00ms Logged Cards Scan time: 0.17ms HCC time: 0.00ms
[20.502s][trace][gc,ergo,refine] GC(130) Updating Refinement Zones: logged cards scan time: 0.171ms, processed cards: 203, goal time: 19.999ms
[20.502s][debug][gc,ergo,refine] GC(130) Updated Refinement Zones: green: 2560, yellow: 7680, red: 12800
[20.502s][info ][gc,phases     ] GC(130)   Pre Evacuate Collection Set: 0.4ms
[20.502s][info ][gc,phases     ] GC(130)   Merge Heap Roots: 1.1ms
[20.502s][info ][gc,phases     ] GC(130)   Evacuate Collection Set: 63.1ms
[20.502s][info ][gc,phases     ] GC(130)   Post Evacuate Collection Set: 35.7ms
[20.502s][info ][gc,phases     ] GC(130)   Other: 1.7ms
[20.502s][info ][gc,heap       ] GC(130) Eden regions: 168->0(132)
[20.502s][info ][gc,heap       ] GC(130) Survivor regions: 29->25(25)
[20.502s][info ][gc,heap       ] GC(130) Old regions: 486->571
[20.502s][info ][gc,heap       ] GC(130) Archive regions: 2->2
[20.502s][info ][gc,heap       ] GC(130) Humongous regions: 0->0
[20.502s][info ][gc,metaspace  ] GC(130) Metaspace: 557K(704K)->557K(704K) NonClass: 520K(576K)->520K(576K) Class: 37K(128K)->37K(128K)
[20.502s][debug][gc,heap       ] GC(130) Heap after GC invocations=131 (full 0):
[20.502s][debug][gc,heap       ] GC(130)  garbage-first heap   total 1048576K, used 610864K [0x00000000c0000000, 0x0000000100000000)
[20.502s][debug][gc,heap       ] GC(130)   region size 1024K, 25 young (25600K), 25 survivors (25600K)
[20.502s][debug][gc,heap       ] GC(130)  Metaspace       used 557K, committed 704K, reserved 1114112K
[20.502s][debug][gc,heap       ] GC(130)   class space    used 37K, committed 128K, reserved 1048576K
[20.502s][info ][gc            ] GC(130) Pause Young (Normal) (G1 Evacuation Pause) 683M->596M(1024M) 101.376ms
[20.502s][info ][gc,cpu        ] GC(130) User=0.49s Sys=0.01s Real=0.10s
[20.540s][debug][gc,heap       ] GC(131) Heap before GC invocations=131 (full 0):
[20.540s][debug][gc,heap       ] GC(131)  garbage-first heap   total 1048576K, used 745008K [0x00000000c0000000, 0x0000000100000000)
[20.540s][debug][gc,heap       ] GC(131)   region size 1024K, 157 young (160768K), 25 survivors (25600K)
[20.540s][debug][gc,heap       ] GC(131)  Metaspace       used 557K, committed 704K, reserved 1114112K
[20.540s][debug][gc,heap       ] GC(131)   class space    used 37K, committed 128K, reserved 1048576K
[20.541s][info ][gc,start      ] GC(131) Pause Young (Normal) (G1 Evacuation Pause)
[20.543s][info ][gc,task       ] GC(131) Using 10 workers of 10 for evacuation
[20.544s][trace][gc,ergo,cset  ] GC(131) Start choosing CSet. Pending cards: 218 target pause time: 200.00ms
[20.547s][trace][gc,ergo,cset  ] GC(131) Added young regions to CSet. Eden: 132 regions, Survivors: 25 regions, predicted eden time: 91.13ms, predicted base time: 45.09ms, target pause time: 200.00ms, remaining time: 63.78ms
[20.549s][debug][gc,ergo       ] GC(131) Running G1 Merge Heap Roots using 10 workers for 157 regions
[20.641s][debug][gc,ergo       ] GC(131) Running G1 Rebuild Free List Task using 10 workers for rebuilding free list of regions
[20.643s][debug][gc,ergo,heap  ] GC(131) Heap expansion: short term pause time ratio 63.92% long term pause time ratio 67.00% threshold 7.69% pause time ratio 7.69% fully expanded true resize by 0B
[20.643s][debug][gc,ergo,refine] GC(131) Concurrent refinement times: Logged Cards Scan time goal: 20.00ms Logged Cards Scan time: 0.15ms HCC time: 0.00ms
[20.643s][trace][gc,ergo,refine] GC(131) Updating Refinement Zones: logged cards scan time: 0.151ms, processed cards: 193, goal time: 19.998ms
[20.643s][debug][gc,ergo,refine] GC(131) Updated Refinement Zones: green: 2560, yellow: 7680, red: 12800
[20.643s][info ][gc,phases     ] GC(131)   Pre Evacuate Collection Set: 4.5ms
[20.643s][info ][gc,phases     ] GC(131)   Merge Heap Roots: 0.6ms
[20.643s][info ][gc,phases     ] GC(131)   Evacuate Collection Set: 60.1ms
[20.643s][info ][gc,phases     ] GC(131)   Post Evacuate Collection Set: 32.3ms
[20.643s][info ][gc,phases     ] GC(131)   Other: 5.0ms
[20.643s][info ][gc,heap       ] GC(131) Eden regions: 132->0(95)
[20.643s][info ][gc,heap       ] GC(131) Survivor regions: 25->20(20)
[20.643s][info ][gc,heap       ] GC(131) Old regions: 571->649
[20.643s][info ][gc,heap       ] GC(131) Archive regions: 2->2
[20.643s][info ][gc,heap       ] GC(131) Humongous regions: 0->0
[20.643s][info ][gc,metaspace  ] GC(131) Metaspace: 557K(704K)->557K(704K) NonClass: 520K(576K)->520K(576K) Class: 37K(128K)->37K(128K)
[20.643s][debug][gc,heap       ] GC(131) Heap after GC invocations=132 (full 0):
[20.643s][debug][gc,heap       ] GC(131)  garbage-first heap   total 1048576K, used 685104K [0x00000000c0000000, 0x0000000100000000)
[20.643s][debug][gc,heap       ] GC(131)   region size 1024K, 20 young (20480K), 20 survivors (20480K)
[20.644s][debug][gc,heap       ] GC(131)  Metaspace       used 557K, committed 704K, reserved 1114112K
[20.644s][debug][gc,heap       ] GC(131)   class space    used 37K, committed 128K, reserved 1048576K
[20.644s][info ][gc            ] GC(131) Pause Young (Normal) (G1 Evacuation Pause) 728M->669M(1024M) 102.670ms
[20.644s][info ][gc,cpu        ] GC(131) User=0.41s Sys=0.02s Real=0.10s
[20.690s][debug][gc,heap       ] GC(132) Heap before GC invocations=132 (full 0):
[20.690s][debug][gc,heap       ] GC(132)  garbage-first heap   total 1048576K, used 781360K [0x00000000c0000000, 0x0000000100000000)
[20.690s][debug][gc,heap       ] GC(132)   region size 1024K, 115 young (117760K), 20 survivors (20480K)
[20.690s][debug][gc,heap       ] GC(132)  Metaspace       used 557K, committed 704K, reserved 1114112K
[20.690s][debug][gc,heap       ] GC(132)   class space    used 37K, committed 128K, reserved 1048576K
[20.691s][info ][gc,start      ] GC(132) Pause Young (Normal) (G1 Evacuation Pause)
[20.691s][info ][gc,task       ] GC(132) Using 10 workers of 10 for evacuation
[20.692s][trace][gc,ergo,cset  ] GC(132) Start choosing CSet. Pending cards: 231 target pause time: 200.00ms
[20.692s][trace][gc,ergo,cset  ] GC(132) Added young regions to CSet. Eden: 95 regions, Survivors: 20 regions, predicted eden time: 71.16ms, predicted base time: 43.76ms, target pause time: 200.00ms, remaining time: 85.08ms
[20.692s][debug][gc,ergo       ] GC(132) Running G1 Merge Heap Roots using 10 workers for 115 regions
[20.777s][debug][gc,ergo       ] GC(132) Running G1 Rebuild Free List Task using 10 workers for rebuilding free list of regions
[20.778s][debug][gc,ergo,heap  ] GC(132) Heap expansion: short term pause time ratio 70.31% long term pause time ratio 66.77% threshold 7.69% pause time ratio 7.69% fully expanded true resize by 0B
[20.778s][debug][gc,ergo,refine] GC(132) Concurrent refinement times: Logged Cards Scan time goal: 20.00ms Logged Cards Scan time: 0.20ms HCC time: 0.00ms
[20.778s][trace][gc,ergo,refine] GC(132) Updating Refinement Zones: logged cards scan time: 0.199ms, processed cards: 214, goal time: 19.999ms
[20.778s][debug][gc,ergo,refine] GC(132) Updated Refinement Zones: green: 2560, yellow: 7680, red: 12800
[20.778s][info ][gc,phases     ] GC(132)   Pre Evacuate Collection Set: 0.5ms
[20.778s][info ][gc,phases     ] GC(132)   Merge Heap Roots: 0.3ms
[20.778s][info ][gc,phases     ] GC(132)   Evacuate Collection Set: 60.9ms
[20.778s][info ][gc,phases     ] GC(132)   Post Evacuate Collection Set: 23.8ms
[20.778s][info ][gc,phases     ] GC(132)   Other: 1.9ms
[20.778s][info ][gc,heap       ] GC(132) Eden regions: 95->0(64)
[20.778s][info ][gc,heap       ] GC(132) Survivor regions: 20->15(15)
[20.778s][info ][gc,heap       ] GC(132) Old regions: 649->718
[20.778s][info ][gc,heap       ] GC(132) Archive regions: 2->2
[20.778s][info ][gc,heap       ] GC(132) Humongous regions: 0->0
[20.778s][info ][gc,metaspace  ] GC(132) Metaspace: 557K(704K)->557K(704K) NonClass: 520K(576K)->520K(576K) Class: 37K(128K)->37K(128K)
[20.778s][debug][gc,heap       ] GC(132) Heap after GC invocations=133 (full 0):
[20.778s][debug][gc,heap       ] GC(132)  garbage-first heap   total 1048576K, used 750896K [0x00000000c0000000, 0x0000000100000000)
[20.778s][debug][gc,heap       ] GC(132)   region size 1024K, 15 young (15360K), 15 survivors (15360K)
[20.778s][debug][gc,heap       ] GC(132)  Metaspace       used 557K, committed 704K, reserved 1114112K
[20.778s][debug][gc,heap       ] GC(132)   class space    used 37K, committed 128K, reserved 1048576K
[20.778s][info ][gc            ] GC(132) Pause Young (Normal) (G1 Evacuation Pause) 763M->733M(1024M) 87.262ms
[20.779s][info ][gc,cpu        ] GC(132) User=0.30s Sys=0.05s Real=0.08s
[20.803s][debug][gc,heap       ] GC(133) Heap before GC invocations=133 (full 0):
[20.803s][debug][gc,heap       ] GC(133)  garbage-first heap   total 1048576K, used 815408K [0x00000000c0000000, 0x0000000100000000)
[20.803s][debug][gc,heap       ] GC(133)   region size 1024K, 79 young (80896K), 15 survivors (15360K)
[20.803s][debug][gc,heap       ] GC(133)  Metaspace       used 557K, committed 704K, reserved 1114112K
[20.803s][debug][gc,heap       ] GC(133)   class space    used 37K, committed 128K, reserved 1048576K
[20.804s][info ][gc,start      ] GC(133) Pause Young (Normal) (G1 Evacuation Pause)
[20.804s][info ][gc,task       ] GC(133) Using 10 workers of 10 for evacuation
[20.805s][trace][gc,ergo,cset  ] GC(133) Start choosing CSet. Pending cards: 234 target pause time: 200.00ms
[20.805s][trace][gc,ergo,cset  ] GC(133) Added young regions to CSet. Eden: 64 regions, Survivors: 15 regions, predicted eden time: 56.59ms, predicted base time: 39.76ms, target pause time: 200.00ms, remaining time: 103.64ms
[20.805s][debug][gc,ergo       ] GC(133) Running G1 Merge Heap Roots using 10 workers for 79 regions
[20.862s][debug][gc,ergo       ] GC(133) Running G1 Rebuild Free List Task using 10 workers for rebuilding free list of regions
[20.863s][debug][gc,ergo,heap  ] GC(133) Heap expansion: short term pause time ratio 63.88% long term pause time ratio 66.07% threshold 7.69% pause time ratio 7.69% fully expanded true resize by 0B
[20.863s][debug][gc,ergo,refine] GC(133) Concurrent refinement times: Logged Cards Scan time goal: 20.00ms Logged Cards Scan time: 0.18ms HCC time: 0.00ms
[20.863s][trace][gc,ergo,refine] GC(133) Updating Refinement Zones: logged cards scan time: 0.177ms, processed cards: 209, goal time: 19.999ms
[20.863s][debug][gc,ergo,refine] GC(133) Updated Refinement Zones: green: 2560, yellow: 7680, red: 12800
[20.863s][info ][gc,phases     ] GC(133)   Pre Evacuate Collection Set: 0.5ms
[20.863s][info ][gc,phases     ] GC(133)   Merge Heap Roots: 0.4ms
[20.863s][info ][gc,phases     ] GC(133)   Evacuate Collection Set: 39.9ms
[20.863s][info ][gc,phases     ] GC(133)   Post Evacuate Collection Set: 17.0ms
[20.863s][info ][gc,phases     ] GC(133)   Other: 1.9ms
[20.863s][info ][gc,heap       ] GC(133) Eden regions: 64->0(44)
[20.863s][info ][gc,heap       ] GC(133) Survivor regions: 15->10(10)
[20.863s][info ][gc,heap       ] GC(133) Old regions: 718->777
[20.863s][info ][gc,heap       ] GC(133) Archive regions: 2->2
[20.863s][info ][gc,heap       ] GC(133) Humongous regions: 0->0
[20.863s][info ][gc,metaspace  ] GC(133) Metaspace: 557K(704K)->557K(704K) NonClass: 520K(576K)->520K(576K) Class: 37K(128K)->37K(128K)
[20.864s][debug][gc,heap       ] GC(133) Heap after GC invocations=134 (full 0):
[20.864s][debug][gc,heap       ] GC(133)  garbage-first heap   total 1048576K, used 806322K [0x00000000c0000000, 0x0000000100000000)
[20.864s][debug][gc,heap       ] GC(133)   region size 1024K, 10 young (10240K), 10 survivors (10240K)
[20.864s][debug][gc,heap       ] GC(133)  Metaspace       used 557K, committed 704K, reserved 1114112K
[20.864s][debug][gc,heap       ] GC(133)   class space    used 37K, committed 128K, reserved 1048576K
[20.864s][info ][gc            ] GC(133) Pause Young (Normal) (G1 Evacuation Pause) 797M->787M(1024M) 59.361ms
[20.864s][info ][gc,cpu        ] GC(133) User=0.24s Sys=0.00s Real=0.06s
[20.880s][debug][gc,heap       ] GC(134) Heap before GC invocations=134 (full 0):
[20.880s][debug][gc,heap       ] GC(134)  garbage-first heap   total 1048576K, used 850354K [0x00000000c0000000, 0x0000000100000000)
[20.880s][debug][gc,heap       ] GC(134)   region size 1024K, 54 young (55296K), 10 survivors (10240K)
[20.880s][debug][gc,heap       ] GC(134)  Metaspace       used 557K, committed 704K, reserved 1114112K
[20.880s][debug][gc,heap       ] GC(134)   class space    used 37K, committed 128K, reserved 1048576K
[20.881s][info ][gc,start      ] GC(134) Pause Young (Normal) (G1 Evacuation Pause)
[20.881s][info ][gc,task       ] GC(134) Using 10 workers of 10 for evacuation
[20.881s][trace][gc,ergo,cset  ] GC(134) Start choosing CSet. Pending cards: 249 target pause time: 200.00ms
[20.881s][trace][gc,ergo,cset  ] GC(134) Added young regions to CSet. Eden: 44 regions, Survivors: 10 regions, predicted eden time: 39.08ms, predicted base time: 35.25ms, target pause time: 200.00ms, remaining time: 125.66ms
[20.881s][debug][gc,ergo       ] GC(134) Running G1 Merge Heap Roots using 10 workers for 54 regions
[20.920s][debug][gc,ergo       ] GC(134) Running G1 Rebuild Free List Task using 10 workers for rebuilding free list of regions
[20.920s][debug][gc,ergo,heap  ] GC(134) Heap expansion: short term pause time ratio 68.51% long term pause time ratio 62.35% threshold 7.69% pause time ratio 7.69% fully expanded true resize by 0B
[20.920s][debug][gc,ergo,ihop  ] GC(134) Request concurrent cycle initiation (occupancy higher than threshold) occupancy: 862978048B allocation request: 0B threshold: 855677068B (79.69) source: end of GC
[20.920s][debug][gc,ergo,refine] GC(134) Concurrent refinement times: Logged Cards Scan time goal: 20.00ms Logged Cards Scan time: 0.19ms HCC time: 0.00ms
[20.920s][trace][gc,ergo,refine] GC(134) Updating Refinement Zones: logged cards scan time: 0.186ms, processed cards: 232, goal time: 19.999ms
[20.920s][debug][gc,ergo,refine] GC(134) Updated Refinement Zones: green: 2560, yellow: 7680, red: 12800
[20.920s][info ][gc,phases     ] GC(134)   Pre Evacuate Collection Set: 0.3ms
[20.920s][info ][gc,phases     ] GC(134)   Merge Heap Roots: 0.3ms
[20.920s][info ][gc,phases     ] GC(134)   Evacuate Collection Set: 26.6ms
[20.920s][info ][gc,phases     ] GC(134)   Post Evacuate Collection Set: 11.9ms
[20.920s][info ][gc,phases     ] GC(134)   Other: 1.4ms
[20.920s][info ][gc,heap       ] GC(134) Eden regions: 44->0(44)
[20.920s][info ][gc,heap       ] GC(134) Survivor regions: 10->7(7)
[20.920s][info ][gc,heap       ] GC(134) Old regions: 777->821
[20.920s][info ][gc,heap       ] GC(134) Archive regions: 2->2
[20.920s][info ][gc,heap       ] GC(134) Humongous regions: 0->0
[20.920s][info ][gc,metaspace  ] GC(134) Metaspace: 557K(704K)->557K(704K) NonClass: 520K(576K)->520K(576K) Class: 37K(128K)->37K(128K)
[20.921s][debug][gc,heap       ] GC(134) Heap after GC invocations=135 (full 0):
[20.921s][debug][gc,heap       ] GC(134)  garbage-first heap   total 1048576K, used 848688K [0x00000000c0000000, 0x0000000100000000)
[20.921s][debug][gc,heap       ] GC(134)   region size 1024K, 7 young (7168K), 7 survivors (7168K)
[20.921s][debug][gc,heap       ] GC(134)  Metaspace       used 557K, committed 704K, reserved 1114112K
[20.921s][debug][gc,heap       ] GC(134)   class space    used 37K, committed 128K, reserved 1048576K
[20.921s][info ][gc            ] GC(134) Pause Young (Normal) (G1 Evacuation Pause) 831M->828M(1024M) 40.399ms
[20.921s][info ][gc,cpu        ] GC(134) User=0.15s Sys=0.02s Real=0.04s
[20.937s][debug][gc,heap       ] GC(135) Heap before GC invocations=135 (full 0):
[20.937s][debug][gc,heap       ] GC(135)  garbage-first heap   total 1048576K, used 892720K [0x00000000c0000000, 0x0000000100000000)
[20.937s][debug][gc,heap       ] GC(135)   region size 1024K, 51 young (52224K), 7 survivors (7168K)
[20.937s][debug][gc,heap       ] GC(135)  Metaspace       used 557K, committed 704K, reserved 1114112K
[20.937s][debug][gc,heap       ] GC(135)   class space    used 37K, committed 128K, reserved 1048576K
[20.938s][debug][gc,ergo       ] GC(135) Initiate concurrent cycle (concurrent cycle initiation requested)
[20.938s][info ][gc,start      ] GC(135) Pause Young (Concurrent Start) (G1 Evacuation Pause)
[20.938s][info ][gc,task       ] GC(135) Using 10 workers of 10 for evacuation
[20.938s][trace][gc,ergo,cset  ] GC(135) Start choosing CSet. Pending cards: 275 target pause time: 200.00ms
[20.938s][trace][gc,ergo,cset  ] GC(135) Added young regions to CSet. Eden: 44 regions, Survivors: 7 regions, predicted eden time: 37.00ms, predicted base time: 30.54ms, target pause time: 200.00ms, remaining time: 132.46ms
[20.939s][debug][gc,ergo       ] GC(135) Running G1 Merge Heap Roots using 10 workers for 51 regions
[20.978s][debug][gc,ergo       ] GC(135) Running G1 Rebuild Free List Task using 10 workers for rebuilding free list of regions
[20.978s][debug][gc,ergo,heap  ] GC(135) Heap expansion: short term pause time ratio 68.95% long term pause time ratio 61.13% threshold 7.69% pause time ratio 7.69% fully expanded true resize by 0B
[20.978s][debug][gc,ergo,refine] GC(135) Concurrent refinement times: Logged Cards Scan time goal: 20.00ms Logged Cards Scan time: 0.56ms HCC time: 0.00ms
[20.978s][trace][gc,ergo,refine] GC(135) Updating Refinement Zones: logged cards scan time: 0.557ms, processed cards: 258, goal time: 19.999ms
[20.978s][debug][gc,ergo,refine] GC(135) Updated Refinement Zones: green: 2560, yellow: 7680, red: 12800
[20.978s][info ][gc,phases     ] GC(135)   Pre Evacuate Collection Set: 0.4ms
[20.978s][info ][gc,phases     ] GC(135)   Merge Heap Roots: 0.3ms
[20.978s][info ][gc,phases     ] GC(135)   Evacuate Collection Set: 28.4ms
[20.978s][info ][gc,phases     ] GC(135)   Post Evacuate Collection Set: 10.1ms
[20.978s][info ][gc,phases     ] GC(135)   Other: 2.2ms
[20.978s][info ][gc,heap       ] GC(135) Eden regions: 44->0(44)
[20.978s][info ][gc,heap       ] GC(135) Survivor regions: 7->7(7)
[20.978s][info ][gc,heap       ] GC(135) Old regions: 821->864
[20.978s][info ][gc,heap       ] GC(135) Archive regions: 2->2
[20.978s][info ][gc,heap       ] GC(135) Humongous regions: 0->0
[20.978s][info ][gc,metaspace  ] GC(135) Metaspace: 557K(704K)->557K(704K) NonClass: 520K(576K)->520K(576K) Class: 37K(128K)->37K(128K)
[20.979s][debug][gc,heap       ] GC(135) Heap after GC invocations=136 (full 0):
[20.979s][debug][gc,heap       ] GC(135)  garbage-first heap   total 1048576K, used 892592K [0x00000000c0000000, 0x0000000100000000)
[20.979s][debug][gc,heap       ] GC(135)   region size 1024K, 7 young (7168K), 7 survivors (7168K)
[20.979s][debug][gc,heap       ] GC(135)  Metaspace       used 557K, committed 704K, reserved 1114112K
[20.979s][debug][gc,heap       ] GC(135)   class space    used 37K, committed 128K, reserved 1048576K
[20.979s][info ][gc            ] GC(135) Pause Young (Concurrent Start) (G1 Evacuation Pause) 872M->871M(1024M) 40.867ms
[20.979s][info ][gc,cpu        ] GC(135) User=0.16s Sys=0.00s Real=0.04s
[20.979s][info ][gc            ] GC(136) Concurrent Mark Cycle
[20.979s][info ][gc,marking    ] GC(136) Concurrent Clear Claimed Marks
[20.979s][info ][gc,marking    ] GC(136) Concurrent Clear Claimed Marks 0.015ms
[20.979s][info ][gc,marking    ] GC(136) Concurrent Scan Root Regions
[20.979s][debug][gc,ergo       ] GC(136) Running G1 Root Region Scan using 3 workers for 51 work units.
[20.979s][info ][gc,marking    ] GC(136) Concurrent Scan Root Regions 0.655ms
[20.979s][info ][gc,marking    ] GC(136) Concurrent Mark
[20.979s][info ][gc,marking    ] GC(136) Concurrent Mark From Roots
[20.979s][info ][gc,task       ] GC(136) Using 3 workers of 3 for marking
[20.991s][debug][gc,heap       ] GC(137) Heap before GC invocations=136 (full 0):
[20.991s][debug][gc,heap       ] GC(137)  garbage-first heap   total 1048576K, used 936624K [0x00000000c0000000, 0x0000000100000000)
[20.991s][debug][gc,heap       ] GC(137)   region size 1024K, 51 young (52224K), 7 survivors (7168K)
[20.991s][debug][gc,heap       ] GC(137)  Metaspace       used 557K, committed 704K, reserved 1114112K
[20.991s][debug][gc,heap       ] GC(137)   class space    used 37K, committed 128K, reserved 1048576K
[20.992s][info ][gc,start      ] GC(137) Pause Young (Normal) (G1 Evacuation Pause)
[20.992s][info ][gc,task       ] GC(137) Using 10 workers of 10 for evacuation
[20.992s][trace][gc,ergo,cset  ] GC(137) Start choosing CSet. Pending cards: 289 target pause time: 200.00ms
[20.992s][trace][gc,ergo,cset  ] GC(137) Added young regions to CSet. Eden: 44 regions, Survivors: 7 regions, predicted eden time: 46.86ms, predicted base time: 26.43ms, target pause time: 200.00ms, remaining time: 126.70ms
[20.992s][debug][gc,ergo       ] GC(137) Running G1 Merge Heap Roots using 10 workers for 51 regions
[21.038s][debug][gc,ergo       ] GC(137) Running G1 Rebuild Free List Task using 10 workers for rebuilding free list of regions
[21.039s][debug][gc,ergo,heap  ] GC(137) Heap expansion: short term pause time ratio 69.54% long term pause time ratio 61.53% threshold 7.69% pause time ratio 7.69% fully expanded true resize by 0B
[21.039s][debug][gc,ergo,refine] GC(137) Concurrent refinement times: Logged Cards Scan time goal: 20.00ms Logged Cards Scan time: 0.26ms HCC time: 0.00ms
[21.039s][trace][gc,ergo,refine] GC(137) Updating Refinement Zones: logged cards scan time: 0.255ms, processed cards: 274, goal time: 19.999ms
[21.039s][debug][gc,ergo,refine] GC(137) Updated Refinement Zones: green: 2560, yellow: 7680, red: 12800
[21.039s][info ][gc,phases     ] GC(137)   Pre Evacuate Collection Set: 0.5ms
[21.039s][info ][gc,phases     ] GC(137)   Merge Heap Roots: 0.3ms
[21.039s][info ][gc,phases     ] GC(137)   Evacuate Collection Set: 29.4ms
[21.039s][info ][gc,phases     ] GC(137)   Post Evacuate Collection Set: 16.3ms
[21.039s][info ][gc,phases     ] GC(137)   Other: 1.8ms
[21.039s][info ][gc,heap       ] GC(137) Eden regions: 44->0(44)
[21.039s][info ][gc,heap       ] GC(137) Survivor regions: 7->7(7)
[21.039s][info ][gc,heap       ] GC(137) Old regions: 864->906
[21.039s][info ][gc,heap       ] GC(137) Archive regions: 2->2
[21.039s][info ][gc,heap       ] GC(137) Humongous regions: 0->0
[21.039s][info ][gc,metaspace  ] GC(137) Metaspace: 557K(704K)->557K(704K) NonClass: 520K(576K)->520K(576K) Class: 37K(128K)->37K(128K)
[21.040s][debug][gc,heap       ] GC(137) Heap after GC invocations=137 (full 0):
[21.042s][debug][gc,heap       ] GC(137)  garbage-first heap   total 1048576K, used 935600K [0x00000000c0000000, 0x0000000100000000)
[21.042s][debug][gc,heap       ] GC(137)   region size 1024K, 7 young (7168K), 7 survivors (7168K)
[21.042s][debug][gc,heap       ] GC(137)  Metaspace       used 557K, committed 704K, reserved 1114112K
[21.042s][debug][gc,heap       ] GC(137)   class space    used 37K, committed 128K, reserved 1048576K
[21.042s][info ][gc            ] GC(137) Pause Young (Normal) (G1 Evacuation Pause) 915M->913M(1024M) 50.240ms
[21.042s][info ][gc,cpu        ] GC(137) User=0.19s Sys=0.02s Real=0.05s
[21.047s][info ][gc,marking    ] GC(136) Concurrent Mark From Roots 67.196ms
[21.047s][info ][gc,marking    ] GC(136) Concurrent Preclean
[21.047s][info ][gc,marking    ] GC(136) Concurrent Preclean 0.116ms
[21.049s][info ][gc,start      ] GC(136) Pause Remark
[21.052s][debug][gc,ergo       ] GC(136) Running G1 Update RemSet Tracking Before Rebuild using 3 workers for 1024 regions in heap
[21.230s][info ][gc            ] GC(136) Pause Remark 915M->181M(1024M) 181.224ms
[21.230s][info ][gc,cpu        ] GC(136) User=1.49s Sys=0.14s Real=0.19s
[21.230s][info ][gc,marking    ] GC(136) Concurrent Mark 250.843ms
[21.230s][info ][gc,marking    ] GC(136) Concurrent Rebuild Remembered Sets
[21.236s][info ][gc,marking    ] GC(136) Concurrent Rebuild Remembered Sets 5.314ms
[21.236s][info ][gc,start      ] GC(136) Pause Cleanup
[21.237s][debug][gc,ergo,cset  ] GC(136) Pruned 56 regions out of 67, leaving 48657464 bytes waste (allowed 53687091)
[21.237s][info ][gc            ] GC(136) Pause Cleanup 202M->202M(1024M) 0.838ms
[21.237s][info ][gc,cpu        ] GC(136) User=0.00s Sys=0.00s Real=0.00s
[21.237s][info ][gc,marking    ] GC(136) Concurrent Cleanup for Next Mark
[21.237s][debug][gc,ergo       ] GC(136) Running G1 Clear Bitmap with 3 workers for 16 work units.
[21.240s][info ][gc,marking    ] GC(136) Concurrent Cleanup for Next Mark 2.879ms
[21.240s][info ][gc            ] GC(136) Concurrent Mark Cycle 261.327ms
[21.255s][debug][gc,heap       ] GC(138) Heap before GC invocations=138 (full 0):
[21.255s][debug][gc,heap       ] GC(138)  garbage-first heap   total 1048576K, used 228016K [0x00000000c0000000, 0x0000000100000000)
[21.255s][debug][gc,heap       ] GC(138)   region size 1024K, 51 young (52224K), 7 survivors (7168K)
[21.255s][debug][gc,heap       ] GC(138)  Metaspace       used 557K, committed 704K, reserved 1114112K
[21.255s][debug][gc,heap       ] GC(138)   class space    used 37K, committed 128K, reserved 1048576K
[21.256s][info ][gc,start      ] GC(138) Pause Young (Prepare Mixed) (G1 Evacuation Pause)
[21.256s][info ][gc,task       ] GC(138) Using 10 workers of 10 for evacuation
[21.256s][trace][gc,ergo,cset  ] GC(138) Start choosing CSet. Pending cards: 288 target pause time: 200.00ms
[21.256s][trace][gc,ergo,cset  ] GC(138) Added young regions to CSet. Eden: 44 regions, Survivors: 7 regions, predicted eden time: 37.31ms, predicted base time: 24.53ms, target pause time: 200.00ms, remaining time: 138.16ms
[21.257s][debug][gc,ergo       ] GC(138) Running G1 Merge Heap Roots using 10 workers for 51 regions
[21.305s][debug][gc,ergo       ] GC(138) Running G1 Rebuild Free List Task using 10 workers for rebuilding free list of regions
[21.306s][debug][gc,ergo,heap  ] GC(138) Heap expansion: short term pause time ratio 11.54% long term pause time ratio 70.91% threshold 7.69% pause time ratio 7.69% fully expanded true resize by 0B
[21.306s][debug][gc,ergo,refine] GC(138) Concurrent refinement times: Logged Cards Scan time goal: 20.00ms Logged Cards Scan time: 0.21ms HCC time: 0.00ms
[21.306s][trace][gc,ergo,refine] GC(138) Updating Refinement Zones: logged cards scan time: 0.214ms, processed cards: 263, goal time: 19.999ms
[21.306s][debug][gc,ergo,refine] GC(138) Updated Refinement Zones: green: 2560, yellow: 7680, red: 12800
[21.306s][info ][gc,phases     ] GC(138)   Pre Evacuate Collection Set: 0.5ms
[21.306s][info ][gc,phases     ] GC(138)   Merge Heap Roots: 0.3ms
[21.306s][info ][gc,phases     ] GC(138)   Evacuate Collection Set: 35.7ms
[21.306s][info ][gc,phases     ] GC(138)   Post Evacuate Collection Set: 12.7ms
[21.306s][info ][gc,phases     ] GC(138)   Other: 1.6ms
[21.306s][info ][gc,heap       ] GC(138) Eden regions: 44->0(44)
[21.306s][info ][gc,heap       ] GC(138) Survivor regions: 7->7(7)
[21.306s][info ][gc,heap       ] GC(138) Old regions: 172->215
[21.306s][info ][gc,heap       ] GC(138) Archive regions: 2->2
[21.306s][info ][gc,heap       ] GC(138) Humongous regions: 0->0
[21.306s][info ][gc,metaspace  ] GC(138) Metaspace: 557K(704K)->557K(704K) NonClass: 520K(576K)->520K(576K) Class: 37K(128K)->37K(128K)
[21.306s][debug][gc,heap       ] GC(138) Heap after GC invocations=139 (full 0):
[21.306s][debug][gc,heap       ] GC(138)  garbage-first heap   total 1048576K, used 227634K [0x00000000c0000000, 0x0000000100000000)
[21.306s][debug][gc,heap       ] GC(138)   region size 1024K, 7 young (7168K), 7 survivors (7168K)
[21.306s][debug][gc,heap       ] GC(138)  Metaspace       used 557K, committed 704K, reserved 1114112K
[21.306s][debug][gc,heap       ] GC(138)   class space    used 37K, committed 128K, reserved 1048576K
[21.306s][info ][gc            ] GC(138) Pause Young (Prepare Mixed) (G1 Evacuation Pause) 223M->222M(1024M) 50.501ms
[21.307s][info ][gc,cpu        ] GC(138) User=0.13s Sys=0.02s Real=0.05s
[21.333s][debug][gc,heap       ] GC(139) Heap before GC invocations=139 (full 0):
[21.333s][debug][gc,heap       ] GC(139)  garbage-first heap   total 1048576K, used 271666K [0x00000000c0000000, 0x0000000100000000)
[21.333s][debug][gc,heap       ] GC(139)   region size 1024K, 51 young (52224K), 7 survivors (7168K)
[21.333s][debug][gc,heap       ] GC(139)  Metaspace       used 557K, committed 704K, reserved 1114112K
[21.333s][debug][gc,heap       ] GC(139)   class space    used 37K, committed 128K, reserved 1048576K
[21.333s][info ][gc,start      ] GC(139) Pause Young (Mixed) (G1 Evacuation Pause)
[21.333s][info ][gc,task       ] GC(139) Using 10 workers of 10 for evacuation
[21.334s][trace][gc,ergo,cset  ] GC(139) Start choosing CSet. Pending cards: 257 target pause time: 200.00ms
[21.334s][trace][gc,ergo,cset  ] GC(139) Added young regions to CSet. Eden: 44 regions, Survivors: 7 regions, predicted eden time: 38.69ms, predicted base time: 22.09ms, target pause time: 200.00ms, remaining time: 139.22ms
[21.334s][debug][gc,ergo,cset  ] GC(139) Start adding old regions to collection set. Min 2 regions, max 103 regions, time remaining 139.22ms, optional threshold 27.84ms
[21.334s][debug][gc,ergo,cset  ] GC(139) Old candidate collection set empty.
[21.334s][debug][gc,ergo,cset  ] GC(139) Finish choosing collection set old regions. Initial: 11, optional: 0, predicted old time: 0.00ms, predicted optional time: 0.00ms, time remaining: 131.13
[21.334s][debug][gc,ergo       ] GC(139) Running G1 Merge Heap Roots using 10 workers for 62 regions
[21.402s][debug][gc,ergo       ] GC(139) Running G1 Rebuild Free List Task using 10 workers for rebuilding free list of regions
[21.402s][debug][gc,ergo,heap  ] GC(139) Heap expansion: short term pause time ratio 72.06% long term pause time ratio 73.08% threshold 7.69% pause time ratio 7.69% fully expanded true resize by 0B
[21.402s][debug][gc,ergo       ] GC(139) do not continue mixed GCs (candidate old regions not available)
[21.402s][debug][gc,ergo,refine] GC(139) Concurrent refinement times: Logged Cards Scan time goal: 20.00ms Logged Cards Scan time: 0.21ms HCC time: 0.00ms
[21.402s][trace][gc,ergo,refine] GC(139) Updating Refinement Zones: logged cards scan time: 0.209ms, processed cards: 240, goal time: 19.999ms
[21.402s][debug][gc,ergo,refine] GC(139) Updated Refinement Zones: green: 2560, yellow: 7680, red: 12800
[21.403s][info ][gc,phases     ] GC(139)   Pre Evacuate Collection Set: 0.4ms
[21.403s][info ][gc,phases     ] GC(139)   Merge Heap Roots: 0.3ms
[21.403s][info ][gc,phases     ] GC(139)   Evacuate Collection Set: 51.9ms
[21.403s][info ][gc,phases     ] GC(139)   Post Evacuate Collection Set: 15.7ms
[21.403s][info ][gc,phases     ] GC(139)   Other: 1.6ms
[21.403s][info ][gc,heap       ] GC(139) Eden regions: 44->0(176)
[21.403s][info ][gc,heap       ] GC(139) Survivor regions: 7->7(7)
[21.403s][info ][gc,heap       ] GC(139) Old regions: 215->247
[21.403s][info ][gc,heap       ] GC(139) Archive regions: 2->2
[21.403s][info ][gc,heap       ] GC(139) Humongous regions: 0->0
[21.403s][info ][gc,metaspace  ] GC(139) Metaspace: 557K(704K)->557K(704K) NonClass: 520K(576K)->520K(576K) Class: 37K(128K)->37K(128K)
[21.403s][debug][gc,heap       ] GC(139) Heap after GC invocations=140 (full 0):
[21.403s][debug][gc,heap       ] GC(139)  garbage-first heap   total 1048576K, used 260272K [0x00000000c0000000, 0x0000000100000000)
[21.403s][debug][gc,heap       ] GC(139)   region size 1024K, 7 young (7168K), 7 survivors (7168K)
[21.403s][debug][gc,heap       ] GC(139)  Metaspace       used 557K, committed 704K, reserved 1114112K
[21.403s][debug][gc,heap       ] GC(139)   class space    used 37K, committed 128K, reserved 1048576K
[21.403s][info ][gc            ] GC(139) Pause Young (Mixed) (G1 Evacuation Pause) 266M->254M(1024M) 69.529ms
[21.403s][info ][gc,cpu        ] GC(139) User=0.18s Sys=0.04s Real=0.07s
[21.487s][debug][gc,heap       ] GC(140) Heap before GC invocations=140 (full 0):
[21.487s][debug][gc,heap       ] GC(140)  garbage-first heap   total 1048576K, used 439472K [0x00000000c0000000, 0x0000000100000000)
[21.487s][debug][gc,heap       ] GC(140)   region size 1024K, 183 young (187392K), 7 survivors (7168K)
[21.487s][debug][gc,heap       ] GC(140)  Metaspace       used 557K, committed 704K, reserved 1114112K
[21.487s][debug][gc,heap       ] GC(140)   class space    used 37K, committed 128K, reserved 1048576K
[21.488s][info ][gc,start      ] GC(140) Pause Young (Normal) (G1 Evacuation Pause)
[21.488s][info ][gc,task       ] GC(140) Using 10 workers of 10 for evacuation
[21.488s][trace][gc,ergo,cset  ] GC(140) Start choosing CSet. Pending cards: 259 target pause time: 200.00ms
[21.488s][trace][gc,ergo,cset  ] GC(140) Added young regions to CSet. Eden: 176 regions, Survivors: 7 regions, predicted eden time: 173.32ms, predicted base time: 20.98ms, target pause time: 200.00ms, remaining time: 5.69ms
[21.488s][debug][gc,ergo       ] GC(140) Running G1 Merge Heap Roots using 10 workers for 183 regions
[21.599s][debug][gc,ergo       ] GC(140) Running G1 Rebuild Free List Task using 10 workers for rebuilding free list of regions
[21.600s][debug][gc,ergo,heap  ] GC(140) Heap expansion: short term pause time ratio 71.32% long term pause time ratio 74.50% threshold 7.69% pause time ratio 7.69% fully expanded true resize by 0B
[21.601s][debug][gc,ergo,refine] GC(140) Concurrent refinement times: Logged Cards Scan time goal: 20.00ms Logged Cards Scan time: 0.21ms HCC time: 0.00ms
[21.601s][trace][gc,ergo,refine] GC(140) Updating Refinement Zones: logged cards scan time: 0.208ms, processed cards: 242, goal time: 19.999ms
[21.601s][debug][gc,ergo,refine] GC(140) Updated Refinement Zones: green: 2560, yellow: 7680, red: 12800
[21.601s][info ][gc,phases     ] GC(140)   Pre Evacuate Collection Set: 0.4ms
[21.601s][info ][gc,phases     ] GC(140)   Merge Heap Roots: 0.3ms
[21.601s][info ][gc,phases     ] GC(140)   Evacuate Collection Set: 69.1ms
[21.601s][info ][gc,phases     ] GC(140)   Post Evacuate Collection Set: 42.4ms
[21.601s][info ][gc,phases     ] GC(140)   Other: 1.9ms
[21.601s][info ][gc,heap       ] GC(140) Eden regions: 176->0(166)
[21.601s][info ][gc,heap       ] GC(140) Survivor regions: 7->23(23)
[21.601s][info ][gc,heap       ] GC(140) Old regions: 247->328
[21.601s][info ][gc,heap       ] GC(140) Archive regions: 2->2
[21.601s][info ][gc,heap       ] GC(140) Humongous regions: 0->0
[21.601s][info ][gc,metaspace  ] GC(140) Metaspace: 557K(704K)->557K(704K) NonClass: 520K(576K)->520K(576K) Class: 37K(128K)->37K(128K)
[21.601s][debug][gc,heap       ] GC(140) Heap after GC invocations=141 (full 0):
[21.601s][debug][gc,heap       ] GC(140)  garbage-first heap   total 1048576K, used 359986K [0x00000000c0000000, 0x0000000100000000)
[21.601s][debug][gc,heap       ] GC(140)   region size 1024K, 23 young (23552K), 23 survivors (23552K)
[21.601s][debug][gc,heap       ] GC(140)  Metaspace       used 557K, committed 704K, reserved 1114112K
[21.601s][debug][gc,heap       ] GC(140)   class space    used 37K, committed 128K, reserved 1048576K
[21.601s][info ][gc            ] GC(140) Pause Young (Normal) (G1 Evacuation Pause) 430M->351M(1024M) 113.449ms
[21.601s][info ][gc,cpu        ] GC(140) User=0.52s Sys=0.02s Real=0.12s
[21.687s][debug][gc,heap       ] GC(141) Heap before GC invocations=141 (full 0):
[21.687s][debug][gc,heap       ] GC(141)  garbage-first heap   total 1048576K, used 528946K [0x00000000c0000000, 0x0000000100000000)
[21.687s][debug][gc,heap       ] GC(141)   region size 1024K, 189 young (193536K), 23 survivors (23552K)
[21.687s][debug][gc,heap       ] GC(141)  Metaspace       used 557K, committed 704K, reserved 1114112K
[21.687s][debug][gc,heap       ] GC(141)   class space    used 37K, committed 128K, reserved 1048576K
[21.688s][info ][gc,start      ] GC(141) Pause Young (Normal) (G1 Evacuation Pause)
[21.688s][info ][gc,task       ] GC(141) Using 10 workers of 10 for evacuation
[21.688s][trace][gc,ergo,cset  ] GC(141) Start choosing CSet. Pending cards: 228 target pause time: 200.00ms
[21.688s][trace][gc,ergo,cset  ] GC(141) Added young regions to CSet. Eden: 166 regions, Survivors: 23 regions, predicted eden time: 153.28ms, predicted base time: 31.51ms, target pause time: 200.00ms, remaining time: 15.21ms
[21.689s][debug][gc,ergo       ] GC(141) Running G1 Merge Heap Roots using 10 workers for 189 regions
[21.796s][debug][gc,ergo       ] GC(141) Running G1 Rebuild Free List Task using 10 workers for rebuilding free list of regions
[21.797s][debug][gc,ergo,heap  ] GC(141) Heap expansion: short term pause time ratio 56.92% long term pause time ratio 71.48% threshold 7.69% pause time ratio 7.69% fully expanded true resize by 0B
[21.797s][debug][gc,ergo,refine] GC(141) Concurrent refinement times: Logged Cards Scan time goal: 20.00ms Logged Cards Scan time: 0.16ms HCC time: 0.00ms
[21.797s][trace][gc,ergo,refine] GC(141) Updating Refinement Zones: logged cards scan time: 0.159ms, processed cards: 203, goal time: 19.999ms
[21.797s][debug][gc,ergo,refine] GC(141) Updated Refinement Zones: green: 2560, yellow: 7680, red: 12800
[21.797s][info ][gc,phases     ] GC(141)   Pre Evacuate Collection Set: 0.4ms
[21.797s][info ][gc,phases     ] GC(141)   Merge Heap Roots: 0.3ms
[21.797s][info ][gc,phases     ] GC(141)   Evacuate Collection Set: 69.0ms
[21.797s][info ][gc,phases     ] GC(141)   Post Evacuate Collection Set: 38.3ms
[21.797s][info ][gc,phases     ] GC(141)   Other: 2.0ms
[21.797s][info ][gc,heap       ] GC(141) Eden regions: 166->0(178)
[21.797s][info ][gc,heap       ] GC(141) Survivor regions: 23->24(24)
[21.797s][info ][gc,heap       ] GC(141) Old regions: 328->411
[21.797s][info ][gc,heap       ] GC(141) Archive regions: 2->2
[21.797s][info ][gc,heap       ] GC(141) Humongous regions: 0->0
[21.797s][info ][gc,metaspace  ] GC(141) Metaspace: 557K(704K)->557K(704K) NonClass: 520K(576K)->520K(576K) Class: 37K(128K)->37K(128K)
[21.797s][debug][gc,heap       ] GC(141) Heap after GC invocations=142 (full 0):
[21.797s][debug][gc,heap       ] GC(141)  garbage-first heap   total 1048576K, used 445488K [0x00000000c0000000, 0x0000000100000000)
[21.797s][debug][gc,heap       ] GC(141)   region size 1024K, 24 young (24576K), 24 survivors (24576K)
[21.797s][debug][gc,heap       ] GC(141)  Metaspace       used 557K, committed 704K, reserved 1114112K
[21.797s][debug][gc,heap       ] GC(141)   class space    used 37K, committed 128K, reserved 1048576K
[21.797s][info ][gc            ] GC(141) Pause Young (Normal) (G1 Evacuation Pause) 517M->435M(1024M) 109.279ms
[21.797s][info ][gc,cpu        ] GC(141) User=0.41s Sys=0.09s Real=0.11s
[21.879s][debug][gc,heap       ] GC(142) Heap before GC invocations=142 (full 0):
[21.879s][debug][gc,heap       ] GC(142)  garbage-first heap   total 1048576K, used 626736K [0x00000000c0000000, 0x0000000100000000)
[21.879s][debug][gc,heap       ] GC(142)   region size 1024K, 202 young (206848K), 24 survivors (24576K)
[21.879s][debug][gc,heap       ] GC(142)  Metaspace       used 557K, committed 704K, reserved 1114112K
[21.879s][debug][gc,heap       ] GC(142)   class space    used 37K, committed 128K, reserved 1048576K
[21.880s][info ][gc,start      ] GC(142) Pause Young (Normal) (G1 Evacuation Pause)
[21.880s][info ][gc,task       ] GC(142) Using 10 workers of 10 for evacuation
[21.881s][trace][gc,ergo,cset  ] GC(142) Start choosing CSet. Pending cards: 235 target pause time: 200.00ms
[21.881s][trace][gc,ergo,cset  ] GC(142) Added young regions to CSet. Eden: 178 regions, Survivors: 24 regions, predicted eden time: 149.97ms, predicted base time: 35.57ms, target pause time: 200.00ms, remaining time: 14.46ms
[21.881s][debug][gc,ergo       ] GC(142) Running G1 Merge Heap Roots using 10 workers for 202 regions
[21.985s][debug][gc,ergo       ] GC(142) Running G1 Rebuild Free List Task using 10 workers for rebuilding free list of regions
[21.986s][debug][gc,ergo,heap  ] GC(142) Heap expansion: short term pause time ratio 55.34% long term pause time ratio 69.38% threshold 7.69% pause time ratio 7.69% fully expanded true resize by 0B
[21.986s][debug][gc,ergo,refine] GC(142) Concurrent refinement times: Logged Cards Scan time goal: 20.00ms Logged Cards Scan time: 0.15ms HCC time: 0.00ms
[21.986s][trace][gc,ergo,refine] GC(142) Updating Refinement Zones: logged cards scan time: 0.153ms, processed cards: 210, goal time: 19.999ms
[21.986s][debug][gc,ergo,refine] GC(142) Updated Refinement Zones: green: 2560, yellow: 7680, red: 12800
[21.986s][info ][gc,phases     ] GC(142)   Pre Evacuate Collection Set: 0.6ms
[21.986s][info ][gc,phases     ] GC(142)   Merge Heap Roots: 0.3ms
[21.986s][info ][gc,phases     ] GC(142)   Evacuate Collection Set: 63.4ms
[21.986s][info ][gc,phases     ] GC(142)   Post Evacuate Collection Set: 40.3ms
[21.986s][info ][gc,phases     ] GC(142)   Other: 2.3ms
[21.986s][info ][gc,heap       ] GC(142) Eden regions: 178->0(162)
[21.986s][info ][gc,heap       ] GC(142) Survivor regions: 24->26(26)
[21.986s][info ][gc,heap       ] GC(142) Old regions: 411->491
[21.986s][info ][gc,heap       ] GC(142) Archive regions: 2->2
[21.986s][info ][gc,heap       ] GC(142) Humongous regions: 0->0
[21.986s][info ][gc,metaspace  ] GC(142) Metaspace: 557K(704K)->557K(704K) NonClass: 520K(576K)->520K(576K) Class: 37K(128K)->37K(128K)
[21.986s][debug][gc,heap       ] GC(142) Heap after GC invocations=143 (full 0):
[21.986s][debug][gc,heap       ] GC(142)  garbage-first heap   total 1048576K, used 529712K [0x00000000c0000000, 0x0000000100000000)
[21.986s][debug][gc,heap       ] GC(142)   region size 1024K, 26 young (26624K), 26 survivors (26624K)
[21.986s][debug][gc,heap       ] GC(142)  Metaspace       used 557K, committed 704K, reserved 1114112K
[21.986s][debug][gc,heap       ] GC(142)   class space    used 37K, committed 128K, reserved 1048576K
[21.986s][info ][gc            ] GC(142) Pause Young (Normal) (G1 Evacuation Pause) 612M->517M(1024M) 106.116ms
[21.986s][info ][gc,cpu        ] GC(142) User=0.50s Sys=0.03s Real=0.10s
[22.066s][debug][gc,heap       ] GC(143) Heap before GC invocations=143 (full 0):
[22.066s][debug][gc,heap       ] GC(143)  garbage-first heap   total 1048576K, used 694576K [0x00000000c0000000, 0x0000000100000000)
[22.066s][debug][gc,heap       ] GC(143)   region size 1024K, 188 young (192512K), 26 survivors (26624K)
[22.067s][debug][gc,heap       ] GC(143)  Metaspace       used 557K, committed 704K, reserved 1114112K
[22.067s][debug][gc,heap       ] GC(143)   class space    used 37K, committed 128K, reserved 1048576K
[22.068s][info ][gc,start      ] GC(143) Pause Young (Normal) (G1 Evacuation Pause)
[22.068s][info ][gc,task       ] GC(143) Using 10 workers of 10 for evacuation
[22.068s][trace][gc,ergo,cset  ] GC(143) Start choosing CSet. Pending cards: 208 target pause time: 200.00ms
[22.068s][trace][gc,ergo,cset  ] GC(143) Added young regions to CSet. Eden: 162 regions, Survivors: 26 regions, predicted eden time: 126.88ms, predicted base time: 38.74ms, target pause time: 200.00ms, remaining time: 34.38ms
[22.068s][debug][gc,ergo       ] GC(143) Running G1 Merge Heap Roots using 10 workers for 188 regions
[22.177s][debug][gc,ergo       ] GC(143) Running G1 Rebuild Free List Task using 10 workers for rebuilding free list of regions
[22.178s][debug][gc,ergo,heap  ] GC(143) Heap expansion: short term pause time ratio 55.70% long term pause time ratio 67.15% threshold 7.69% pause time ratio 7.69% fully expanded true resize by 0B
[22.178s][debug][gc,ergo,refine] GC(143) Concurrent refinement times: Logged Cards Scan time goal: 20.00ms Logged Cards Scan time: 0.26ms HCC time: 0.00ms
[22.178s][trace][gc,ergo,refine] GC(143) Updating Refinement Zones: logged cards scan time: 0.265ms, processed cards: 183, goal time: 19.999ms
[22.178s][debug][gc,ergo,refine] GC(143) Updated Refinement Zones: green: 2560, yellow: 7680, red: 12800
[22.178s][info ][gc,phases     ] GC(143)   Pre Evacuate Collection Set: 0.4ms
[22.178s][info ][gc,phases     ] GC(143)   Merge Heap Roots: 0.3ms
[22.178s][info ][gc,phases     ] GC(143)   Evacuate Collection Set: 62.3ms
[22.178s][info ][gc,phases     ] GC(143)   Post Evacuate Collection Set: 46.9ms
[22.178s][info ][gc,phases     ] GC(143)   Other: 2.0ms
[22.178s][info ][gc,heap       ] GC(143) Eden regions: 162->0(131)
[22.178s][info ][gc,heap       ] GC(143) Survivor regions: 26->24(24)
[22.178s][info ][gc,heap       ] GC(143) Old regions: 491->569
[22.178s][info ][gc,heap       ] GC(143) Archive regions: 2->2
[22.178s][info ][gc,heap       ] GC(143) Humongous regions: 0->0
[22.178s][info ][gc,metaspace  ] GC(143) Metaspace: 557K(704K)->557K(704K) NonClass: 520K(576K)->520K(576K) Class: 37K(128K)->37K(128K)
[22.179s][debug][gc,heap       ] GC(143) Heap after GC invocations=144 (full 0):
[22.179s][debug][gc,heap       ] GC(143)  garbage-first heap   total 1048576K, used 607280K [0x00000000c0000000, 0x0000000100000000)
[22.179s][debug][gc,heap       ] GC(143)   region size 1024K, 24 young (24576K), 24 survivors (24576K)
[22.179s][debug][gc,heap       ] GC(143)  Metaspace       used 557K, committed 704K, reserved 1114112K
[22.179s][debug][gc,heap       ] GC(143)   class space    used 37K, committed 128K, reserved 1048576K
[22.179s][info ][gc            ] GC(143) Pause Young (Normal) (G1 Evacuation Pause) 679M->593M(1024M) 111.305ms
[22.179s][info ][gc,cpu        ] GC(143) User=0.42s Sys=0.09s Real=0.11s
[22.258s][debug][gc,heap       ] GC(144) Heap before GC invocations=144 (full 0):
[22.258s][debug][gc,heap       ] GC(144)  garbage-first heap   total 1048576K, used 740400K [0x00000000c0000000, 0x0000000100000000)
[22.258s][debug][gc,heap       ] GC(144)   region size 1024K, 155 young (158720K), 24 survivors (24576K)
[22.258s][debug][gc,heap       ] GC(144)  Metaspace       used 557K, committed 704K, reserved 1114112K
[22.258s][debug][gc,heap       ] GC(144)   class space    used 37K, committed 128K, reserved 1048576K
[22.259s][info ][gc,start      ] GC(144) Pause Young (Normal) (G1 Evacuation Pause)
[22.259s][info ][gc,task       ] GC(144) Using 10 workers of 10 for evacuation
[22.259s][trace][gc,ergo,cset  ] GC(144) Start choosing CSet. Pending cards: 220 target pause time: 200.00ms
[22.259s][trace][gc,ergo,cset  ] GC(144) Added young regions to CSet. Eden: 131 regions, Survivors: 24 regions, predicted eden time: 101.00ms, predicted base time: 43.28ms, target pause time: 200.00ms, remaining time: 55.73ms
[22.260s][debug][gc,ergo       ] GC(144) Running G1 Merge Heap Roots using 10 workers for 155 regions
[22.354s][debug][gc,ergo       ] GC(144) Running G1 Rebuild Free List Task using 10 workers for rebuilding free list of regions
[22.356s][debug][gc,ergo,heap  ] GC(144) Heap expansion: short term pause time ratio 57.43% long term pause time ratio 65.58% threshold 7.69% pause time ratio 7.69% fully expanded true resize by 0B
[22.356s][debug][gc,ergo,refine] GC(144) Concurrent refinement times: Logged Cards Scan time goal: 20.00ms Logged Cards Scan time: 0.16ms HCC time: 0.00ms
[22.356s][trace][gc,ergo,refine] GC(144) Updating Refinement Zones: logged cards scan time: 0.158ms, processed cards: 195, goal time: 19.999ms
[22.356s][debug][gc,ergo,refine] GC(144) Updated Refinement Zones: green: 2560, yellow: 7680, red: 12800
[22.356s][info ][gc,phases     ] GC(144)   Pre Evacuate Collection Set: 0.4ms
[22.356s][info ][gc,phases     ] GC(144)   Merge Heap Roots: 0.3ms
[22.356s][info ][gc,phases     ] GC(144)   Evacuate Collection Set: 61.5ms
[22.356s][info ][gc,phases     ] GC(144)   Post Evacuate Collection Set: 33.5ms
[22.356s][info ][gc,phases     ] GC(144)   Other: 2.2ms
[22.356s][info ][gc,heap       ] GC(144) Eden regions: 131->0(99)
[22.356s][info ][gc,heap       ] GC(144) Survivor regions: 24->20(20)
[22.356s][info ][gc,heap       ] GC(144) Old regions: 569->642
[22.356s][info ][gc,heap       ] GC(144) Archive regions: 2->2
[22.356s][info ][gc,heap       ] GC(144) Humongous regions: 0->0
[22.356s][info ][gc,metaspace  ] GC(144) Metaspace: 557K(704K)->557K(704K) NonClass: 520K(576K)->520K(576K) Class: 37K(128K)->37K(128K)
[22.357s][debug][gc,heap       ] GC(144) Heap after GC invocations=145 (full 0):
[22.357s][debug][gc,heap       ] GC(144)  garbage-first heap   total 1048576K, used 678704K [0x00000000c0000000, 0x0000000100000000)
[22.357s][debug][gc,heap       ] GC(144)   region size 1024K, 20 young (20480K), 20 survivors (20480K)
[22.357s][debug][gc,heap       ] GC(144)  Metaspace       used 557K, committed 704K, reserved 1114112K
[22.357s][debug][gc,heap       ] GC(144)   class space    used 37K, committed 128K, reserved 1048576K
[22.357s][info ][gc            ] GC(144) Pause Young (Normal) (G1 Evacuation Pause) 723M->662M(1024M) 97.818ms
[22.357s][info ][gc,cpu        ] GC(144) User=0.43s Sys=0.01s Real=0.09s
[22.403s][debug][gc,heap       ] GC(145) Heap before GC invocations=145 (full 0):
[22.403s][debug][gc,heap       ] GC(145)  garbage-first heap   total 1048576K, used 779056K [0x00000000c0000000, 0x0000000100000000)
[22.403s][debug][gc,heap       ] GC(145)   region size 1024K, 119 young (121856K), 20 survivors (20480K)
[22.403s][debug][gc,heap       ] GC(145)  Metaspace       used 557K, committed 704K, reserved 1114112K
[22.403s][debug][gc,heap       ] GC(145)   class space    used 37K, committed 128K, reserved 1048576K
[22.403s][info ][gc,start      ] GC(145) Pause Young (Normal) (G1 Evacuation Pause)
[22.403s][info ][gc,task       ] GC(145) Using 10 workers of 10 for evacuation
[22.404s][trace][gc,ergo,cset  ] GC(145) Start choosing CSet. Pending cards: 218 target pause time: 200.00ms
[22.404s][trace][gc,ergo,cset  ] GC(145) Added young regions to CSet. Eden: 99 regions, Survivors: 20 regions, predicted eden time: 79.48ms, predicted base time: 41.21ms, target pause time: 200.00ms, remaining time: 79.31ms
[22.404s][debug][gc,ergo       ] GC(145) Running G1 Merge Heap Roots using 10 workers for 119 regions
[22.485s][debug][gc,ergo       ] GC(145) Running G1 Rebuild Free List Task using 10 workers for rebuilding free list of regions
[22.486s][debug][gc,ergo,heap  ] GC(145) Heap expansion: short term pause time ratio 54.28% long term pause time ratio 63.95% threshold 7.69% pause time ratio 7.69% fully expanded true resize by 0B
[22.486s][debug][gc,ergo,refine] GC(145) Concurrent refinement times: Logged Cards Scan time goal: 20.00ms Logged Cards Scan time: 0.17ms HCC time: 0.00ms
[22.486s][trace][gc,ergo,refine] GC(145) Updating Refinement Zones: logged cards scan time: 0.169ms, processed cards: 193, goal time: 19.999ms
[22.486s][debug][gc,ergo,refine] GC(145) Updated Refinement Zones: green: 2560, yellow: 7680, red: 12800
[22.486s][info ][gc,phases     ] GC(145)   Pre Evacuate Collection Set: 0.4ms
[22.486s][info ][gc,phases     ] GC(145)   Merge Heap Roots: 0.3ms
[22.486s][info ][gc,phases     ] GC(145)   Evacuate Collection Set: 57.6ms
[22.486s][info ][gc,phases     ] GC(145)   Post Evacuate Collection Set: 23.2ms
[22.486s][info ][gc,phases     ] GC(145)   Other: 1.9ms
[22.486s][info ][gc,heap       ] GC(145) Eden regions: 99->0(66)
[22.486s][info ][gc,heap       ] GC(145) Survivor regions: 20->15(15)
[22.486s][info ][gc,heap       ] GC(145) Old regions: 642->715
[22.486s][info ][gc,heap       ] GC(145) Archive regions: 2->2
[22.486s][info ][gc,heap       ] GC(145) Humongous regions: 0->0
[22.486s][info ][gc,metaspace  ] GC(145) Metaspace: 557K(704K)->557K(704K) NonClass: 520K(576K)->520K(576K) Class: 37K(128K)->37K(128K)
[22.486s][debug][gc,heap       ] GC(145) Heap after GC invocations=146 (full 0):
[22.487s][debug][gc,heap       ] GC(145)  garbage-first heap   total 1048576K, used 747824K [0x00000000c0000000, 0x0000000100000000)
[22.487s][debug][gc,heap       ] GC(145)   region size 1024K, 15 young (15360K), 15 survivors (15360K)
[22.487s][debug][gc,heap       ] GC(145)  Metaspace       used 557K, committed 704K, reserved 1114112K
[22.487s][debug][gc,heap       ] GC(145)   class space    used 37K, committed 128K, reserved 1048576K
[22.487s][info ][gc            ] GC(145) Pause Young (Normal) (G1 Evacuation Pause) 761M->730M(1024M) 83.138ms
[22.487s][info ][gc,cpu        ] GC(145) User=0.28s Sys=0.03s Real=0.08s
[22.520s][debug][gc,heap       ] GC(146) Heap before GC invocations=146 (full 0):
[22.520s][debug][gc,heap       ] GC(146)  garbage-first heap   total 1048576K, used 814384K [0x00000000c0000000, 0x0000000100000000)
[22.520s][debug][gc,heap       ] GC(146)   region size 1024K, 81 young (82944K), 15 survivors (15360K)
[22.520s][debug][gc,heap       ] GC(146)  Metaspace       used 557K, committed 704K, reserved 1114112K
[22.520s][debug][gc,heap       ] GC(146)   class space    used 37K, committed 128K, reserved 1048576K
[22.521s][info ][gc,start      ] GC(146) Pause Young (Normal) (G1 Evacuation Pause)
[22.521s][info ][gc,task       ] GC(146) Using 10 workers of 10 for evacuation
[22.522s][trace][gc,ergo,cset  ] GC(146) Start choosing CSet. Pending cards: 245 target pause time: 200.00ms
[22.522s][trace][gc,ergo,cset  ] GC(146) Added young regions to CSet. Eden: 66 regions, Survivors: 15 regions, predicted eden time: 58.65ms, predicted base time: 37.60ms, target pause time: 200.00ms, remaining time: 103.75ms
[22.522s][debug][gc,ergo       ] GC(146) Running G1 Merge Heap Roots using 10 workers for 81 regions
[22.583s][debug][gc,ergo       ] GC(146) Running G1 Rebuild Free List Task using 10 workers for rebuilding free list of regions
[22.584s][debug][gc,ergo,heap  ] GC(146) Heap expansion: short term pause time ratio 63.24% long term pause time ratio 63.32% threshold 7.69% pause time ratio 7.69% fully expanded true resize by 0B
[22.584s][debug][gc,ergo,refine] GC(146) Concurrent refinement times: Logged Cards Scan time goal: 20.00ms Logged Cards Scan time: 0.17ms HCC time: 0.00ms
[22.584s][trace][gc,ergo,refine] GC(146) Updating Refinement Zones: logged cards scan time: 0.174ms, processed cards: 220, goal time: 19.999ms
[22.584s][debug][gc,ergo,refine] GC(146) Updated Refinement Zones: green: 2560, yellow: 7680, red: 12800
[22.584s][info ][gc,phases     ] GC(146)   Pre Evacuate Collection Set: 0.5ms
[22.584s][info ][gc,phases     ] GC(146)   Merge Heap Roots: 0.3ms
[22.584s][info ][gc,phases     ] GC(146)   Evacuate Collection Set: 42.9ms
[22.584s][info ][gc,phases     ] GC(146)   Post Evacuate Collection Set: 18.1ms
[22.584s][info ][gc,phases     ] GC(146)   Other: 2.1ms
[22.584s][info ][gc,heap       ] GC(146) Eden regions: 66->0(45)
[22.584s][info ][gc,heap       ] GC(146) Survivor regions: 15->11(11)
[22.584s][info ][gc,heap       ] GC(146) Old regions: 715->774
[22.584s][info ][gc,heap       ] GC(146) Archive regions: 2->2
[22.584s][info ][gc,heap       ] GC(146) Humongous regions: 0->0
[22.584s][info ][gc,metaspace  ] GC(146) Metaspace: 557K(704K)->557K(704K) NonClass: 520K(576K)->520K(576K) Class: 37K(128K)->37K(128K)
[22.584s][debug][gc,heap       ] GC(146) Heap after GC invocations=147 (full 0):
[22.584s][debug][gc,heap       ] GC(146)  garbage-first heap   total 1048576K, used 804016K [0x00000000c0000000, 0x0000000100000000)
[22.584s][debug][gc,heap       ] GC(146)   region size 1024K, 11 young (11264K), 11 survivors (11264K)
[22.584s][debug][gc,heap       ] GC(146)  Metaspace       used 557K, committed 704K, reserved 1114112K
[22.584s][debug][gc,heap       ] GC(146)   class space    used 37K, committed 128K, reserved 1048576K
[22.584s][info ][gc            ] GC(146) Pause Young (Normal) (G1 Evacuation Pause) 796M->785M(1024M) 63.190ms
[22.585s][info ][gc,cpu        ] GC(146) User=0.23s Sys=0.04s Real=0.06s
[22.602s][debug][gc,heap       ] GC(147) Heap before GC invocations=147 (full 0):
[22.602s][debug][gc,heap       ] GC(147)  garbage-first heap   total 1048576K, used 849072K [0x00000000c0000000, 0x0000000100000000)
[22.602s][debug][gc,heap       ] GC(147)   region size 1024K, 56 young (57344K), 11 survivors (11264K)
[22.602s][debug][gc,heap       ] GC(147)  Metaspace       used 557K, committed 704K, reserved 1114112K
[22.602s][debug][gc,heap       ] GC(147)   class space    used 37K, committed 128K, reserved 1048576K
[22.603s][info ][gc,start      ] GC(147) Pause Young (Normal) (G1 Evacuation Pause)
[22.603s][info ][gc,task       ] GC(147) Using 10 workers of 10 for evacuation
[22.603s][trace][gc,ergo,cset  ] GC(147) Start choosing CSet. Pending cards: 268 target pause time: 200.00ms
[22.603s][trace][gc,ergo,cset  ] GC(147) Added young regions to CSet. Eden: 45 regions, Survivors: 11 regions, predicted eden time: 41.21ms, predicted base time: 33.72ms, target pause time: 200.00ms, remaining time: 125.07ms
[22.604s][debug][gc,ergo       ] GC(147) Running G1 Merge Heap Roots using 10 workers for 56 regions
[22.654s][debug][gc,ergo       ] GC(147) Running G1 Rebuild Free List Task using 10 workers for rebuilding free list of regions
[22.656s][debug][gc,ergo,heap  ] GC(147) Heap expansion: short term pause time ratio 63.65% long term pause time ratio 58.91% threshold 7.69% pause time ratio 7.69% fully expanded true resize by 0B
[22.656s][debug][gc,ergo,ihop  ] GC(147) Request concurrent cycle initiation (occupancy higher than threshold) occupancy: 861929472B allocation request: 0B threshold: 853595550B (79.50) source: end of GC
[22.656s][debug][gc,ergo,refine] GC(147) Concurrent refinement times: Logged Cards Scan time goal: 20.00ms Logged Cards Scan time: 0.20ms HCC time: 0.00ms
[22.656s][trace][gc,ergo,refine] GC(147) Updating Refinement Zones: logged cards scan time: 0.201ms, processed cards: 251, goal time: 19.999ms
[22.656s][debug][gc,ergo,refine] GC(147) Updated Refinement Zones: green: 2560, yellow: 7680, red: 12800
[22.656s][info ][gc,phases     ] GC(147)   Pre Evacuate Collection Set: 0.4ms
[22.656s][info ][gc,phases     ] GC(147)   Merge Heap Roots: 0.3ms
[22.656s][info ][gc,phases     ] GC(147)   Evacuate Collection Set: 31.1ms
[22.656s][info ][gc,phases     ] GC(147)   Post Evacuate Collection Set: 20.0ms
[22.656s][info ][gc,phases     ] GC(147)   Other: 1.9ms
[22.656s][info ][gc,heap       ] GC(147) Eden regions: 45->0(44)
[22.656s][info ][gc,heap       ] GC(147) Survivor regions: 11->7(7)
[22.656s][info ][gc,heap       ] GC(147) Old regions: 774->820
[22.656s][info ][gc,heap       ] GC(147) Archive regions: 2->2
[22.656s][info ][gc,heap       ] GC(147) Humongous regions: 0->0
[22.656s][info ][gc,metaspace  ] GC(147) Metaspace: 557K(704K)->557K(704K) NonClass: 520K(576K)->520K(576K) Class: 37K(128K)->37K(128K)
[22.657s][debug][gc,heap       ] GC(147) Heap after GC invocations=148 (full 0):
[22.657s][debug][gc,heap       ] GC(147)  garbage-first heap   total 1048576K, used 847666K [0x00000000c0000000, 0x0000000100000000)
[22.657s][debug][gc,heap       ] GC(147)   region size 1024K, 7 young (7168K), 7 survivors (7168K)
[22.657s][debug][gc,heap       ] GC(147)  Metaspace       used 557K, committed 704K, reserved 1114112K
[22.657s][debug][gc,heap       ] GC(147)   class space    used 37K, committed 128K, reserved 1048576K
[22.657s][info ][gc            ] GC(147) Pause Young (Normal) (G1 Evacuation Pause) 830M->827M(1024M) 53.937ms
[22.657s][info ][gc,cpu        ] GC(147) User=0.18s Sys=0.01s Real=0.05s
[22.669s][debug][gc,heap       ] GC(148) Heap before GC invocations=148 (full 0):
[22.669s][debug][gc,heap       ] GC(148)  garbage-first heap   total 1048576K, used 891698K [0x00000000c0000000, 0x0000000100000000)
[22.669s][debug][gc,heap       ] GC(148)   region size 1024K, 51 young (52224K), 7 survivors (7168K)
[22.669s][debug][gc,heap       ] GC(148)  Metaspace       used 557K, committed 704K, reserved 1114112K
[22.669s][debug][gc,heap       ] GC(148)   class space    used 37K, committed 128K, reserved 1048576K
[22.670s][debug][gc,ergo       ] GC(148) Initiate concurrent cycle (concurrent cycle initiation requested)
[22.670s][info ][gc,start      ] GC(148) Pause Young (Concurrent Start) (G1 Evacuation Pause)
[22.670s][info ][gc,task       ] GC(148) Using 10 workers of 10 for evacuation
[22.670s][trace][gc,ergo,cset  ] GC(148) Start choosing CSet. Pending cards: 280 target pause time: 200.00ms
[22.670s][trace][gc,ergo,cset  ] GC(148) Added young regions to CSet. Eden: 44 regions, Survivors: 7 regions, predicted eden time: 38.88ms, predicted base time: 30.81ms, target pause time: 200.00ms, remaining time: 130.31ms
[22.671s][debug][gc,ergo       ] GC(148) Running G1 Merge Heap Roots using 10 workers for 51 regions
[22.714s][debug][gc,ergo       ] GC(148) Running G1 Rebuild Free List Task using 10 workers for rebuilding free list of regions
[22.715s][debug][gc,ergo,heap  ] GC(148) Heap expansion: short term pause time ratio 73.05% long term pause time ratio 59.86% threshold 7.69% pause time ratio 7.69% fully expanded true resize by 0B
[22.715s][debug][gc,ergo,refine] GC(148) Concurrent refinement times: Logged Cards Scan time goal: 20.00ms Logged Cards Scan time: 0.47ms HCC time: 0.00ms
[22.715s][trace][gc,ergo,refine] GC(148) Updating Refinement Zones: logged cards scan time: 0.469ms, processed cards: 263, goal time: 19.999ms
[22.715s][debug][gc,ergo,refine] GC(148) Updated Refinement Zones: green: 2560, yellow: 7680, red: 12800
[22.715s][info ][gc,phases     ] GC(148)   Pre Evacuate Collection Set: 0.5ms
[22.715s][info ][gc,phases     ] GC(148)   Merge Heap Roots: 0.3ms
[22.715s][info ][gc,phases     ] GC(148)   Evacuate Collection Set: 29.5ms
[22.715s][info ][gc,phases     ] GC(148)   Post Evacuate Collection Set: 13.7ms
[22.715s][info ][gc,phases     ] GC(148)   Other: 2.0ms
[22.715s][info ][gc,heap       ] GC(148) Eden regions: 44->0(44)
[22.715s][info ][gc,heap       ] GC(148) Survivor regions: 7->7(7)
[22.715s][info ][gc,heap       ] GC(148) Old regions: 820->864
[22.715s][info ][gc,heap       ] GC(148) Archive regions: 2->2
[22.715s][info ][gc,heap       ] GC(148) Humongous regions: 0->0
[22.715s][info ][gc,metaspace  ] GC(148) Metaspace: 557K(704K)->557K(704K) NonClass: 520K(576K)->520K(576K) Class: 37K(128K)->37K(128K)
[22.716s][debug][gc,heap       ] GC(148) Heap after GC invocations=149 (full 0):
[22.716s][debug][gc,heap       ] GC(148)  garbage-first heap   total 1048576K, used 892080K [0x00000000c0000000, 0x0000000100000000)
[22.716s][debug][gc,heap       ] GC(148)   region size 1024K, 7 young (7168K), 7 survivors (7168K)
[22.716s][debug][gc,heap       ] GC(148)  Metaspace       used 557K, committed 704K, reserved 1114112K
[22.716s][debug][gc,heap       ] GC(148)   class space    used 37K, committed 128K, reserved 1048576K
[22.716s][info ][gc            ] GC(148) Pause Young (Concurrent Start) (G1 Evacuation Pause) 871M->871M(1024M) 45.739ms
[22.716s][info ][gc,cpu        ] GC(148) User=0.15s Sys=0.01s Real=0.04s
[22.716s][info ][gc            ] GC(149) Concurrent Mark Cycle
[22.716s][info ][gc,marking    ] GC(149) Concurrent Clear Claimed Marks
[22.716s][info ][gc,marking    ] GC(149) Concurrent Clear Claimed Marks 0.019ms
[22.716s][info ][gc,marking    ] GC(149) Concurrent Scan Root Regions
[22.716s][debug][gc,ergo       ] GC(149) Running G1 Root Region Scan using 3 workers for 52 work units.
[22.717s][info ][gc,marking    ] GC(149) Concurrent Scan Root Regions 0.869ms
[22.717s][info ][gc,marking    ] GC(149) Concurrent Mark
[22.717s][info ][gc,marking    ] GC(149) Concurrent Mark From Roots
[22.717s][info ][gc,task       ] GC(149) Using 3 workers of 3 for marking
[22.729s][debug][gc,heap       ] GC(150) Heap before GC invocations=149 (full 0):
[22.729s][debug][gc,heap       ] GC(150)  garbage-first heap   total 1048576K, used 936112K [0x00000000c0000000, 0x0000000100000000)
[22.729s][debug][gc,heap       ] GC(150)   region size 1024K, 51 young (52224K), 7 survivors (7168K)
[22.729s][debug][gc,heap       ] GC(150)  Metaspace       used 557K, committed 704K, reserved 1114112K
[22.729s][debug][gc,heap       ] GC(150)   class space    used 37K, committed 128K, reserved 1048576K
[22.730s][info ][gc,start      ] GC(150) Pause Young (Normal) (G1 Evacuation Pause)
[22.730s][info ][gc,task       ] GC(150) Using 10 workers of 10 for evacuation
[22.730s][trace][gc,ergo,cset  ] GC(150) Start choosing CSet. Pending cards: 279 target pause time: 200.00ms
[22.730s][trace][gc,ergo,cset  ] GC(150) Added young regions to CSet. Eden: 44 regions, Survivors: 7 regions, predicted eden time: 44.76ms, predicted base time: 27.41ms, target pause time: 200.00ms, remaining time: 127.84ms
[22.731s][debug][gc,ergo       ] GC(150) Running G1 Merge Heap Roots using 10 workers for 51 regions
[22.771s][debug][gc,ergo       ] GC(150) Running G1 Rebuild Free List Task using 10 workers for rebuilding free list of regions
[22.771s][debug][gc,ergo,heap  ] GC(150) Heap expansion: short term pause time ratio 75.55% long term pause time ratio 59.92% threshold 7.69% pause time ratio 7.69% fully expanded true resize by 0B
[22.771s][debug][gc,ergo,refine] GC(150) Concurrent refinement times: Logged Cards Scan time goal: 20.00ms Logged Cards Scan time: 0.22ms HCC time: 0.00ms
[22.771s][trace][gc,ergo,refine] GC(150) Updating Refinement Zones: logged cards scan time: 0.218ms, processed cards: 262, goal time: 19.999ms
[22.771s][debug][gc,ergo,refine] GC(150) Updated Refinement Zones: green: 2560, yellow: 7680, red: 12800
[22.771s][info ][gc,phases     ] GC(150)   Pre Evacuate Collection Set: 0.4ms
[22.771s][info ][gc,phases     ] GC(150)   Merge Heap Roots: 0.3ms
[22.771s][info ][gc,phases     ] GC(150)   Evacuate Collection Set: 29.9ms
[22.771s][info ][gc,phases     ] GC(150)   Post Evacuate Collection Set: 9.7ms
[22.771s][info ][gc,phases     ] GC(150)   Other: 1.9ms
[22.771s][info ][gc,heap       ] GC(150) Eden regions: 44->0(44)
[22.772s][info ][gc,heap       ] GC(150) Survivor regions: 7->7(7)
[22.772s][info ][gc,heap       ] GC(150) Old regions: 864->907
[22.772s][info ][gc,heap       ] GC(150) Archive regions: 2->2
[22.772s][info ][gc,heap       ] GC(150) Humongous regions: 0->0
[22.772s][info ][gc,metaspace  ] GC(150) Metaspace: 557K(704K)->557K(704K) NonClass: 520K(576K)->520K(576K) Class: 37K(128K)->37K(128K)
[22.772s][debug][gc,heap       ] GC(150) Heap after GC invocations=150 (full 0):
[22.772s][debug][gc,heap       ] GC(150)  garbage-first heap   total 1048576K, used 935984K [0x00000000c0000000, 0x0000000100000000)
[22.772s][debug][gc,heap       ] GC(150)   region size 1024K, 7 young (7168K), 7 survivors (7168K)
[22.772s][debug][gc,heap       ] GC(150)  Metaspace       used 557K, committed 704K, reserved 1114112K
[22.772s][debug][gc,heap       ] GC(150)   class space    used 37K, committed 128K, reserved 1048576K
[22.772s][info ][gc            ] GC(150) Pause Young (Normal) (G1 Evacuation Pause) 915M->914M(1024M) 41.806ms
[22.772s][info ][gc,cpu        ] GC(150) User=0.14s Sys=0.02s Real=0.04s
[22.776s][info ][gc,marking    ] GC(149) Concurrent Mark From Roots 58.938ms
[22.776s][info ][gc,marking    ] GC(149) Concurrent Preclean
[22.776s][info ][gc,marking    ] GC(149) Concurrent Preclean 0.122ms
[22.776s][info ][gc,start      ] GC(149) Pause Remark
[22.781s][debug][gc,ergo       ] GC(149) Running G1 Update RemSet Tracking Before Rebuild using 3 workers for 1024 regions in heap
[22.923s][info ][gc            ] GC(149) Pause Remark 926M->199M(1024M) 147.005ms
[22.923s][info ][gc,cpu        ] GC(149) User=1.33s Sys=0.07s Real=0.15s
[22.924s][info ][gc,marking    ] GC(149) Concurrent Mark 206.619ms
[22.924s][info ][gc,marking    ] GC(149) Concurrent Rebuild Remembered Sets
[22.928s][info ][gc,marking    ] GC(149) Concurrent Rebuild Remembered Sets 4.460ms
[22.928s][info ][gc,start      ] GC(149) Pause Cleanup
[22.929s][debug][gc,ergo,cset  ] GC(149) Pruned 60 regions out of 75, leaving 53118488 bytes waste (allowed 53687091)
[22.930s][info ][gc            ] GC(149) Pause Cleanup 217M->217M(1024M) 1.151ms
[22.930s][info ][gc,cpu        ] GC(149) User=0.00s Sys=0.00s Real=0.01s
[22.930s][info ][gc,marking    ] GC(149) Concurrent Cleanup for Next Mark
[22.930s][debug][gc,ergo       ] GC(149) Running G1 Clear Bitmap with 3 workers for 16 work units.
[22.933s][info ][gc,marking    ] GC(149) Concurrent Cleanup for Next Mark 2.808ms
[22.933s][info ][gc            ] GC(149) Concurrent Mark Cycle 216.774ms
[22.937s][debug][gc,heap       ] GC(151) Heap before GC invocations=151 (full 0):
[22.937s][debug][gc,heap       ] GC(151)  garbage-first heap   total 1048576K, used 235568K [0x00000000c0000000, 0x0000000100000000)
[22.937s][debug][gc,heap       ] GC(151)   region size 1024K, 51 young (52224K), 7 survivors (7168K)
[22.937s][debug][gc,heap       ] GC(151)  Metaspace       used 557K, committed 704K, reserved 1114112K
[22.937s][debug][gc,heap       ] GC(151)   class space    used 37K, committed 128K, reserved 1048576K
[22.938s][info ][gc,start      ] GC(151) Pause Young (Prepare Mixed) (G1 Evacuation Pause)
[22.938s][info ][gc,task       ] GC(151) Using 10 workers of 10 for evacuation
[22.938s][trace][gc,ergo,cset  ] GC(151) Start choosing CSet. Pending cards: 278 target pause time: 200.00ms
[22.938s][trace][gc,ergo,cset  ] GC(151) Added young regions to CSet. Eden: 44 regions, Survivors: 7 regions, predicted eden time: 37.29ms, predicted base time: 23.89ms, target pause time: 200.00ms, remaining time: 138.83ms
[22.939s][debug][gc,ergo       ] GC(151) Running G1 Merge Heap Roots using 10 workers for 51 regions
[22.991s][debug][gc,ergo       ] GC(151) Running G1 Rebuild Free List Task using 10 workers for rebuilding free list of regions
[22.991s][debug][gc,ergo,heap  ] GC(151) Heap expansion: short term pause time ratio 16.91% long term pause time ratio 65.59% threshold 7.69% pause time ratio 7.69% fully expanded true resize by 0B
[22.992s][debug][gc,ergo,refine] GC(151) Concurrent refinement times: Logged Cards Scan time goal: 20.00ms Logged Cards Scan time: 0.19ms HCC time: 0.00ms
[22.992s][trace][gc,ergo,refine] GC(151) Updating Refinement Zones: logged cards scan time: 0.194ms, processed cards: 253, goal time: 19.999ms
[22.992s][debug][gc,ergo,refine] GC(151) Updated Refinement Zones: green: 2560, yellow: 7680, red: 12800
[22.992s][info ][gc,phases     ] GC(151)   Pre Evacuate Collection Set: 0.4ms
[22.992s][info ][gc,phases     ] GC(151)   Merge Heap Roots: 0.3ms
[22.992s][info ][gc,phases     ] GC(151)   Evacuate Collection Set: 41.1ms
[22.992s][info ][gc,phases     ] GC(151)   Post Evacuate Collection Set: 11.3ms
[22.992s][info ][gc,phases     ] GC(151)   Other: 1.4ms
[22.992s][info ][gc,heap       ] GC(151) Eden regions: 44->0(44)
[22.992s][info ][gc,heap       ] GC(151) Survivor regions: 7->7(7)
[22.992s][info ][gc,heap       ] GC(151) Old regions: 180->223
[22.992s][info ][gc,heap       ] GC(151) Archive regions: 2->2
[22.992s][info ][gc,heap       ] GC(151) Humongous regions: 0->0
[22.992s][info ][gc,metaspace  ] GC(151) Metaspace: 557K(704K)->557K(704K) NonClass: 520K(576K)->520K(576K) Class: 37K(128K)->37K(128K)
[22.992s][debug][gc,heap       ] GC(151) Heap after GC invocations=152 (full 0):
[22.992s][debug][gc,heap       ] GC(151)  garbage-first heap   total 1048576K, used 235568K [0x00000000c0000000, 0x0000000100000000)
[22.992s][debug][gc,heap       ] GC(151)   region size 1024K, 7 young (7168K), 7 survivors (7168K)
[22.992s][debug][gc,heap       ] GC(151)  Metaspace       used 557K, committed 704K, reserved 1114112K
[22.992s][debug][gc,heap       ] GC(151)   class space    used 37K, committed 128K, reserved 1048576K
[22.992s][info ][gc            ] GC(151) Pause Young (Prepare Mixed) (G1 Evacuation Pause) 230M->230M(1024M) 54.345ms
[22.992s][info ][gc,cpu        ] GC(151) User=0.12s Sys=0.03s Real=0.06s
[23.024s][debug][gc,heap       ] GC(152) Heap before GC invocations=152 (full 0):
[23.024s][debug][gc,heap       ] GC(152)  garbage-first heap   total 1048576K, used 279600K [0x00000000c0000000, 0x0000000100000000)
[23.024s][debug][gc,heap       ] GC(152)   region size 1024K, 51 young (52224K), 7 survivors (7168K)
[23.024s][debug][gc,heap       ] GC(152)  Metaspace       used 557K, committed 704K, reserved 1114112K
[23.024s][debug][gc,heap       ] GC(152)   class space    used 37K, committed 128K, reserved 1048576K
[23.024s][info ][gc,start      ] GC(152) Pause Young (Mixed) (G1 Evacuation Pause)
[23.024s][info ][gc,task       ] GC(152) Using 10 workers of 10 for evacuation
[23.024s][trace][gc,ergo,cset  ] GC(152) Start choosing CSet. Pending cards: 292 target pause time: 200.00ms
[23.024s][trace][gc,ergo,cset  ] GC(152) Added young regions to CSet. Eden: 44 regions, Survivors: 7 regions, predicted eden time: 39.69ms, predicted base time: 21.22ms, target pause time: 200.00ms, remaining time: 139.09ms
[23.024s][debug][gc,ergo,cset  ] GC(152) Start adding old regions to collection set. Min 3 regions, max 103 regions, time remaining 139.09ms, optional threshold 27.82ms
[23.025s][debug][gc,ergo,cset  ] GC(152) Old candidate collection set empty.
[23.025s][debug][gc,ergo,cset  ] GC(152) Finish choosing collection set old regions. Initial: 15, optional: 0, predicted old time: 0.00ms, predicted optional time: 0.00ms, time remaining: 128.06
[23.025s][debug][gc,ergo       ] GC(152) Running G1 Merge Heap Roots using 10 workers for 66 regions
[23.086s][debug][gc,ergo       ] GC(152) Running G1 Rebuild Free List Task using 10 workers for rebuilding free list of regions
[23.087s][debug][gc,ergo,heap  ] GC(152) Heap expansion: short term pause time ratio 86.33% long term pause time ratio 68.73% threshold 7.69% pause time ratio 7.69% fully expanded true resize by 0B
[23.087s][debug][gc,ergo       ] GC(152) do not continue mixed GCs (candidate old regions not available)
[23.087s][debug][gc,ergo,refine] GC(152) Concurrent refinement times: Logged Cards Scan time goal: 20.00ms Logged Cards Scan time: 0.22ms HCC time: 0.00ms
[23.087s][trace][gc,ergo,refine] GC(152) Updating Refinement Zones: logged cards scan time: 0.219ms, processed cards: 266, goal time: 19.999ms
[23.087s][debug][gc,ergo,refine] GC(152) Updated Refinement Zones: green: 2560, yellow: 7680, red: 12800
[23.087s][info ][gc,phases     ] GC(152)   Pre Evacuate Collection Set: 0.4ms
[23.087s][info ][gc,phases     ] GC(152)   Merge Heap Roots: 0.3ms
[23.087s][info ][gc,phases     ] GC(152)   Evacuate Collection Set: 39.2ms
[23.087s][info ][gc,phases     ] GC(152)   Post Evacuate Collection Set: 21.7ms
[23.087s][info ][gc,phases     ] GC(152)   Other: 1.5ms
[23.087s][info ][gc,heap       ] GC(152) Eden regions: 44->0(192)
[23.087s][info ][gc,heap       ] GC(152) Survivor regions: 7->7(7)
[23.087s][info ][gc,heap       ] GC(152) Old regions: 223->250
[23.087s][info ][gc,heap       ] GC(152) Archive regions: 2->2
[23.087s][info ][gc,heap       ] GC(152) Humongous regions: 0->0
[23.087s][info ][gc,metaspace  ] GC(152) Metaspace: 557K(704K)->557K(704K) NonClass: 520K(576K)->520K(576K) Class: 37K(128K)->37K(128K)
[23.087s][debug][gc,heap       ] GC(152) Heap after GC invocations=153 (full 0):
[23.087s][debug][gc,heap       ] GC(152)  garbage-first heap   total 1048576K, used 263216K [0x00000000c0000000, 0x0000000100000000)
[23.087s][debug][gc,heap       ] GC(152)   region size 1024K, 7 young (7168K), 7 survivors (7168K)
[23.087s][debug][gc,heap       ] GC(152)  Metaspace       used 557K, committed 704K, reserved 1114112K
[23.087s][debug][gc,heap       ] GC(152)   class space    used 37K, committed 128K, reserved 1048576K
[23.087s][info ][gc            ] GC(152) Pause Young (Mixed) (G1 Evacuation Pause) 273M->257M(1024M) 63.074ms
[23.087s][info ][gc,cpu        ] GC(152) User=0.21s Sys=0.04s Real=0.06s
[23.168s][debug][gc,heap       ] GC(153) Heap before GC invocations=153 (full 0):
[23.168s][debug][gc,heap       ] GC(153)  garbage-first heap   total 1048576K, used 458800K [0x00000000c0000000, 0x0000000100000000)
[23.168s][debug][gc,heap       ] GC(153)   region size 1024K, 199 young (203776K), 7 survivors (7168K)
[23.168s][debug][gc,heap       ] GC(153)  Metaspace       used 557K, committed 704K, reserved 1114112K
[23.168s][debug][gc,heap       ] GC(153)   class space    used 37K, committed 128K, reserved 1048576K
[23.169s][info ][gc,start      ] GC(153) Pause Young (Normal) (G1 Evacuation Pause)
[23.169s][info ][gc,task       ] GC(153) Using 10 workers of 10 for evacuation
[23.170s][trace][gc,ergo,cset  ] GC(153) Start choosing CSet. Pending cards: 274 target pause time: 200.00ms
[23.170s][trace][gc,ergo,cset  ] GC(153) Added young regions to CSet. Eden: 192 regions, Survivors: 7 regions, predicted eden time: 172.20ms, predicted base time: 22.32ms, target pause time: 200.00ms, remaining time: 5.48ms
[23.170s][debug][gc,ergo       ] GC(153) Running G1 Merge Heap Roots using 10 workers for 199 regions
[23.292s][debug][gc,ergo       ] GC(153) Running G1 Rebuild Free List Task using 10 workers for rebuilding free list of regions
[23.295s][debug][gc,ergo,heap  ] GC(153) Heap expansion: short term pause time ratio 65.48% long term pause time ratio 70.78% threshold 7.69% pause time ratio 7.69% fully expanded true resize by 0B
[23.295s][debug][gc,ergo,refine] GC(153) Concurrent refinement times: Logged Cards Scan time goal: 20.00ms Logged Cards Scan time: 0.20ms HCC time: 0.00ms
[23.295s][trace][gc,ergo,refine] GC(153) Updating Refinement Zones: logged cards scan time: 0.200ms, processed cards: 241, goal time: 19.999ms
[23.295s][debug][gc,ergo,refine] GC(153) Updated Refinement Zones: green: 2560, yellow: 7680, red: 12800
[23.295s][info ][gc,phases     ] GC(153)   Pre Evacuate Collection Set: 0.4ms
[23.295s][info ][gc,phases     ] GC(153)   Merge Heap Roots: 0.3ms
[23.295s][info ][gc,phases     ] GC(153)   Evacuate Collection Set: 72.7ms
[23.295s][info ][gc,phases     ] GC(153)   Post Evacuate Collection Set: 51.4ms
[23.295s][info ][gc,phases     ] GC(153)   Other: 2.5ms
[23.295s][info ][gc,heap       ] GC(153) Eden regions: 192->0(173)
[23.295s][info ][gc,heap       ] GC(153) Survivor regions: 7->25(25)
[23.295s][info ][gc,heap       ] GC(153) Old regions: 250->333
[23.295s][info ][gc,heap       ] GC(153) Archive regions: 2->2
[23.295s][info ][gc,heap       ] GC(153) Humongous regions: 0->0
[23.295s][info ][gc,metaspace  ] GC(153) Metaspace: 557K(704K)->557K(704K) NonClass: 520K(576K)->520K(576K) Class: 37K(128K)->37K(128K)
[23.296s][debug][gc,heap       ] GC(153) Heap after GC invocations=154 (full 0):
[23.296s][debug][gc,heap       ] GC(153)  garbage-first heap   total 1048576K, used 367024K [0x00000000c0000000, 0x0000000100000000)
[23.296s][debug][gc,heap       ] GC(153)   region size 1024K, 25 young (25600K), 25 survivors (25600K)
[23.296s][debug][gc,heap       ] GC(153)  Metaspace       used 557K, committed 704K, reserved 1114112K
[23.296s][debug][gc,heap       ] GC(153)   class space    used 37K, committed 128K, reserved 1048576K
[23.296s][info ][gc            ] GC(153) Pause Young (Normal) (G1 Evacuation Pause) 448M->358M(1024M) 126.377ms
[23.296s][info ][gc,cpu        ] GC(153) User=0.54s Sys=0.04s Real=0.12s
[23.373s][debug][gc,heap       ] GC(154) Heap before GC invocations=154 (full 0):
[23.373s][debug][gc,heap       ] GC(154)  garbage-first heap   total 1048576K, used 543152K [0x00000000c0000000, 0x0000000100000000)
[23.373s][debug][gc,heap       ] GC(154)   region size 1024K, 198 young (202752K), 25 survivors (25600K)
[23.373s][debug][gc,heap       ] GC(154)  Metaspace       used 557K, committed 704K, reserved 1114112K
[23.373s][debug][gc,heap       ] GC(154)   class space    used 37K, committed 128K, reserved 1048576K
[23.374s][info ][gc,start      ] GC(154) Pause Young (Normal) (G1 Evacuation Pause)
[23.374s][info ][gc,task       ] GC(154) Using 10 workers of 10 for evacuation
[23.375s][trace][gc,ergo,cset  ] GC(154) Start choosing CSet. Pending cards: 226 target pause time: 200.00ms
[23.375s][trace][gc,ergo,cset  ] GC(154) Added young regions to CSet. Eden: 173 regions, Survivors: 25 regions, predicted eden time: 149.54ms, predicted base time: 35.76ms, target pause time: 200.00ms, remaining time: 14.71ms
[23.375s][debug][gc,ergo       ] GC(154) Running G1 Merge Heap Roots using 10 workers for 198 regions
[23.479s][debug][gc,ergo       ] GC(154) Running G1 Rebuild Free List Task using 10 workers for rebuilding free list of regions
[23.480s][debug][gc,ergo,heap  ] GC(154) Heap expansion: short term pause time ratio 60.23% long term pause time ratio 71.56% threshold 7.69% pause time ratio 7.69% fully expanded true resize by 0B
[23.480s][debug][gc,ergo,refine] GC(154) Concurrent refinement times: Logged Cards Scan time goal: 20.00ms Logged Cards Scan time: 0.16ms HCC time: 0.00ms
[23.480s][trace][gc,ergo,refine] GC(154) Updating Refinement Zones: logged cards scan time: 0.158ms, processed cards: 201, goal time: 19.999ms
[23.480s][debug][gc,ergo,refine] GC(154) Updated Refinement Zones: green: 2560, yellow: 7680, red: 12800
[23.480s][info ][gc,phases     ] GC(154)   Pre Evacuate Collection Set: 0.4ms
[23.480s][info ][gc,phases     ] GC(154)   Merge Heap Roots: 0.3ms
[23.480s][info ][gc,phases     ] GC(154)   Evacuate Collection Set: 62.1ms
[23.480s][info ][gc,phases     ] GC(154)   Post Evacuate Collection Set: 42.2ms
[23.480s][info ][gc,phases     ] GC(154)   Other: 2.1ms
[23.480s][info ][gc,heap       ] GC(154) Eden regions: 173->0(188)
[23.480s][info ][gc,heap       ] GC(154) Survivor regions: 25->25(25)
[23.480s][info ][gc,heap       ] GC(154) Old regions: 333->413
[23.480s][info ][gc,heap       ] GC(154) Archive regions: 2->2
[23.480s][info ][gc,heap       ] GC(154) Humongous regions: 0->0
[23.480s][info ][gc,metaspace  ] GC(154) Metaspace: 557K(704K)->557K(704K) NonClass: 520K(576K)->520K(576K) Class: 37K(128K)->37K(128K)
[23.481s][debug][gc,heap       ] GC(154) Heap after GC invocations=155 (full 0):
[23.481s][debug][gc,heap       ] GC(154)  garbage-first heap   total 1048576K, used 448560K [0x00000000c0000000, 0x0000000100000000)
[23.481s][debug][gc,heap       ] GC(154)   region size 1024K, 25 young (25600K), 25 survivors (25600K)
[23.481s][debug][gc,heap       ] GC(154)  Metaspace       used 557K, committed 704K, reserved 1114112K
[23.481s][debug][gc,heap       ] GC(154)   class space    used 37K, committed 128K, reserved 1048576K
[23.481s][info ][gc            ] GC(154) Pause Young (Normal) (G1 Evacuation Pause) 531M->438M(1024M) 106.366ms
[23.481s][info ][gc,cpu        ] GC(154) User=0.49s Sys=0.06s Real=0.11s
[23.582s][debug][gc,heap       ] GC(155) Heap before GC invocations=155 (full 0):
[23.582s][debug][gc,heap       ] GC(155)  garbage-first heap   total 1048576K, used 640048K [0x00000000c0000000, 0x0000000100000000)
[23.582s][debug][gc,heap       ] GC(155)   region size 1024K, 213 young (218112K), 25 survivors (25600K)
[23.582s][debug][gc,heap       ] GC(155)  Metaspace       used 557K, committed 704K, reserved 1114112K
[23.582s][debug][gc,heap       ] GC(155)   class space    used 37K, committed 128K, reserved 1048576K
[23.583s][info ][gc,start      ] GC(155) Pause Young (Normal) (G1 Evacuation Pause)
[23.583s][info ][gc,task       ] GC(155) Using 10 workers of 10 for evacuation
[23.583s][trace][gc,ergo,cset  ] GC(155) Start choosing CSet. Pending cards: 210 target pause time: 200.00ms
[23.584s][trace][gc,ergo,cset  ] GC(155) Added young regions to CSet. Eden: 188 regions, Survivors: 25 regions, predicted eden time: 147.88ms, predicted base time: 39.78ms, target pause time: 200.00ms, remaining time: 12.34ms
[23.584s][debug][gc,ergo       ] GC(155) Running G1 Merge Heap Roots using 10 workers for 213 regions
[23.700s][debug][gc,ergo       ] GC(155) Running G1 Rebuild Free List Task using 10 workers for rebuilding free list of regions
[23.702s][debug][gc,ergo,heap  ] GC(155) Heap expansion: short term pause time ratio 57.01% long term pause time ratio 69.94% threshold 7.69% pause time ratio 7.69% fully expanded true resize by 0B
[23.702s][debug][gc,ergo,refine] GC(155) Concurrent refinement times: Logged Cards Scan time goal: 20.00ms Logged Cards Scan time: 0.27ms HCC time: 0.00ms
[23.702s][trace][gc,ergo,refine] GC(155) Updating Refinement Zones: logged cards scan time: 0.274ms, processed cards: 185, goal time: 19.999ms
[23.702s][debug][gc,ergo,refine] GC(155) Updated Refinement Zones: green: 2560, yellow: 7680, red: 12800
[23.702s][info ][gc,phases     ] GC(155)   Pre Evacuate Collection Set: 0.5ms
[23.702s][info ][gc,phases     ] GC(155)   Merge Heap Roots: 0.3ms
[23.702s][info ][gc,phases     ] GC(155)   Evacuate Collection Set: 67.1ms
[23.702s][info ][gc,phases     ] GC(155)   Post Evacuate Collection Set: 49.5ms
[23.702s][info ][gc,phases     ] GC(155)   Other: 2.6ms
[23.702s][info ][gc,heap       ] GC(155) Eden regions: 188->0(159)
[23.702s][info ][gc,heap       ] GC(155) Survivor regions: 25->27(27)
[23.702s][info ][gc,heap       ] GC(155) Old regions: 413->496
[23.702s][info ][gc,heap       ] GC(155) Archive regions: 2->2
[23.702s][info ][gc,heap       ] GC(155) Humongous regions: 0->0
[23.702s][info ][gc,metaspace  ] GC(155) Metaspace: 557K(704K)->557K(704K) NonClass: 520K(576K)->520K(576K) Class: 37K(128K)->37K(128K)
[23.703s][debug][gc,heap       ] GC(155) Heap after GC invocations=156 (full 0):
[23.703s][debug][gc,heap       ] GC(155)  garbage-first heap   total 1048576K, used 535856K [0x00000000c0000000, 0x0000000100000000)
[23.703s][debug][gc,heap       ] GC(155)   region size 1024K, 27 young (27648K), 27 survivors (27648K)
[23.703s][debug][gc,heap       ] GC(155)  Metaspace       used 557K, committed 704K, reserved 1114112K
[23.703s][debug][gc,heap       ] GC(155)   class space    used 37K, committed 128K, reserved 1048576K
[23.703s][info ][gc            ] GC(155) Pause Young (Normal) (G1 Evacuation Pause) 625M->523M(1024M) 119.706ms
[23.703s][info ][gc,cpu        ] GC(155) User=0.50s Sys=0.10s Real=0.12s
[23.789s][debug][gc,heap       ] GC(156) Heap before GC invocations=156 (full 0):
[23.789s][debug][gc,heap       ] GC(156)  garbage-first heap   total 1048576K, used 697648K [0x00000000c0000000, 0x0000000100000000)
[23.789s][debug][gc,heap       ] GC(156)   region size 1024K, 186 young (190464K), 27 survivors (27648K)
[23.789s][debug][gc,heap       ] GC(156)  Metaspace       used 557K, committed 704K, reserved 1114112K
[23.789s][debug][gc,heap       ] GC(156)   class space    used 37K, committed 128K, reserved 1048576K
[23.790s][info ][gc,start      ] GC(156) Pause Young (Normal) (G1 Evacuation Pause)
[23.790s][info ][gc,task       ] GC(156) Using 10 workers of 10 for evacuation
[23.791s][trace][gc,ergo,cset  ] GC(156) Start choosing CSet. Pending cards: 219 target pause time: 200.00ms
[23.791s][trace][gc,ergo,cset  ] GC(156) Added young regions to CSet. Eden: 159 regions, Survivors: 27 regions, predicted eden time: 120.52ms, predicted base time: 45.12ms, target pause time: 200.00ms, remaining time: 34.36ms
[23.791s][debug][gc,ergo       ] GC(156) Running G1 Merge Heap Roots using 10 workers for 186 regions
[23.889s][debug][gc,ergo       ] GC(156) Running G1 Rebuild Free List Task using 10 workers for rebuilding free list of regions
[23.889s][debug][gc,ergo,heap  ] GC(156) Heap expansion: short term pause time ratio 53.44% long term pause time ratio 67.22% threshold 7.69% pause time ratio 7.69% fully expanded true resize by 0B
[23.890s][debug][gc,ergo,refine] GC(156) Concurrent refinement times: Logged Cards Scan time goal: 20.00ms Logged Cards Scan time: 0.16ms HCC time: 0.00ms
[23.890s][trace][gc,ergo,refine] GC(156) Updating Refinement Zones: logged cards scan time: 0.158ms, processed cards: 194, goal time: 19.999ms
[23.890s][debug][gc,ergo,refine] GC(156) Updated Refinement Zones: green: 2560, yellow: 7680, red: 12800
[23.890s][info ][gc,phases     ] GC(156)   Pre Evacuate Collection Set: 0.4ms
[23.890s][info ][gc,phases     ] GC(156)   Merge Heap Roots: 0.3ms
[23.890s][info ][gc,phases     ] GC(156)   Evacuate Collection Set: 60.4ms
[23.890s][info ][gc,phases     ] GC(156)   Post Evacuate Collection Set: 37.3ms
[23.890s][info ][gc,phases     ] GC(156)   Other: 2.4ms
[23.890s][info ][gc,heap       ] GC(156) Eden regions: 159->0(127)
[23.890s][info ][gc,heap       ] GC(156) Survivor regions: 27->24(24)
[23.890s][info ][gc,heap       ] GC(156) Old regions: 496->576
[23.890s][info ][gc,heap       ] GC(156) Archive regions: 2->2
[23.890s][info ][gc,heap       ] GC(156) Humongous regions: 0->0
[23.890s][info ][gc,metaspace  ] GC(156) Metaspace: 557K(704K)->557K(704K) NonClass: 520K(576K)->520K(576K) Class: 37K(128K)->37K(128K)
[23.890s][debug][gc,heap       ] GC(156) Heap after GC invocations=157 (full 0):
[23.890s][debug][gc,heap       ] GC(156)  garbage-first heap   total 1048576K, used 615216K [0x00000000c0000000, 0x0000000100000000)
[23.890s][debug][gc,heap       ] GC(156)   region size 1024K, 24 young (24576K), 24 survivors (24576K)
[23.890s][debug][gc,heap       ] GC(156)  Metaspace       used 557K, committed 704K, reserved 1114112K
[23.890s][debug][gc,heap       ] GC(156)   class space    used 37K, committed 128K, reserved 1048576K
[23.890s][info ][gc            ] GC(156) Pause Young (Normal) (G1 Evacuation Pause) 682M->600M(1024M) 99.595ms
[23.890s][info ][gc,cpu        ] GC(156) User=0.44s Sys=0.05s Real=0.10s
[23.932s][debug][gc,heap       ] GC(157) Heap before GC invocations=157 (full 0):
[23.932s][debug][gc,heap       ] GC(157)  garbage-first heap   total 1048576K, used 744240K [0x00000000c0000000, 0x0000000100000000)
[23.932s][debug][gc,heap       ] GC(157)   region size 1024K, 151 young (154624K), 24 survivors (24576K)
[23.932s][debug][gc,heap       ] GC(157)  Metaspace       used 557K, committed 704K, reserved 1114112K
[23.932s][debug][gc,heap       ] GC(157)   class space    used 37K, committed 128K, reserved 1048576K
[23.933s][info ][gc,start      ] GC(157) Pause Young (Normal) (G1 Evacuation Pause)
[23.933s][info ][gc,task       ] GC(157) Using 10 workers of 10 for evacuation
[23.933s][trace][gc,ergo,cset  ] GC(157) Start choosing CSet. Pending cards: 221 target pause time: 200.00ms
[23.933s][trace][gc,ergo,cset  ] GC(157) Added young regions to CSet. Eden: 127 regions, Survivors: 24 regions, predicted eden time: 94.98ms, predicted base time: 44.08ms, target pause time: 200.00ms, remaining time: 60.93ms
[23.934s][debug][gc,ergo       ] GC(157) Running G1 Merge Heap Roots using 10 workers for 151 regions
[24.024s][debug][gc,ergo       ] GC(157) Running G1 Rebuild Free List Task using 10 workers for rebuilding free list of regions
[24.024s][debug][gc,ergo,heap  ] GC(157) Heap expansion: short term pause time ratio 52.78% long term pause time ratio 64.68% threshold 7.69% pause time ratio 7.69% fully expanded true resize by 0B
[24.025s][debug][gc,ergo,refine] GC(157) Concurrent refinement times: Logged Cards Scan time goal: 20.00ms Logged Cards Scan time: 0.15ms HCC time: 0.00ms
[24.025s][trace][gc,ergo,refine] GC(157) Updating Refinement Zones: logged cards scan time: 0.146ms, processed cards: 196, goal time: 19.999ms
[24.025s][debug][gc,ergo,refine] GC(157) Updated Refinement Zones: green: 2560, yellow: 7680, red: 12800
[24.025s][info ][gc,phases     ] GC(157)   Pre Evacuate Collection Set: 0.4ms
[24.025s][info ][gc,phases     ] GC(157)   Merge Heap Roots: 0.3ms
[24.025s][info ][gc,phases     ] GC(157)   Evacuate Collection Set: 56.4ms
[24.025s][info ][gc,phases     ] GC(157)   Post Evacuate Collection Set: 32.7ms
[24.025s][info ][gc,phases     ] GC(157)   Other: 2.8ms
[24.025s][info ][gc,heap       ] GC(157) Eden regions: 127->0(93)
[24.025s][info ][gc,heap       ] GC(157) Survivor regions: 24->19(19)
[24.025s][info ][gc,heap       ] GC(157) Old regions: 576->653
[24.025s][info ][gc,heap       ] GC(157) Archive regions: 2->2
[24.025s][info ][gc,heap       ] GC(157) Humongous regions: 0->0
[24.025s][info ][gc,metaspace  ] GC(157) Metaspace: 557K(704K)->557K(704K) NonClass: 520K(576K)->520K(576K) Class: 37K(128K)->37K(128K)
[24.026s][debug][gc,heap       ] GC(157) Heap after GC invocations=158 (full 0):
[24.026s][debug][gc,heap       ] GC(157)  garbage-first heap   total 1048576K, used 688432K [0x00000000c0000000, 0x0000000100000000)
[24.026s][debug][gc,heap       ] GC(157)   region size 1024K, 19 young (19456K), 19 survivors (19456K)
[24.026s][debug][gc,heap       ] GC(157)  Metaspace       used 557K, committed 704K, reserved 1114112K
[24.026s][debug][gc,heap       ] GC(157)   class space    used 37K, committed 128K, reserved 1048576K
[24.026s][info ][gc            ] GC(157) Pause Young (Normal) (G1 Evacuation Pause) 727M->672M(1024M) 92.684ms
[24.026s][info ][gc,cpu        ] GC(157) User=0.36s Sys=0.07s Real=0.09s
[24.067s][debug][gc,heap       ] GC(158) Heap before GC invocations=158 (full 0):
[24.067s][debug][gc,heap       ] GC(158)  garbage-first heap   total 1048576K, used 782640K [0x00000000c0000000, 0x0000000100000000)
[24.067s][debug][gc,heap       ] GC(158)   region size 1024K, 112 young (114688K), 19 survivors (19456K)
[24.067s][debug][gc,heap       ] GC(158)  Metaspace       used 557K, committed 704K, reserved 1114112K
[24.067s][debug][gc,heap       ] GC(158)   class space    used 37K, committed 128K, reserved 1048576K
[24.068s][info ][gc,start      ] GC(158) Pause Young (Normal) (G1 Evacuation Pause)
[24.068s][info ][gc,task       ] GC(158) Using 10 workers of 10 for evacuation
[24.068s][trace][gc,ergo,cset  ] GC(158) Start choosing CSet. Pending cards: 233 target pause time: 200.00ms
[24.068s][trace][gc,ergo,cset  ] GC(158) Added young regions to CSet. Eden: 93 regions, Survivors: 19 regions, predicted eden time: 73.00ms, predicted base time: 42.05ms, target pause time: 200.00ms, remaining time: 84.95ms
[24.069s][debug][gc,ergo       ] GC(158) Running G1 Merge Heap Roots using 10 workers for 112 regions
[24.147s][debug][gc,ergo       ] GC(158) Running G1 Rebuild Free List Task using 10 workers for rebuilding free list of regions
[24.148s][debug][gc,ergo,heap  ] GC(158) Heap expansion: short term pause time ratio 67.61% long term pause time ratio 64.49% threshold 7.69% pause time ratio 7.69% fully expanded true resize by 0B
[24.148s][debug][gc,ergo,refine] GC(158) Concurrent refinement times: Logged Cards Scan time goal: 20.00ms Logged Cards Scan time: 0.16ms HCC time: 0.00ms
[24.148s][trace][gc,ergo,refine] GC(158) Updating Refinement Zones: logged cards scan time: 0.160ms, processed cards: 200, goal time: 19.998ms
[24.148s][debug][gc,ergo,refine] GC(158) Updated Refinement Zones: green: 2560, yellow: 7680, red: 12800
[24.148s][info ][gc,phases     ] GC(158)   Pre Evacuate Collection Set: 0.4ms
[24.148s][info ][gc,phases     ] GC(158)   Merge Heap Roots: 0.3ms
[24.148s][info ][gc,phases     ] GC(158)   Evacuate Collection Set: 53.6ms
[24.148s][info ][gc,phases     ] GC(158)   Post Evacuate Collection Set: 24.6ms
[24.148s][info ][gc,phases     ] GC(158)   Other: 2.0ms
[24.148s][info ][gc,heap       ] GC(158) Eden regions: 93->0(62)
[24.148s][info ][gc,heap       ] GC(158) Survivor regions: 19->14(14)
[24.148s][info ][gc,heap       ] GC(158) Old regions: 653->724
[24.148s][info ][gc,heap       ] GC(158) Archive regions: 2->2
[24.148s][info ][gc,heap       ] GC(158) Humongous regions: 0->0
[24.148s][info ][gc,metaspace  ] GC(158) Metaspace: 557K(704K)->557K(704K) NonClass: 520K(576K)->520K(576K) Class: 37K(128K)->37K(128K)
[24.149s][debug][gc,heap       ] GC(158) Heap after GC invocations=159 (full 0):
[24.149s][debug][gc,heap       ] GC(158)  garbage-first heap   total 1048576K, used 756144K [0x00000000c0000000, 0x0000000100000000)
[24.149s][debug][gc,heap       ] GC(158)   region size 1024K, 14 young (14336K), 14 survivors (14336K)
[24.149s][debug][gc,heap       ] GC(158)  Metaspace       used 557K, committed 704K, reserved 1114112K
[24.149s][debug][gc,heap       ] GC(158)   class space    used 37K, committed 128K, reserved 1048576K
[24.149s][info ][gc            ] GC(158) Pause Young (Normal) (G1 Evacuation Pause) 765M->738M(1024M) 80.662ms
[24.149s][info ][gc,cpu        ] GC(158) User=0.27s Sys=0.07s Real=0.09s
[24.177s][debug][gc,heap       ] GC(159) Heap before GC invocations=159 (full 0):
[24.177s][debug][gc,heap       ] GC(159)  garbage-first heap   total 1048576K, used 818608K [0x00000000c0000000, 0x0000000100000000)
[24.177s][debug][gc,heap       ] GC(159)   region size 1024K, 76 young (77824K), 14 survivors (14336K)
[24.177s][debug][gc,heap       ] GC(159)  Metaspace       used 557K, committed 704K, reserved 1114112K
[24.177s][debug][gc,heap       ] GC(159)   class space    used 37K, committed 128K, reserved 1048576K
[24.178s][info ][gc,start      ] GC(159) Pause Young (Normal) (G1 Evacuation Pause)
[24.178s][info ][gc,task       ] GC(159) Using 10 workers of 10 for evacuation
[24.179s][trace][gc,ergo,cset  ] GC(159) Start choosing CSet. Pending cards: 241 target pause time: 200.00ms
[24.179s][trace][gc,ergo,cset  ] GC(159) Added young regions to CSet. Eden: 62 regions, Survivors: 14 regions, predicted eden time: 53.58ms, predicted base time: 38.40ms, target pause time: 200.00ms, remaining time: 108.02ms
[24.179s][debug][gc,ergo       ] GC(159) Running G1 Merge Heap Roots using 10 workers for 76 regions
[24.246s][debug][gc,ergo       ] GC(159) Running G1 Rebuild Free List Task using 10 workers for rebuilding free list of regions
[24.246s][debug][gc,ergo,heap  ] GC(159) Heap expansion: short term pause time ratio 64.58% long term pause time ratio 64.17% threshold 7.69% pause time ratio 7.69% fully expanded true resize by 0B
[24.246s][debug][gc,ergo,refine] GC(159) Concurrent refinement times: Logged Cards Scan time goal: 20.00ms Logged Cards Scan time: 0.35ms HCC time: 0.00ms
[24.246s][trace][gc,ergo,refine] GC(159) Updating Refinement Zones: logged cards scan time: 0.349ms, processed cards: 224, goal time: 19.999ms
[24.246s][debug][gc,ergo,refine] GC(159) Updated Refinement Zones: green: 2560, yellow: 7680, red: 12800
[24.246s][info ][gc,phases     ] GC(159)   Pre Evacuate Collection Set: 0.5ms
[24.246s][info ][gc,phases     ] GC(159)   Merge Heap Roots: 0.3ms
[24.246s][info ][gc,phases     ] GC(159)   Evacuate Collection Set: 44.8ms
[24.246s][info ][gc,phases     ] GC(159)   Post Evacuate Collection Set: 21.5ms
[24.246s][info ][gc,phases     ] GC(159)   Other: 2.4ms
[24.246s][info ][gc,heap       ] GC(159) Eden regions: 62->0(42)
[24.246s][info ][gc,heap       ] GC(159) Survivor regions: 14->10(10)
[24.246s][info ][gc,heap       ] GC(159) Old regions: 724->784
[24.246s][info ][gc,heap       ] GC(159) Archive regions: 2->2
[24.246s][info ][gc,heap       ] GC(159) Humongous regions: 0->0
[24.246s][info ][gc,metaspace  ] GC(159) Metaspace: 557K(704K)->557K(704K) NonClass: 520K(576K)->520K(576K) Class: 37K(128K)->37K(128K)
[24.247s][debug][gc,heap       ] GC(159) Heap after GC invocations=160 (full 0):
[24.247s][debug][gc,heap       ] GC(159)  garbage-first heap   total 1048576K, used 813362K [0x00000000c0000000, 0x0000000100000000)
[24.247s][debug][gc,heap       ] GC(159)   region size 1024K, 10 young (10240K), 10 survivors (10240K)
[24.247s][debug][gc,heap       ] GC(159)  Metaspace       used 557K, committed 704K, reserved 1114112K
[24.247s][debug][gc,heap       ] GC(159)   class space    used 37K, committed 128K, reserved 1048576K
[24.247s][info ][gc            ] GC(159) Pause Young (Normal) (G1 Evacuation Pause) 800M->794M(1024M) 68.819ms
[24.247s][info ][gc,cpu        ] GC(159) User=0.26s Sys=0.01s Real=0.07s
[24.260s][debug][gc,heap       ] GC(160) Heap before GC invocations=160 (full 0):
[24.260s][debug][gc,heap       ] GC(160)  garbage-first heap   total 1048576K, used 855346K [0x00000000c0000000, 0x0000000100000000)
[24.260s][debug][gc,heap       ] GC(160)   region size 1024K, 52 young (53248K), 10 survivors (10240K)
[24.260s][debug][gc,heap       ] GC(160)  Metaspace       used 557K, committed 704K, reserved 1114112K
[24.260s][debug][gc,heap       ] GC(160)   class space    used 37K, committed 128K, reserved 1048576K
[24.261s][info ][gc,start      ] GC(160) Pause Young (Normal) (G1 Evacuation Pause)
[24.261s][info ][gc,task       ] GC(160) Using 10 workers of 10 for evacuation
[24.261s][trace][gc,ergo,cset  ] GC(160) Start choosing CSet. Pending cards: 258 target pause time: 200.00ms
[24.262s][trace][gc,ergo,cset  ] GC(160) Added young regions to CSet. Eden: 42 regions, Survivors: 10 regions, predicted eden time: 37.61ms, predicted base time: 34.99ms, target pause time: 200.00ms, remaining time: 127.39ms
[24.263s][debug][gc,ergo       ] GC(160) Running G1 Merge Heap Roots using 10 workers for 52 regions
[24.304s][debug][gc,ergo       ] GC(160) Running G1 Rebuild Free List Task using 10 workers for rebuilding free list of regions
[24.304s][debug][gc,ergo,heap  ] GC(160) Heap expansion: short term pause time ratio 68.95% long term pause time ratio 60.78% threshold 7.69% pause time ratio 7.69% fully expanded true resize by 0B
[24.304s][debug][gc,ergo,ihop  ] GC(160) Request concurrent cycle initiation (occupancy higher than threshold) occupancy: 869269504B allocation request: 0B threshold: 857786574B (79.89) source: end of GC
[24.304s][debug][gc,ergo,refine] GC(160) Concurrent refinement times: Logged Cards Scan time goal: 20.00ms Logged Cards Scan time: 0.19ms HCC time: 0.00ms
[24.304s][trace][gc,ergo,refine] GC(160) Updating Refinement Zones: logged cards scan time: 0.192ms, processed cards: 233, goal time: 19.999ms
[24.304s][debug][gc,ergo,refine] GC(160) Updated Refinement Zones: green: 2560, yellow: 7680, red: 12800
[24.304s][info ][gc,phases     ] GC(160)   Pre Evacuate Collection Set: 1.2ms
[24.304s][info ][gc,phases     ] GC(160)   Merge Heap Roots: 0.3ms
[24.304s][info ][gc,phases     ] GC(160)   Evacuate Collection Set: 28.3ms
[24.304s][info ][gc,phases     ] GC(160)   Post Evacuate Collection Set: 11.9ms
[24.304s][info ][gc,phases     ] GC(160)   Other: 3.0ms
[24.304s][info ][gc,heap       ] GC(160) Eden regions: 42->0(44)
[24.304s][info ][gc,heap       ] GC(160) Survivor regions: 10->7(7)
[24.304s][info ][gc,heap       ] GC(160) Old regions: 784->827
[24.304s][info ][gc,heap       ] GC(160) Archive regions: 2->2
[24.304s][info ][gc,heap       ] GC(160) Humongous regions: 0->0
[24.305s][info ][gc,metaspace  ] GC(160) Metaspace: 557K(704K)->557K(704K) NonClass: 520K(576K)->520K(576K) Class: 37K(128K)->37K(128K)
[24.306s][debug][gc,heap       ] GC(160) Heap after GC invocations=161 (full 0):
[24.306s][debug][gc,heap       ] GC(160)  garbage-first heap   total 1048576K, used 854322K [0x00000000c0000000, 0x0000000100000000)
[24.306s][debug][gc,heap       ] GC(160)   region size 1024K, 7 young (7168K), 7 survivors (7168K)
[24.306s][debug][gc,heap       ] GC(160)  Metaspace       used 557K, committed 704K, reserved 1114112K
[24.306s][debug][gc,heap       ] GC(160)   class space    used 37K, committed 128K, reserved 1048576K
[24.306s][info ][gc            ] GC(160) Pause Young (Normal) (G1 Evacuation Pause) 836M->834M(1024M) 45.256ms
[24.306s][info ][gc,cpu        ] GC(160) User=0.15s Sys=0.03s Real=0.04s
[24.329s][debug][gc,heap       ] GC(161) Heap before GC invocations=161 (full 0):
[24.329s][debug][gc,heap       ] GC(161)  garbage-first heap   total 1048576K, used 898354K [0x00000000c0000000, 0x0000000100000000)
[24.329s][debug][gc,heap       ] GC(161)   region size 1024K, 51 young (52224K), 7 survivors (7168K)
[24.329s][debug][gc,heap       ] GC(161)  Metaspace       used 557K, committed 704K, reserved 1114112K
[24.329s][debug][gc,heap       ] GC(161)   class space    used 37K, committed 128K, reserved 1048576K
[24.330s][debug][gc,ergo       ] GC(161) Initiate concurrent cycle (concurrent cycle initiation requested)
[24.331s][info ][gc,start      ] GC(161) Pause Young (Concurrent Start) (G1 Evacuation Pause)
[24.331s][info ][gc,task       ] GC(161) Using 10 workers of 10 for evacuation
[24.331s][trace][gc,ergo,cset  ] GC(161) Start choosing CSet. Pending cards: 256 target pause time: 200.00ms
[24.331s][trace][gc,ergo,cset  ] GC(161) Added young regions to CSet. Eden: 44 regions, Survivors: 7 regions, predicted eden time: 37.80ms, predicted base time: 30.79ms, target pause time: 200.00ms, remaining time: 131.41ms
[24.332s][debug][gc,ergo       ] GC(161) Running G1 Merge Heap Roots using 10 workers for 51 regions
[24.372s][debug][gc,ergo       ] GC(161) Running G1 Rebuild Free List Task using 10 workers for rebuilding free list of regions
[24.373s][debug][gc,ergo,heap  ] GC(161) Heap expansion: short term pause time ratio 74.17% long term pause time ratio 61.55% threshold 7.69% pause time ratio 7.69% fully expanded true resize by 0B
[24.373s][debug][gc,ergo,refine] GC(161) Concurrent refinement times: Logged Cards Scan time goal: 20.00ms Logged Cards Scan time: 0.21ms HCC time: 0.00ms
[24.373s][trace][gc,ergo,refine] GC(161) Updating Refinement Zones: logged cards scan time: 0.212ms, processed cards: 239, goal time: 19.999ms
[24.373s][debug][gc,ergo,refine] GC(161) Updated Refinement Zones: green: 2560, yellow: 7680, red: 12800
[24.373s][info ][gc,phases     ] GC(161)   Pre Evacuate Collection Set: 0.5ms
[24.373s][info ][gc,phases     ] GC(161)   Merge Heap Roots: 0.4ms
[24.373s][info ][gc,phases     ] GC(161)   Evacuate Collection Set: 28.9ms
[24.373s][info ][gc,phases     ] GC(161)   Post Evacuate Collection Set: 11.4ms
[24.373s][info ][gc,phases     ] GC(161)   Other: 2.4ms
[24.373s][info ][gc,heap       ] GC(161) Eden regions: 44->0(44)
[24.373s][info ][gc,heap       ] GC(161) Survivor regions: 7->7(7)
[24.373s][info ][gc,heap       ] GC(161) Old regions: 827->870
[24.373s][info ][gc,heap       ] GC(161) Archive regions: 2->2
[24.373s][info ][gc,heap       ] GC(161) Humongous regions: 0->0
[24.373s][info ][gc,metaspace  ] GC(161) Metaspace: 557K(704K)->557K(704K) NonClass: 520K(576K)->520K(576K) Class: 37K(128K)->37K(128K)
[24.374s][debug][gc,heap       ] GC(161) Heap after GC invocations=162 (full 0):
[24.374s][debug][gc,heap       ] GC(161)  garbage-first heap   total 1048576K, used 898096K [0x00000000c0000000, 0x0000000100000000)
[24.374s][debug][gc,heap       ] GC(161)   region size 1024K, 7 young (7168K), 7 survivors (7168K)
[24.374s][debug][gc,heap       ] GC(161)  Metaspace       used 557K, committed 704K, reserved 1114112K
[24.374s][debug][gc,heap       ] GC(161)   class space    used 37K, committed 128K, reserved 1048576K
[24.374s][info ][gc            ] GC(161) Pause Young (Concurrent Start) (G1 Evacuation Pause) 878M->877M(1024M) 43.193ms
[24.374s][info ][gc,cpu        ] GC(161) User=0.14s Sys=0.02s Real=0.04s
[24.374s][info ][gc            ] GC(162) Concurrent Mark Cycle
[24.374s][info ][gc,marking    ] GC(162) Concurrent Clear Claimed Marks
[24.374s][info ][gc,marking    ] GC(162) Concurrent Clear Claimed Marks 0.015ms
[24.374s][info ][gc,marking    ] GC(162) Concurrent Scan Root Regions
[24.374s][debug][gc,ergo       ] GC(162) Running G1 Root Region Scan using 3 workers for 51 work units.
[24.375s][info ][gc,marking    ] GC(162) Concurrent Scan Root Regions 0.756ms
[24.375s][info ][gc,marking    ] GC(162) Concurrent Mark
[24.375s][info ][gc,marking    ] GC(162) Concurrent Mark From Roots
[24.375s][info ][gc,task       ] GC(162) Using 3 workers of 3 for marking
[24.395s][info ][gc,marking    ] GC(162) Concurrent Mark From Roots 20.017ms
[24.395s][info ][gc,marking    ] GC(162) Concurrent Preclean
[24.395s][info ][gc,marking    ] GC(162) Concurrent Preclean 0.126ms
[24.395s][info ][gc,start      ] GC(162) Pause Remark
[24.400s][debug][gc,ergo       ] GC(162) Running G1 Update RemSet Tracking Before Rebuild using 3 workers for 1024 regions in heap
[24.561s][info ][gc            ] GC(162) Pause Remark 912M->177M(1024M) 165.885ms
[24.561s][info ][gc,cpu        ] GC(162) User=1.45s Sys=0.11s Real=0.17s
[24.561s][info ][gc,marking    ] GC(162) Concurrent Mark 186.789ms
[24.562s][info ][gc,marking    ] GC(162) Concurrent Rebuild Remembered Sets
[24.569s][info ][gc,marking    ] GC(162) Concurrent Rebuild Remembered Sets 7.083ms
[24.569s][debug][gc,heap       ] GC(163) Heap before GC invocations=162 (full 0):
[24.569s][debug][gc,heap       ] GC(163)  garbage-first heap   total 1048576K, used 189488K [0x00000000c0000000, 0x0000000100000000)
[24.569s][debug][gc,heap       ] GC(163)   region size 1024K, 51 young (52224K), 7 survivors (7168K)
[24.569s][debug][gc,heap       ] GC(163)  Metaspace       used 557K, committed 704K, reserved 1114112K
[24.569s][debug][gc,heap       ] GC(163)   class space    used 37K, committed 128K, reserved 1048576K
[24.570s][info ][gc,start      ] GC(163) Pause Young (Normal) (G1 Evacuation Pause)
[24.570s][info ][gc,task       ] GC(163) Using 10 workers of 10 for evacuation
[24.570s][trace][gc,ergo,cset  ] GC(163) Start choosing CSet. Pending cards: 276 target pause time: 200.00ms
[24.570s][trace][gc,ergo,cset  ] GC(163) Added young regions to CSet. Eden: 44 regions, Survivors: 7 regions, predicted eden time: 42.89ms, predicted base time: 26.93ms, target pause time: 200.00ms, remaining time: 130.18ms
[24.571s][debug][gc,ergo       ] GC(163) Running G1 Merge Heap Roots using 10 workers for 51 regions
[24.626s][debug][gc,ergo       ] GC(163) Running G1 Rebuild Free List Task using 10 workers for rebuilding free list of regions
[24.627s][debug][gc,ergo,heap  ] GC(163) Heap expansion: short term pause time ratio 88.01% long term pause time ratio 63.63% threshold 7.69% pause time ratio 7.69% fully expanded true resize by 0B
[24.627s][debug][gc,ergo,refine] GC(163) Concurrent refinement times: Logged Cards Scan time goal: 20.00ms Logged Cards Scan time: 0.19ms HCC time: 0.00ms
[24.627s][trace][gc,ergo,refine] GC(163) Updating Refinement Zones: logged cards scan time: 0.191ms, processed cards: 253, goal time: 19.999ms
[24.627s][debug][gc,ergo,refine] GC(163) Updated Refinement Zones: green: 2560, yellow: 7680, red: 12800
[24.627s][info ][gc,phases     ] GC(163)   Pre Evacuate Collection Set: 0.4ms
[24.627s][info ][gc,phases     ] GC(163)   Merge Heap Roots: 0.3ms
[24.627s][info ][gc,phases     ] GC(163)   Evacuate Collection Set: 44.6ms
[24.627s][info ][gc,phases     ] GC(163)   Post Evacuate Collection Set: 10.9ms
[24.627s][info ][gc,phases     ] GC(163)   Other: 1.5ms
[24.627s][info ][gc,heap       ] GC(163) Eden regions: 44->0(188)
[24.627s][info ][gc,heap       ] GC(163) Survivor regions: 7->7(7)
[24.627s][info ][gc,heap       ] GC(163) Old regions: 135->178
[24.627s][info ][gc,heap       ] GC(163) Archive regions: 2->2
[24.627s][info ][gc,heap       ] GC(163) Humongous regions: 0->0
[24.627s][info ][gc,metaspace  ] GC(163) Metaspace: 557K(704K)->557K(704K) NonClass: 520K(576K)->520K(576K) Class: 37K(128K)->37K(128K)
[24.627s][debug][gc,heap       ] GC(163) Heap after GC invocations=163 (full 0):
[24.627s][debug][gc,heap       ] GC(163)  garbage-first heap   total 1048576K, used 189616K [0x00000000c0000000, 0x0000000100000000)
[24.627s][debug][gc,heap       ] GC(163)   region size 1024K, 7 young (7168K), 7 survivors (7168K)
[24.627s][debug][gc,heap       ] GC(163)  Metaspace       used 557K, committed 704K, reserved 1114112K
[24.627s][debug][gc,heap       ] GC(163)   class space    used 37K, committed 128K, reserved 1048576K
[24.627s][info ][gc            ] GC(163) Pause Young (Normal) (G1 Evacuation Pause) 185M->185M(1024M) 57.380ms
[24.627s][info ][gc,cpu        ] GC(163) User=0.16s Sys=0.02s Real=0.05s
[24.628s][info ][gc,start      ] GC(162) Pause Cleanup
[24.629s][debug][gc,ergo,cset  ] GC(162) Pruned 63 regions out of 76, leaving 53368984 bytes waste (allowed 53687091)
[24.629s][info ][gc            ] GC(162) Pause Cleanup 186M->186M(1024M) 1.307ms
[24.629s][info ][gc,cpu        ] GC(162) User=0.00s Sys=0.00s Real=0.01s
[24.630s][info ][gc,marking    ] GC(162) Concurrent Cleanup for Next Mark
[24.630s][debug][gc,ergo       ] GC(162) Running G1 Clear Bitmap with 3 workers for 16 work units.
[24.634s][info ][gc,marking    ] GC(162) Concurrent Cleanup for Next Mark 3.906ms
[24.634s][info ][gc            ] GC(162) Concurrent Mark Cycle 260.234ms
[24.749s][debug][gc,heap       ] GC(164) Heap before GC invocations=164 (full 0):
[24.750s][debug][gc,heap       ] GC(164)  garbage-first heap   total 1048576K, used 381104K [0x00000000c0000000, 0x0000000100000000)
[24.750s][debug][gc,heap       ] GC(164)   region size 1024K, 195 young (199680K), 7 survivors (7168K)
[24.750s][debug][gc,heap       ] GC(164)  Metaspace       used 557K, committed 704K, reserved 1114112K
[24.750s][debug][gc,heap       ] GC(164)   class space    used 37K, committed 128K, reserved 1048576K
[24.751s][info ][gc,start      ] GC(164) Pause Young (Prepare Mixed) (G1 Evacuation Pause)
[24.751s][info ][gc,task       ] GC(164) Using 10 workers of 10 for evacuation
[24.751s][trace][gc,ergo,cset  ] GC(164) Start choosing CSet. Pending cards: 420 target pause time: 200.00ms
[24.751s][trace][gc,ergo,cset  ] GC(164) Added young regions to CSet. Eden: 188 regions, Survivors: 7 regions, predicted eden time: 137.64ms, predicted base time: 23.57ms, target pause time: 200.00ms, remaining time: 38.79ms
[24.751s][debug][gc,ergo       ] GC(164) Running G1 Merge Heap Roots using 10 workers for 195 regions
[24.861s][debug][gc,ergo       ] GC(164) Running G1 Rebuild Free List Task using 10 workers for rebuilding free list of regions
[24.863s][debug][gc,ergo,heap  ] GC(164) Heap expansion: short term pause time ratio 46.56% long term pause time ratio 66.57% threshold 7.69% pause time ratio 7.69% fully expanded true resize by 0B
[24.863s][debug][gc,ergo,refine] GC(164) Concurrent refinement times: Logged Cards Scan time goal: 20.00ms Logged Cards Scan time: 0.26ms HCC time: 0.00ms
[24.863s][trace][gc,ergo,refine] GC(164) Updating Refinement Zones: logged cards scan time: 0.260ms, processed cards: 387, goal time: 19.998ms
[24.863s][debug][gc,ergo,refine] GC(164) Updated Refinement Zones: green: 2560, yellow: 7680, red: 12800
[24.863s][info ][gc,phases     ] GC(164)   Pre Evacuate Collection Set: 0.4ms
[24.863s][info ][gc,phases     ] GC(164)   Merge Heap Roots: 0.3ms
[24.863s][info ][gc,phases     ] GC(164)   Evacuate Collection Set: 70.1ms
[24.863s][info ][gc,phases     ] GC(164)   Post Evacuate Collection Set: 40.6ms
[24.863s][info ][gc,phases     ] GC(164)   Other: 2.3ms
[24.863s][info ][gc,heap       ] GC(164) Eden regions: 188->0(26)
[24.863s][info ][gc,heap       ] GC(164) Survivor regions: 7->25(25)
[24.863s][info ][gc,heap       ] GC(164) Old regions: 178->259
[24.863s][info ][gc,heap       ] GC(164) Archive regions: 2->2
[24.863s][info ][gc,heap       ] GC(164) Humongous regions: 0->0
[24.863s][info ][gc,metaspace  ] GC(164) Metaspace: 557K(704K)->557K(704K) NonClass: 520K(576K)->520K(576K) Class: 37K(128K)->37K(128K)
[24.864s][debug][gc,heap       ] GC(164) Heap after GC invocations=165 (full 0):
[24.864s][debug][gc,heap       ] GC(164)  garbage-first heap   total 1048576K, used 291248K [0x00000000c0000000, 0x0000000100000000)
[24.864s][debug][gc,heap       ] GC(164)   region size 1024K, 25 young (25600K), 25 survivors (25600K)
[24.864s][debug][gc,heap       ] GC(164)  Metaspace       used 557K, committed 704K, reserved 1114112K
[24.864s][debug][gc,heap       ] GC(164)   class space    used 37K, committed 128K, reserved 1048576K
[24.864s][info ][gc            ] GC(164) Pause Young (Prepare Mixed) (G1 Evacuation Pause) 373M->284M(1024M) 113.306ms
[24.864s][info ][gc,cpu        ] GC(164) User=0.45s Sys=0.06s Real=0.11s
[24.877s][debug][gc,heap       ] GC(165) Heap before GC invocations=165 (full 0):
[24.877s][debug][gc,heap       ] GC(165)  garbage-first heap   total 1048576K, used 316848K [0x00000000c0000000, 0x0000000100000000)
[24.877s][debug][gc,heap       ] GC(165)   region size 1024K, 51 young (52224K), 25 survivors (25600K)
[24.877s][debug][gc,heap       ] GC(165)  Metaspace       used 557K, committed 704K, reserved 1114112K
[24.877s][debug][gc,heap       ] GC(165)   class space    used 37K, committed 128K, reserved 1048576K
[24.878s][info ][gc,start      ] GC(165) Pause Young (Mixed) (G1 Evacuation Pause)
[24.878s][info ][gc,task       ] GC(165) Using 10 workers of 10 for evacuation
[24.878s][trace][gc,ergo,cset  ] GC(165) Start choosing CSet. Pending cards: 218 target pause time: 200.00ms
[24.878s][trace][gc,ergo,cset  ] GC(165) Added young regions to CSet. Eden: 26 regions, Survivors: 25 regions, predicted eden time: 26.43ms, predicted base time: 31.73ms, target pause time: 200.00ms, remaining time: 141.83ms
[24.878s][debug][gc,ergo,cset  ] GC(165) Start adding old regions to collection set. Min 3 regions, max 103 regions, time remaining 141.83ms, optional threshold 28.37ms
[24.878s][debug][gc,ergo,cset  ] GC(165) Old candidate collection set empty.
[24.878s][debug][gc,ergo,cset  ] GC(165) Finish choosing collection set old regions. Initial: 13, optional: 0, predicted old time: 0.00ms, predicted optional time: 0.00ms, time remaining: 132.43
[24.879s][debug][gc,ergo       ] GC(165) Running G1 Merge Heap Roots using 10 workers for 64 regions
[24.928s][debug][gc,ergo       ] GC(165) Running G1 Rebuild Free List Task using 10 workers for rebuilding free list of regions
[24.929s][debug][gc,ergo,heap  ] GC(165) Heap expansion: short term pause time ratio 48.05% long term pause time ratio 65.35% threshold 7.69% pause time ratio 7.69% fully expanded true resize by 0B
[24.929s][debug][gc,ergo       ] GC(165) do not continue mixed GCs (candidate old regions not available)
[24.929s][debug][gc,ergo,refine] GC(165) Concurrent refinement times: Logged Cards Scan time goal: 20.00ms Logged Cards Scan time: 0.15ms HCC time: 0.00ms
[24.929s][trace][gc,ergo,refine] GC(165) Updating Refinement Zones: logged cards scan time: 0.152ms, processed cards: 192, goal time: 19.998ms
[24.929s][debug][gc,ergo,refine] GC(165) Updated Refinement Zones: green: 2560, yellow: 7680, red: 12800
[24.929s][info ][gc,phases     ] GC(165)   Pre Evacuate Collection Set: 0.5ms
[24.929s][info ][gc,phases     ] GC(165)   Merge Heap Roots: 0.3ms
[24.929s][info ][gc,phases     ] GC(165)   Evacuate Collection Set: 36.4ms
[24.929s][info ][gc,phases     ] GC(165)   Post Evacuate Collection Set: 13.7ms
[24.929s][info ][gc,phases     ] GC(165)   Other: 1.8ms
[24.929s][info ][gc,heap       ] GC(165) Eden regions: 26->0(227)
[24.929s][info ][gc,heap       ] GC(165) Survivor regions: 25->7(7)
[24.929s][info ][gc,heap       ] GC(165) Old regions: 259->287
[24.929s][info ][gc,heap       ] GC(165) Archive regions: 2->2
[24.929s][info ][gc,heap       ] GC(165) Humongous regions: 0->0
[24.929s][info ][gc,metaspace  ] GC(165) Metaspace: 557K(704K)->557K(704K) NonClass: 520K(576K)->520K(576K) Class: 37K(128K)->37K(128K)
[24.930s][debug][gc,heap       ] GC(165) Heap after GC invocations=166 (full 0):
[24.930s][debug][gc,heap       ] GC(165)  garbage-first heap   total 1048576K, used 301232K [0x00000000c0000000, 0x0000000100000000)
[24.930s][debug][gc,heap       ] GC(165)   region size 1024K, 7 young (7168K), 7 survivors (7168K)
[24.930s][debug][gc,heap       ] GC(165)  Metaspace       used 557K, committed 704K, reserved 1114112K
[24.930s][debug][gc,heap       ] GC(165)   class space    used 37K, committed 128K, reserved 1048576K
[24.930s][info ][gc            ] GC(165) Pause Young (Mixed) (G1 Evacuation Pause) 310M->294M(1024M) 52.216ms
[24.930s][info ][gc,cpu        ] GC(165) User=0.17s Sys=0.01s Real=0.06s
[25.047s][debug][gc,heap       ] GC(166) Heap before GC invocations=166 (full 0):
[25.047s][debug][gc,heap       ] GC(166)  garbage-first heap   total 1048576K, used 532656K [0x00000000c0000000, 0x0000000100000000)
[25.047s][debug][gc,heap       ] GC(166)   region size 1024K, 234 young (239616K), 7 survivors (7168K)
[25.047s][debug][gc,heap       ] GC(166)  Metaspace       used 557K, committed 704K, reserved 1114112K
[25.047s][debug][gc,heap       ] GC(166)   class space    used 37K, committed 128K, reserved 1048576K
[25.048s][info ][gc,start      ] GC(166) Pause Young (Normal) (G1 Evacuation Pause)
[25.048s][info ][gc,task       ] GC(166) Using 10 workers of 10 for evacuation
[25.048s][trace][gc,ergo,cset  ] GC(166) Start choosing CSet. Pending cards: 248 target pause time: 200.00ms
[25.048s][trace][gc,ergo,cset  ] GC(166) Added young regions to CSet. Eden: 227 regions, Survivors: 7 regions, predicted eden time: 167.59ms, predicted base time: 27.95ms, target pause time: 200.00ms, remaining time: 4.47ms
[25.049s][debug][gc,ergo       ] GC(166) Running G1 Merge Heap Roots using 10 workers for 234 regions
[25.178s][debug][gc,ergo       ] GC(166) Running G1 Rebuild Free List Task using 10 workers for rebuilding free list of regions
[25.180s][debug][gc,ergo,heap  ] GC(166) Heap expansion: short term pause time ratio 77.57% long term pause time ratio 68.40% threshold 7.69% pause time ratio 7.69% fully expanded true resize by 0B
[25.180s][debug][gc,ergo,refine] GC(166) Concurrent refinement times: Logged Cards Scan time goal: 20.00ms Logged Cards Scan time: 0.17ms HCC time: 0.00ms
[25.180s][trace][gc,ergo,refine] GC(166) Updating Refinement Zones: logged cards scan time: 0.167ms, processed cards: 223, goal time: 19.999ms
[25.180s][debug][gc,ergo,refine] GC(166) Updated Refinement Zones: green: 2560, yellow: 7680, red: 12800
[25.180s][info ][gc,phases     ] GC(166)   Pre Evacuate Collection Set: 0.6ms
[25.180s][info ][gc,phases     ] GC(166)   Merge Heap Roots: 0.3ms
[25.180s][info ][gc,phases     ] GC(166)   Evacuate Collection Set: 72.8ms
[25.180s][info ][gc,phases     ] GC(166)   Post Evacuate Collection Set: 57.4ms
[25.180s][info ][gc,phases     ] GC(166)   Other: 2.0ms
[25.180s][info ][gc,heap       ] GC(166) Eden regions: 227->0(195)
[25.180s][info ][gc,heap       ] GC(166) Survivor regions: 7->30(30)
[25.180s][info ][gc,heap       ] GC(166) Old regions: 287->373
[25.180s][info ][gc,heap       ] GC(166) Archive regions: 2->2
[25.180s][info ][gc,heap       ] GC(166) Humongous regions: 0->0
[25.180s][info ][gc,metaspace  ] GC(166) Metaspace: 557K(704K)->557K(704K) NonClass: 520K(576K)->520K(576K) Class: 37K(128K)->37K(128K)
[25.181s][debug][gc,heap       ] GC(166) Heap after GC invocations=167 (full 0):
[25.181s][debug][gc,heap       ] GC(166)  garbage-first heap   total 1048576K, used 412720K [0x00000000c0000000, 0x0000000100000000)
[25.181s][debug][gc,heap       ] GC(166)   region size 1024K, 30 young (30720K), 30 survivors (30720K)
[25.181s][debug][gc,heap       ] GC(166)  Metaspace       used 557K, committed 704K, reserved 1114112K
[25.181s][debug][gc,heap       ] GC(166)   class space    used 37K, committed 128K, reserved 1048576K
[25.181s][info ][gc            ] GC(166) Pause Young (Normal) (G1 Evacuation Pause) 521M->403M(1024M) 132.547ms
[25.181s][info ][gc,cpu        ] GC(166) User=0.54s Sys=0.12s Real=0.14s
[25.284s][debug][gc,heap       ] GC(167) Heap before GC invocations=167 (full 0):
[25.285s][debug][gc,heap       ] GC(167)  garbage-first heap   total 1048576K, used 611376K [0x00000000c0000000, 0x0000000100000000)
[25.285s][debug][gc,heap       ] GC(167)   region size 1024K, 225 young (230400K), 30 survivors (30720K)
[25.285s][debug][gc,heap       ] GC(167)  Metaspace       used 557K, committed 704K, reserved 1114112K
[25.285s][debug][gc,heap       ] GC(167)   class space    used 37K, committed 128K, reserved 1048576K
[25.286s][info ][gc,start      ] GC(167) Pause Young (Normal) (G1 Evacuation Pause)
[25.286s][info ][gc,task       ] GC(167) Using 10 workers of 10 for evacuation
[25.286s][trace][gc,ergo,cset  ] GC(167) Start choosing CSet. Pending cards: 228 target pause time: 200.00ms
[25.286s][trace][gc,ergo,cset  ] GC(167) Added young regions to CSet. Eden: 195 regions, Survivors: 30 regions, predicted eden time: 142.89ms, predicted base time: 41.72ms, target pause time: 200.00ms, remaining time: 15.38ms
[25.287s][debug][gc,ergo       ] GC(167) Running G1 Merge Heap Roots using 10 workers for 225 regions
[25.397s][debug][gc,ergo       ] GC(167) Running G1 Rebuild Free List Task using 10 workers for rebuilding free list of regions
[25.398s][debug][gc,ergo,heap  ] GC(167) Heap expansion: short term pause time ratio 52.54% long term pause time ratio 65.05% threshold 7.69% pause time ratio 7.69% fully expanded true resize by 0B
[25.398s][debug][gc,ergo,refine] GC(167) Concurrent refinement times: Logged Cards Scan time goal: 20.00ms Logged Cards Scan time: 0.16ms HCC time: 0.00ms
[25.398s][trace][gc,ergo,refine] GC(167) Updating Refinement Zones: logged cards scan time: 0.159ms, processed cards: 195, goal time: 19.998ms
[25.398s][debug][gc,ergo,refine] GC(167) Updated Refinement Zones: green: 2560, yellow: 7680, red: 12800
[25.398s][info ][gc,phases     ] GC(167)   Pre Evacuate Collection Set: 0.5ms
[25.399s][info ][gc,phases     ] GC(167)   Merge Heap Roots: 0.3ms
[25.399s][info ][gc,phases     ] GC(167)   Evacuate Collection Set: 59.5ms
[25.399s][info ][gc,phases     ] GC(167)   Post Evacuate Collection Set: 51.2ms
[25.399s][info ][gc,phases     ] GC(167)   Other: 2.6ms
[25.399s][info ][gc,heap       ] GC(167) Eden regions: 195->0(184)
[25.399s][info ][gc,heap       ] GC(167) Survivor regions: 30->29(29)
[25.399s][info ][gc,heap       ] GC(167) Old regions: 373->450
[25.399s][info ][gc,heap       ] GC(167) Archive regions: 2->2
[25.399s][info ][gc,heap       ] GC(167) Humongous regions: 0->0
[25.399s][info ][gc,metaspace  ] GC(167) Metaspace: 557K(704K)->557K(704K) NonClass: 520K(576K)->520K(576K) Class: 37K(128K)->37K(128K)
[25.401s][debug][gc,heap       ] GC(167) Heap after GC invocations=168 (full 0):
[25.401s][debug][gc,heap       ] GC(167)  garbage-first heap   total 1048576K, used 490930K [0x00000000c0000000, 0x0000000100000000)
[25.401s][debug][gc,heap       ] GC(167)   region size 1024K, 29 young (29696K), 29 survivors (29696K)
[25.402s][debug][gc,heap       ] GC(167)  Metaspace       used 557K, committed 704K, reserved 1114112K
[25.402s][debug][gc,heap       ] GC(167)   class space    used 37K, committed 128K, reserved 1048576K
[25.403s][info ][gc            ] GC(167) Pause Young (Normal) (G1 Evacuation Pause) 597M->479M(1024M) 116.806ms
[25.403s][info ][gc,cpu        ] GC(167) User=0.58s Sys=0.05s Real=0.12s
[25.479s][debug][gc,heap       ] GC(168) Heap before GC invocations=168 (full 0):
[25.479s][debug][gc,heap       ] GC(168)  garbage-first heap   total 1048576K, used 678322K [0x00000000c0000000, 0x0000000100000000)
[25.479s][debug][gc,heap       ] GC(168)   region size 1024K, 213 young (218112K), 29 survivors (29696K)
[25.479s][debug][gc,heap       ] GC(168)  Metaspace       used 557K, committed 704K, reserved 1114112K
[25.479s][debug][gc,heap       ] GC(168)   class space    used 37K, committed 128K, reserved 1048576K
[25.480s][info ][gc,start      ] GC(168) Pause Young (Normal) (G1 Evacuation Pause)
[25.481s][info ][gc,task       ] GC(168) Using 10 workers of 10 for evacuation
[25.481s][trace][gc,ergo,cset  ] GC(168) Start choosing CSet. Pending cards: 202 target pause time: 200.00ms
[25.481s][trace][gc,ergo,cset  ] GC(168) Added young regions to CSet. Eden: 184 regions, Survivors: 29 regions, predicted eden time: 127.82ms, predicted base time: 47.15ms, target pause time: 200.00ms, remaining time: 25.03ms
[25.482s][debug][gc,ergo       ] GC(168) Running G1 Merge Heap Roots using 10 workers for 213 regions
[25.593s][debug][gc,ergo       ] GC(168) Running G1 Rebuild Free List Task using 10 workers for rebuilding free list of regions
[25.593s][debug][gc,ergo,heap  ] GC(168) Heap expansion: short term pause time ratio 51.37% long term pause time ratio 62.71% threshold 7.69% pause time ratio 7.69% fully expanded true resize by 0B
[25.593s][debug][gc,ergo,refine] GC(168) Concurrent refinement times: Logged Cards Scan time goal: 20.00ms Logged Cards Scan time: 0.14ms HCC time: 0.00ms
[25.593s][trace][gc,ergo,refine] GC(168) Updating Refinement Zones: logged cards scan time: 0.139ms, processed cards: 177, goal time: 19.999ms
[25.593s][debug][gc,ergo,refine] GC(168) Updated Refinement Zones: green: 2560, yellow: 7680, red: 12800
[25.593s][info ][gc,phases     ] GC(168)   Pre Evacuate Collection Set: 0.6ms
[25.593s][info ][gc,phases     ] GC(168)   Merge Heap Roots: 0.4ms
[25.593s][info ][gc,phases     ] GC(168)   Evacuate Collection Set: 65.8ms
[25.593s][info ][gc,phases     ] GC(168)   Post Evacuate Collection Set: 45.1ms
[25.593s][info ][gc,phases     ] GC(168)   Other: 2.6ms
[25.593s][info ][gc,heap       ] GC(168) Eden regions: 184->0(149)
[25.593s][info ][gc,heap       ] GC(168) Survivor regions: 29->27(27)
[25.593s][info ][gc,heap       ] GC(168) Old regions: 450->534
[25.593s][info ][gc,heap       ] GC(168) Archive regions: 2->2
[25.593s][info ][gc,heap       ] GC(168) Humongous regions: 0->0
[25.594s][info ][gc,metaspace  ] GC(168) Metaspace: 557K(704K)->557K(704K) NonClass: 520K(576K)->520K(576K) Class: 37K(128K)->37K(128K)
[25.594s][debug][gc,heap       ] GC(168) Heap after GC invocations=169 (full 0):
[25.594s][debug][gc,heap       ] GC(168)  garbage-first heap   total 1048576K, used 574640K [0x00000000c0000000, 0x0000000100000000)
[25.594s][debug][gc,heap       ] GC(168)   region size 1024K, 27 young (27648K), 27 survivors (27648K)
[25.594s][debug][gc,heap       ] GC(168)  Metaspace       used 557K, committed 704K, reserved 1114112K
[25.594s][debug][gc,heap       ] GC(168)   class space    used 37K, committed 128K, reserved 1048576K
[25.594s][info ][gc            ] GC(168) Pause Young (Normal) (G1 Evacuation Pause) 663M->561M(1024M) 113.511ms
[25.594s][info ][gc,cpu        ] GC(168) User=0.48s Sys=0.07s Real=0.11s
[25.669s][debug][gc,heap       ] GC(169) Heap before GC invocations=169 (full 0):
[25.669s][debug][gc,heap       ] GC(169)  garbage-first heap   total 1048576K, used 726192K [0x00000000c0000000, 0x0000000100000000)
[25.669s][debug][gc,heap       ] GC(169)   region size 1024K, 176 young (180224K), 27 survivors (27648K)
[25.669s][debug][gc,heap       ] GC(169)  Metaspace       used 557K, committed 704K, reserved 1114112K
[25.669s][debug][gc,heap       ] GC(169)   class space    used 37K, committed 128K, reserved 1048576K
[25.670s][info ][gc,start      ] GC(169) Pause Young (Normal) (G1 Evacuation Pause)
[25.670s][info ][gc,task       ] GC(169) Using 10 workers of 10 for evacuation
[25.670s][trace][gc,ergo,cset  ] GC(169) Start choosing CSet. Pending cards: 210 target pause time: 200.00ms
[25.670s][trace][gc,ergo,cset  ] GC(169) Added young regions to CSet. Eden: 149 regions, Survivors: 27 regions, predicted eden time: 103.47ms, predicted base time: 48.32ms, target pause time: 200.00ms, remaining time: 48.21ms
[25.670s][debug][gc,ergo       ] GC(169) Running G1 Merge Heap Roots using 10 workers for 176 regions
[25.770s][debug][gc,ergo       ] GC(169) Running G1 Rebuild Free List Task using 10 workers for rebuilding free list of regions
[25.772s][debug][gc,ergo,heap  ] GC(169) Heap expansion: short term pause time ratio 57.76% long term pause time ratio 61.54% threshold 7.69% pause time ratio 7.69% fully expanded true resize by 0B
[25.772s][debug][gc,ergo,refine] GC(169) Concurrent refinement times: Logged Cards Scan time goal: 20.00ms Logged Cards Scan time: 0.18ms HCC time: 0.00ms
[25.772s][trace][gc,ergo,refine] GC(169) Updating Refinement Zones: logged cards scan time: 0.177ms, processed cards: 185, goal time: 19.999ms
[25.772s][debug][gc,ergo,refine] GC(169) Updated Refinement Zones: green: 2560, yellow: 7680, red: 12800
[25.772s][info ][gc,phases     ] GC(169)   Pre Evacuate Collection Set: 0.4ms
[25.772s][info ][gc,phases     ] GC(169)   Merge Heap Roots: 0.3ms
[25.772s][info ][gc,phases     ] GC(169)   Evacuate Collection Set: 61.9ms
[25.772s][info ][gc,phases     ] GC(169)   Post Evacuate Collection Set: 39.0ms
[25.772s][info ][gc,phases     ] GC(169)   Other: 2.1ms
[25.772s][info ][gc,heap       ] GC(169) Eden regions: 149->0(110)
[25.772s][info ][gc,heap       ] GC(169) Survivor regions: 27->22(22)
[25.772s][info ][gc,heap       ] GC(169) Old regions: 534->618
[25.772s][info ][gc,heap       ] GC(169) Archive regions: 2->2
[25.772s][info ][gc,heap       ] GC(169) Humongous regions: 0->0
[25.772s][info ][gc,metaspace  ] GC(169) Metaspace: 557K(704K)->557K(704K) NonClass: 520K(576K)->520K(576K) Class: 37K(128K)->37K(128K)
[25.773s][debug][gc,heap       ] GC(169) Heap after GC invocations=170 (full 0):
[25.773s][debug][gc,heap       ] GC(169)  garbage-first heap   total 1048576K, used 655408K [0x00000000c0000000, 0x0000000100000000)
[25.773s][debug][gc,heap       ] GC(169)   region size 1024K, 22 young (22528K), 22 survivors (22528K)
[25.773s][debug][gc,heap       ] GC(169)  Metaspace       used 557K, committed 704K, reserved 1114112K
[25.773s][debug][gc,heap       ] GC(169)   class space    used 37K, committed 128K, reserved 1048576K
[25.773s][info ][gc            ] GC(169) Pause Young (Normal) (G1 Evacuation Pause) 710M->640M(1024M) 103.127ms
[25.773s][info ][gc,cpu        ] GC(169) User=0.44s Sys=0.08s Real=0.10s
[25.826s][debug][gc,heap       ] GC(170) Heap before GC invocations=170 (full 0):
[25.826s][debug][gc,heap       ] GC(170)  garbage-first heap   total 1048576K, used 767024K [0x00000000c0000000, 0x0000000100000000)
[25.826s][debug][gc,heap       ] GC(170)   region size 1024K, 132 young (135168K), 22 survivors (22528K)
[25.826s][debug][gc,heap       ] GC(170)  Metaspace       used 557K, committed 704K, reserved 1114112K
[25.826s][debug][gc,heap       ] GC(170)   class space    used 37K, committed 128K, reserved 1048576K
[25.827s][info ][gc,start      ] GC(170) Pause Young (Normal) (G1 Evacuation Pause)
[25.827s][info ][gc,task       ] GC(170) Using 10 workers of 10 for evacuation
[25.827s][trace][gc,ergo,cset  ] GC(170) Start choosing CSet. Pending cards: 213 target pause time: 200.00ms
[25.827s][trace][gc,ergo,cset  ] GC(170) Added young regions to CSet. Eden: 110 regions, Survivors: 22 regions, predicted eden time: 80.31ms, predicted base time: 46.55ms, target pause time: 200.00ms, remaining time: 73.14ms
[25.828s][debug][gc,ergo       ] GC(170) Running G1 Merge Heap Roots using 10 workers for 132 regions
[25.920s][debug][gc,ergo       ] GC(170) Running G1 Rebuild Free List Task using 10 workers for rebuilding free list of regions
[25.921s][debug][gc,ergo,heap  ] GC(170) Heap expansion: short term pause time ratio 57.22% long term pause time ratio 60.51% threshold 7.69% pause time ratio 7.69% fully expanded true resize by 0B
[25.921s][debug][gc,ergo,refine] GC(170) Concurrent refinement times: Logged Cards Scan time goal: 20.00ms Logged Cards Scan time: 0.15ms HCC time: 0.00ms
[25.921s][trace][gc,ergo,refine] GC(170) Updating Refinement Zones: logged cards scan time: 0.147ms, processed cards: 188, goal time: 19.999ms
[25.921s][debug][gc,ergo,refine] GC(170) Updated Refinement Zones: green: 2560, yellow: 7680, red: 12800
[25.921s][info ][gc,phases     ] GC(170)   Pre Evacuate Collection Set: 0.5ms
[25.921s][info ][gc,phases     ] GC(170)   Merge Heap Roots: 0.2ms
[25.921s][info ][gc,phases     ] GC(170)   Evacuate Collection Set: 60.2ms
[25.921s][info ][gc,phases     ] GC(170)   Post Evacuate Collection Set: 32.2ms
[25.921s][info ][gc,phases     ] GC(170)   Other: 1.6ms
[25.921s][info ][gc,heap       ] GC(170) Eden regions: 110->0(74)
[25.921s][info ][gc,heap       ] GC(170) Survivor regions: 22->17(17)
[25.921s][info ][gc,heap       ] GC(170) Old regions: 618->694
[25.921s][info ][gc,heap       ] GC(170) Archive regions: 2->2
[25.921s][info ][gc,heap       ] GC(170) Humongous regions: 0->0
[25.921s][info ][gc,metaspace  ] GC(170) Metaspace: 557K(704K)->557K(704K) NonClass: 520K(576K)->520K(576K) Class: 37K(128K)->37K(128K)
[25.921s][debug][gc,heap       ] GC(170) Heap after GC invocations=171 (full 0):
[25.921s][debug][gc,heap       ] GC(170)  garbage-first heap   total 1048576K, used 728752K [0x00000000c0000000, 0x0000000100000000)
[25.921s][debug][gc,heap       ] GC(170)   region size 1024K, 17 young (17408K), 17 survivors (17408K)
[25.921s][debug][gc,heap       ] GC(170)  Metaspace       used 557K, committed 704K, reserved 1114112K
[25.921s][debug][gc,heap       ] GC(170)   class space    used 37K, committed 128K, reserved 1048576K
[25.921s][info ][gc            ] GC(170) Pause Young (Normal) (G1 Evacuation Pause) 749M->711M(1024M) 94.581ms
[25.921s][info ][gc,cpu        ] GC(170) User=0.34s Sys=0.08s Real=0.10s
[25.970s][debug][gc,heap       ] GC(171) Heap before GC invocations=171 (full 0):
[25.970s][debug][gc,heap       ] GC(171)  garbage-first heap   total 1048576K, used 803504K [0x00000000c0000000, 0x0000000100000000)
[25.970s][debug][gc,heap       ] GC(171)   region size 1024K, 91 young (93184K), 17 survivors (17408K)
[25.970s][debug][gc,heap       ] GC(171)  Metaspace       used 557K, committed 704K, reserved 1114112K
[25.970s][debug][gc,heap       ] GC(171)   class space    used 37K, committed 128K, reserved 1048576K
[25.971s][info ][gc,start      ] GC(171) Pause Young (Normal) (G1 Evacuation Pause)
[25.971s][info ][gc,task       ] GC(171) Using 10 workers of 10 for evacuation
[25.971s][trace][gc,ergo,cset  ] GC(171) Start choosing CSet. Pending cards: 249 target pause time: 200.00ms
[25.971s][trace][gc,ergo,cset  ] GC(171) Added young regions to CSet. Eden: 74 regions, Survivors: 17 regions, predicted eden time: 61.36ms, predicted base time: 43.60ms, target pause time: 200.00ms, remaining time: 95.04ms
[25.971s][debug][gc,ergo       ] GC(171) Running G1 Merge Heap Roots using 10 workers for 91 regions
[26.035s][debug][gc,ergo       ] GC(171) Running G1 Rebuild Free List Task using 10 workers for rebuilding free list of regions
[26.036s][debug][gc,ergo,heap  ] GC(171) Heap expansion: short term pause time ratio 63.05% long term pause time ratio 60.72% threshold 7.69% pause time ratio 7.69% fully expanded true resize by 0B
[26.036s][debug][gc,ergo,refine] GC(171) Concurrent refinement times: Logged Cards Scan time goal: 20.00ms Logged Cards Scan time: 0.43ms HCC time: 0.00ms
[26.036s][trace][gc,ergo,refine] GC(171) Updating Refinement Zones: logged cards scan time: 0.429ms, processed cards: 232, goal time: 19.999ms
[26.036s][debug][gc,ergo,refine] GC(171) Updated Refinement Zones: green: 2560, yellow: 7680, red: 12800
[26.036s][info ][gc,phases     ] GC(171)   Pre Evacuate Collection Set: 0.4ms
[26.036s][info ][gc,phases     ] GC(171)   Merge Heap Roots: 0.3ms
[26.036s][info ][gc,phases     ] GC(171)   Evacuate Collection Set: 43.7ms
[26.036s][info ][gc,phases     ] GC(171)   Post Evacuate Collection Set: 19.9ms
[26.036s][info ][gc,phases     ] GC(171)   Other: 1.8ms
[26.036s][info ][gc,heap       ] GC(171) Eden regions: 74->0(50)
[26.036s][info ][gc,heap       ] GC(171) Survivor regions: 17->12(12)
[26.036s][info ][gc,heap       ] GC(171) Old regions: 694->756
[26.036s][info ][gc,heap       ] GC(171) Archive regions: 2->2
[26.036s][info ][gc,heap       ] GC(171) Humongous regions: 0->0
[26.036s][info ][gc,metaspace  ] GC(171) Metaspace: 557K(704K)->557K(704K) NonClass: 520K(576K)->520K(576K) Class: 37K(128K)->37K(128K)
[26.036s][debug][gc,heap       ] GC(171) Heap after GC invocations=172 (full 0):
[26.036s][debug][gc,heap       ] GC(171)  garbage-first heap   total 1048576K, used 787250K [0x00000000c0000000, 0x0000000100000000)
[26.036s][debug][gc,heap       ] GC(171)   region size 1024K, 12 young (12288K), 12 survivors (12288K)
[26.036s][debug][gc,heap       ] GC(171)  Metaspace       used 557K, committed 704K, reserved 1114112K
[26.036s][debug][gc,heap       ] GC(171)   class space    used 37K, committed 128K, reserved 1048576K
[26.036s][info ][gc            ] GC(171) Pause Young (Normal) (G1 Evacuation Pause) 785M->768M(1024M) 65.526ms
[26.036s][info ][gc,cpu        ] GC(171) User=0.25s Sys=0.03s Real=0.06s
[26.061s][debug][gc,heap       ] GC(172) Heap before GC invocations=172 (full 0):
[26.061s][debug][gc,heap       ] GC(172)  garbage-first heap   total 1048576K, used 837426K [0x00000000c0000000, 0x0000000100000000)
[26.061s][debug][gc,heap       ] GC(172)   region size 1024K, 62 young (63488K), 12 survivors (12288K)
[26.061s][debug][gc,heap       ] GC(172)  Metaspace       used 557K, committed 704K, reserved 1114112K
[26.061s][debug][gc,heap       ] GC(172)   class space    used 37K, committed 128K, reserved 1048576K
[26.062s][info ][gc,start      ] GC(172) Pause Young (Normal) (G1 Evacuation Pause)
[26.062s][info ][gc,task       ] GC(172) Using 10 workers of 10 for evacuation
[26.062s][trace][gc,ergo,cset  ] GC(172) Start choosing CSet. Pending cards: 247 target pause time: 200.00ms
[26.062s][trace][gc,ergo,cset  ] GC(172) Added young regions to CSet. Eden: 50 regions, Survivors: 12 regions, predicted eden time: 43.80ms, predicted base time: 38.91ms, target pause time: 200.00ms, remaining time: 117.29ms
[26.063s][debug][gc,ergo       ] GC(172) Running G1 Merge Heap Roots using 10 workers for 62 regions
[26.111s][debug][gc,ergo       ] GC(172) Running G1 Rebuild Free List Task using 10 workers for rebuilding free list of regions
[26.111s][debug][gc,ergo,heap  ] GC(172) Heap expansion: short term pause time ratio 56.32% long term pause time ratio 56.89% threshold 7.69% pause time ratio 7.69% fully expanded true resize by 0B
[26.111s][debug][gc,ergo,ihop  ] GC(172) Request concurrent cycle initiation (occupancy higher than threshold) occupancy: 848297984B allocation request: 0B threshold: 847309181B (78.91) source: end of GC
[26.111s][debug][gc,ergo,refine] GC(172) Concurrent refinement times: Logged Cards Scan time goal: 20.00ms Logged Cards Scan time: 0.18ms HCC time: 0.00ms
[26.111s][trace][gc,ergo,refine] GC(172) Updating Refinement Zones: logged cards scan time: 0.180ms, processed cards: 222, goal time: 19.999ms
[26.111s][debug][gc,ergo,refine] GC(172) Updated Refinement Zones: green: 2560, yellow: 7680, red: 12800
[26.111s][info ][gc,phases     ] GC(172)   Pre Evacuate Collection Set: 0.4ms
[26.112s][info ][gc,phases     ] GC(172)   Merge Heap Roots: 0.3ms
[26.112s][info ][gc,phases     ] GC(172)   Evacuate Collection Set: 34.4ms
[26.112s][info ][gc,phases     ] GC(172)   Post Evacuate Collection Set: 13.7ms
[26.112s][info ][gc,phases     ] GC(172)   Other: 1.5ms
[26.112s][info ][gc,heap       ] GC(172) Eden regions: 50->0(43)
[26.112s][info ][gc,heap       ] GC(172) Survivor regions: 12->8(8)
[26.112s][info ][gc,heap       ] GC(172) Old regions: 756->807
[26.112s][info ][gc,heap       ] GC(172) Archive regions: 2->2
[26.112s][info ][gc,heap       ] GC(172) Humongous regions: 0->0
[26.112s][info ][gc,metaspace  ] GC(172) Metaspace: 557K(704K)->557K(704K) NonClass: 520K(576K)->520K(576K) Class: 37K(128K)->37K(128K)
[26.112s][debug][gc,heap       ] GC(172) Heap after GC invocations=173 (full 0):
[26.112s][debug][gc,heap       ] GC(172)  garbage-first heap   total 1048576K, used 834736K [0x00000000c0000000, 0x0000000100000000)
[26.113s][debug][gc,heap       ] GC(172)   region size 1024K, 8 young (8192K), 8 survivors (8192K)
[26.113s][debug][gc,heap       ] GC(172)  Metaspace       used 557K, committed 704K, reserved 1114112K
[26.113s][debug][gc,heap       ] GC(172)   class space    used 37K, committed 128K, reserved 1048576K
[26.113s][info ][gc            ] GC(172) Pause Young (Normal) (G1 Evacuation Pause) 818M->815M(1024M) 50.681ms
[26.113s][info ][gc,cpu        ] GC(172) User=0.18s Sys=0.02s Real=0.05s
[26.136s][debug][gc,heap       ] GC(173) Heap before GC invocations=173 (full 0):
[26.136s][debug][gc,heap       ] GC(173)  garbage-first heap   total 1048576K, used 877744K [0x00000000c0000000, 0x0000000100000000)
[26.136s][debug][gc,heap       ] GC(173)   region size 1024K, 51 young (52224K), 8 survivors (8192K)
[26.136s][debug][gc,heap       ] GC(173)  Metaspace       used 557K, committed 704K, reserved 1114112K
[26.136s][debug][gc,heap       ] GC(173)   class space    used 37K, committed 128K, reserved 1048576K
[26.137s][debug][gc,ergo       ] GC(173) Initiate concurrent cycle (concurrent cycle initiation requested)
[26.137s][info ][gc,start      ] GC(173) Pause Young (Concurrent Start) (G1 Evacuation Pause)
[26.137s][info ][gc,task       ] GC(173) Using 10 workers of 10 for evacuation
[26.137s][trace][gc,ergo,cset  ] GC(173) Start choosing CSet. Pending cards: 271 target pause time: 200.00ms
[26.137s][trace][gc,ergo,cset  ] GC(173) Added young regions to CSet. Eden: 43 regions, Survivors: 8 regions, predicted eden time: 36.65ms, predicted base time: 33.88ms, target pause time: 200.00ms, remaining time: 129.47ms
[26.138s][debug][gc,ergo       ] GC(173) Running G1 Merge Heap Roots using 10 workers for 51 regions
[26.194s][debug][gc,ergo       ] GC(173) Running G1 Rebuild Free List Task using 10 workers for rebuilding free list of regions
[26.195s][debug][gc,ergo,heap  ] GC(173) Heap expansion: short term pause time ratio 65.07% long term pause time ratio 56.00% threshold 7.69% pause time ratio 7.69% fully expanded true resize by 0B
[26.198s][debug][gc,ergo,refine] GC(173) Concurrent refinement times: Logged Cards Scan time goal: 20.00ms Logged Cards Scan time: 1.12ms HCC time: 0.00ms
[26.198s][trace][gc,ergo,refine] GC(173) Updating Refinement Zones: logged cards scan time: 1.124ms, processed cards: 246, goal time: 19.999ms
[26.198s][debug][gc,ergo,refine] GC(173) Updated Refinement Zones: green: 2560, yellow: 7680, red: 12800
[26.198s][info ][gc,phases     ] GC(173)   Pre Evacuate Collection Set: 0.4ms
[26.198s][info ][gc,phases     ] GC(173)   Merge Heap Roots: 0.3ms
[26.198s][info ][gc,phases     ] GC(173)   Evacuate Collection Set: 37.1ms
[26.198s][info ][gc,phases     ] GC(173)   Post Evacuate Collection Set: 19.5ms
[26.198s][info ][gc,phases     ] GC(173)   Other: 5.3ms
[26.198s][info ][gc,heap       ] GC(173) Eden regions: 43->0(44)
[26.198s][info ][gc,heap       ] GC(173) Survivor regions: 8->7(7)
[26.198s][info ][gc,heap       ] GC(173) Old regions: 807->849
[26.198s][info ][gc,heap       ] GC(173) Archive regions: 2->2
[26.198s][info ][gc,heap       ] GC(173) Humongous regions: 0->0
[26.198s][info ][gc,metaspace  ] GC(173) Metaspace: 557K(704K)->557K(704K) NonClass: 520K(576K)->520K(576K) Class: 37K(128K)->37K(128K)
[26.203s][debug][gc,heap       ] GC(173) Heap after GC invocations=174 (full 0):
[26.203s][debug][gc,heap       ] GC(173)  garbage-first heap   total 1048576K, used 877104K [0x00000000c0000000, 0x0000000100000000)
[26.203s][debug][gc,heap       ] GC(173)   region size 1024K, 7 young (7168K), 7 survivors (7168K)
[26.203s][debug][gc,heap       ] GC(173)  Metaspace       used 557K, committed 704K, reserved 1114112K
[26.203s][debug][gc,heap       ] GC(173)   class space    used 37K, committed 128K, reserved 1048576K
[26.203s][info ][gc            ] GC(173) Pause Young (Concurrent Start) (G1 Evacuation Pause) 858M->856M(1024M) 66.273ms
[26.203s][info ][gc,cpu        ] GC(173) User=0.15s Sys=0.05s Real=0.07s
[26.203s][info ][gc            ] GC(174) Concurrent Mark Cycle
[26.203s][info ][gc,marking    ] GC(174) Concurrent Clear Claimed Marks
[26.203s][info ][gc,marking    ] GC(174) Concurrent Clear Claimed Marks 0.015ms
[26.203s][info ][gc,marking    ] GC(174) Concurrent Scan Root Regions
[26.203s][debug][gc,ergo       ] GC(174) Running G1 Root Region Scan using 3 workers for 50 work units.
[26.204s][info ][gc,marking    ] GC(174) Concurrent Scan Root Regions 0.616ms
[26.204s][info ][gc,marking    ] GC(174) Concurrent Mark
[26.204s][info ][gc,marking    ] GC(174) Concurrent Mark From Roots
[26.204s][info ][gc,task       ] GC(174) Using 3 workers of 3 for marking
[26.216s][debug][gc,heap       ] GC(175) Heap before GC invocations=174 (full 0):
[26.216s][debug][gc,heap       ] GC(175)  garbage-first heap   total 1048576K, used 921136K [0x00000000c0000000, 0x0000000100000000)
[26.216s][debug][gc,heap       ] GC(175)   region size 1024K, 51 young (52224K), 7 survivors (7168K)
[26.216s][debug][gc,heap       ] GC(175)  Metaspace       used 557K, committed 704K, reserved 1114112K
[26.216s][debug][gc,heap       ] GC(175)   class space    used 37K, committed 128K, reserved 1048576K
[26.217s][info ][gc,start      ] GC(175) Pause Young (Normal) (G1 Evacuation Pause)
[26.217s][info ][gc,task       ] GC(175) Using 10 workers of 10 for evacuation
[26.217s][trace][gc,ergo,cset  ] GC(175) Start choosing CSet. Pending cards: 276 target pause time: 200.00ms
[26.217s][trace][gc,ergo,cset  ] GC(175) Added young regions to CSet. Eden: 44 regions, Survivors: 7 regions, predicted eden time: 47.64ms, predicted base time: 31.84ms, target pause time: 200.00ms, remaining time: 120.51ms
[26.218s][debug][gc,ergo       ] GC(175) Running G1 Merge Heap Roots using 10 workers for 51 regions
[26.270s][debug][gc,ergo       ] GC(175) Running G1 Rebuild Free List Task using 10 workers for rebuilding free list of regions
[26.270s][debug][gc,ergo,heap  ] GC(175) Heap expansion: short term pause time ratio 70.71% long term pause time ratio 56.83% threshold 7.69% pause time ratio 7.69% fully expanded true resize by 0B
[26.270s][debug][gc,ergo,refine] GC(175) Concurrent refinement times: Logged Cards Scan time goal: 20.00ms Logged Cards Scan time: 0.52ms HCC time: 0.00ms
[26.270s][trace][gc,ergo,refine] GC(175) Updating Refinement Zones: logged cards scan time: 0.522ms, processed cards: 259, goal time: 19.999ms
[26.270s][debug][gc,ergo,refine] GC(175) Updated Refinement Zones: green: 2560, yellow: 7680, red: 12800
[26.270s][info ][gc,phases     ] GC(175)   Pre Evacuate Collection Set: 0.5ms
[26.270s][info ][gc,phases     ] GC(175)   Merge Heap Roots: 0.3ms
[26.270s][info ][gc,phases     ] GC(175)   Evacuate Collection Set: 33.4ms
[26.270s][info ][gc,phases     ] GC(175)   Post Evacuate Collection Set: 17.9ms
[26.270s][info ][gc,phases     ] GC(175)   Other: 2.3ms
[26.270s][info ][gc,heap       ] GC(175) Eden regions: 44->0(44)
[26.270s][info ][gc,heap       ] GC(175) Survivor regions: 7->7(7)
[26.270s][info ][gc,heap       ] GC(175) Old regions: 849->892
[26.270s][info ][gc,heap       ] GC(175) Archive regions: 2->2
[26.270s][info ][gc,heap       ] GC(175) Humongous regions: 0->0
[26.270s][info ][gc,metaspace  ] GC(175) Metaspace: 557K(704K)->557K(704K) NonClass: 520K(576K)->520K(576K) Class: 37K(128K)->37K(128K)
[26.271s][debug][gc,heap       ] GC(175) Heap after GC invocations=175 (full 0):
[26.271s][debug][gc,heap       ] GC(175)  garbage-first heap   total 1048576K, used 920624K [0x00000000c0000000, 0x0000000100000000)
[26.271s][debug][gc,heap       ] GC(175)   region size 1024K, 7 young (7168K), 7 survivors (7168K)
[26.271s][debug][gc,heap       ] GC(175)  Metaspace       used 557K, committed 704K, reserved 1114112K
[26.271s][debug][gc,heap       ] GC(175)   class space    used 37K, committed 128K, reserved 1048576K
[26.271s][info ][gc            ] GC(175) Pause Young (Normal) (G1 Evacuation Pause) 900M->899M(1024M) 53.838ms
[26.271s][info ][gc,cpu        ] GC(175) User=0.18s Sys=0.01s Real=0.06s
[26.273s][info ][gc,marking    ] GC(174) Concurrent Mark From Roots 69.251ms
[26.273s][info ][gc,marking    ] GC(174) Concurrent Preclean
[26.273s][info ][gc,marking    ] GC(174) Concurrent Preclean 0.196ms
[26.274s][info ][gc,start      ] GC(174) Pause Remark
[26.279s][debug][gc,ergo       ] GC(174) Running G1 Update RemSet Tracking Before Rebuild using 3 workers for 1024 regions in heap
[26.423s][info ][gc            ] GC(174) Pause Remark 910M->187M(1024M) 149.289ms
[26.423s][info ][gc,cpu        ] GC(174) User=1.35s Sys=0.06s Real=0.15s
[26.423s][info ][gc,marking    ] GC(174) Concurrent Mark 219.548ms
[26.423s][info ][gc,marking    ] GC(174) Concurrent Rebuild Remembered Sets
[26.430s][info ][gc,marking    ] GC(174) Concurrent Rebuild Remembered Sets 6.920ms
[26.431s][info ][gc,start      ] GC(174) Pause Cleanup
[26.432s][debug][gc,ergo,cset  ] GC(174) Pruned 54 regions out of 64, leaving 47347296 bytes waste (allowed 53687091)
[26.432s][info ][gc            ] GC(174) Pause Cleanup 201M->201M(1024M) 1.087ms
[26.432s][info ][gc,cpu        ] GC(174) User=0.00s Sys=0.00s Real=0.00s
[26.432s][info ][gc,marking    ] GC(174) Concurrent Cleanup for Next Mark
[26.432s][debug][gc,ergo       ] GC(174) Running G1 Clear Bitmap with 3 workers for 16 work units.
[26.435s][info ][gc,marking    ] GC(174) Concurrent Cleanup for Next Mark 2.743ms
[26.435s][info ][gc            ] GC(174) Concurrent Mark Cycle 231.826ms
[26.448s][debug][gc,heap       ] GC(176) Heap before GC invocations=176 (full 0):
[26.448s][debug][gc,heap       ] GC(176)  garbage-first heap   total 1048576K, used 224304K [0x00000000c0000000, 0x0000000100000000)
[26.448s][debug][gc,heap       ] GC(176)   region size 1024K, 51 young (52224K), 7 survivors (7168K)
[26.448s][debug][gc,heap       ] GC(176)  Metaspace       used 557K, committed 704K, reserved 1114112K
[26.448s][debug][gc,heap       ] GC(176)   class space    used 37K, committed 128K, reserved 1048576K
[26.448s][info ][gc,start      ] GC(176) Pause Young (Prepare Mixed) (G1 Evacuation Pause)
[26.449s][info ][gc,task       ] GC(176) Using 10 workers of 10 for evacuation
[26.449s][trace][gc,ergo,cset  ] GC(176) Start choosing CSet. Pending cards: 263 target pause time: 200.00ms
[26.449s][trace][gc,ergo,cset  ] GC(176) Added young regions to CSet. Eden: 44 regions, Survivors: 7 regions, predicted eden time: 41.17ms, predicted base time: 29.11ms, target pause time: 200.00ms, remaining time: 129.73ms
[26.449s][debug][gc,ergo       ] GC(176) Running G1 Merge Heap Roots using 10 workers for 51 regions
[26.502s][debug][gc,ergo       ] GC(176) Running G1 Rebuild Free List Task using 10 workers for rebuilding free list of regions
[26.503s][debug][gc,ergo,heap  ] GC(176) Heap expansion: short term pause time ratio 11.81% long term pause time ratio 63.87% threshold 7.69% pause time ratio 7.69% fully expanded true resize by 0B
[26.503s][debug][gc,ergo,refine] GC(176) Concurrent refinement times: Logged Cards Scan time goal: 20.00ms Logged Cards Scan time: 0.79ms HCC time: 0.00ms
[26.503s][trace][gc,ergo,refine] GC(176) Updating Refinement Zones: logged cards scan time: 0.793ms, processed cards: 238, goal time: 19.999ms
[26.503s][debug][gc,ergo,refine] GC(176) Updated Refinement Zones: green: 2560, yellow: 7680, red: 12800
[26.503s][info ][gc,phases     ] GC(176)   Pre Evacuate Collection Set: 0.4ms
[26.503s][info ][gc,phases     ] GC(176)   Merge Heap Roots: 0.3ms
[26.503s][info ][gc,phases     ] GC(176)   Evacuate Collection Set: 33.8ms
[26.503s][info ][gc,phases     ] GC(176)   Post Evacuate Collection Set: 19.4ms
[26.503s][info ][gc,phases     ] GC(176)   Other: 1.4ms
[26.503s][info ][gc,heap       ] GC(176) Eden regions: 44->0(44)
[26.503s][info ][gc,heap       ] GC(176) Survivor regions: 7->7(7)
[26.503s][info ][gc,heap       ] GC(176) Old regions: 169->211
[26.503s][info ][gc,heap       ] GC(176) Archive regions: 2->2
[26.503s][info ][gc,heap       ] GC(176) Humongous regions: 0->0
[26.503s][info ][gc,metaspace  ] GC(176) Metaspace: 557K(704K)->557K(704K) NonClass: 520K(576K)->520K(576K) Class: 37K(128K)->37K(128K)
[26.504s][debug][gc,heap       ] GC(176) Heap after GC invocations=177 (full 0):
[26.504s][debug][gc,heap       ] GC(176)  garbage-first heap   total 1048576K, used 223538K [0x00000000c0000000, 0x0000000100000000)
[26.504s][debug][gc,heap       ] GC(176)   region size 1024K, 7 young (7168K), 7 survivors (7168K)
[26.504s][debug][gc,heap       ] GC(176)  Metaspace       used 557K, committed 704K, reserved 1114112K
[26.504s][debug][gc,heap       ] GC(176)   class space    used 37K, committed 128K, reserved 1048576K
[26.504s][info ][gc            ] GC(176) Pause Young (Prepare Mixed) (G1 Evacuation Pause) 219M->218M(1024M) 55.170ms
[26.504s][info ][gc,cpu        ] GC(176) User=0.18s Sys=0.03s Real=0.06s
[26.529s][debug][gc,heap       ] GC(177) Heap before GC invocations=177 (full 0):
[26.529s][debug][gc,heap       ] GC(177)  garbage-first heap   total 1048576K, used 267570K [0x00000000c0000000, 0x0000000100000000)
[26.529s][debug][gc,heap       ] GC(177)   region size 1024K, 51 young (52224K), 7 survivors (7168K)
[26.529s][debug][gc,heap       ] GC(177)  Metaspace       used 557K, committed 704K, reserved 1114112K
[26.529s][debug][gc,heap       ] GC(177)   class space    used 37K, committed 128K, reserved 1048576K
[26.530s][info ][gc,start      ] GC(177) Pause Young (Mixed) (G1 Evacuation Pause)
[26.530s][info ][gc,task       ] GC(177) Using 10 workers of 10 for evacuation
[26.530s][trace][gc,ergo,cset  ] GC(177) Start choosing CSet. Pending cards: 298 target pause time: 200.00ms
[26.530s][trace][gc,ergo,cset  ] GC(177) Added young regions to CSet. Eden: 44 regions, Survivors: 7 regions, predicted eden time: 41.23ms, predicted base time: 27.12ms, target pause time: 200.00ms, remaining time: 131.65ms
[26.530s][debug][gc,ergo,cset  ] GC(177) Start adding old regions to collection set. Min 2 regions, max 103 regions, time remaining 131.65ms, optional threshold 26.33ms
[26.530s][debug][gc,ergo,cset  ] GC(177) Old candidate collection set empty.
[26.530s][debug][gc,ergo,cset  ] GC(177) Finish choosing collection set old regions. Initial: 10, optional: 0, predicted old time: 0.00ms, predicted optional time: 0.00ms, time remaining: 124.81
[26.531s][debug][gc,ergo       ] GC(177) Running G1 Merge Heap Roots using 10 workers for 61 regions
[26.579s][debug][gc,ergo       ] GC(177) Running G1 Rebuild Free List Task using 10 workers for rebuilding free list of regions
[26.580s][debug][gc,ergo,heap  ] GC(177) Heap expansion: short term pause time ratio 76.39% long term pause time ratio 67.15% threshold 7.69% pause time ratio 7.69% fully expanded true resize by 0B
[26.580s][debug][gc,ergo       ] GC(177) do not continue mixed GCs (candidate old regions not available)
[26.580s][debug][gc,ergo,refine] GC(177) Concurrent refinement times: Logged Cards Scan time goal: 20.00ms Logged Cards Scan time: 0.22ms HCC time: 0.00ms
[26.580s][trace][gc,ergo,refine] GC(177) Updating Refinement Zones: logged cards scan time: 0.215ms, processed cards: 281, goal time: 19.999ms
[26.580s][debug][gc,ergo,refine] GC(177) Updated Refinement Zones: green: 2560, yellow: 7680, red: 12800
[26.580s][info ][gc,phases     ] GC(177)   Pre Evacuate Collection Set: 0.4ms
[26.580s][info ][gc,phases     ] GC(177)   Merge Heap Roots: 0.3ms
[26.580s][info ][gc,phases     ] GC(177)   Evacuate Collection Set: 36.1ms
[26.580s][info ][gc,phases     ] GC(177)   Post Evacuate Collection Set: 12.7ms
[26.580s][info ][gc,phases     ] GC(177)   Other: 1.4ms
[26.580s][info ][gc,heap       ] GC(177) Eden regions: 44->0(198)
[26.580s][info ][gc,heap       ] GC(177) Survivor regions: 7->7(7)
[26.580s][info ][gc,heap       ] GC(177) Old regions: 211->242
[26.580s][info ][gc,heap       ] GC(177) Archive regions: 2->2
[26.580s][info ][gc,heap       ] GC(177) Humongous regions: 0->0
[26.580s][info ][gc,metaspace  ] GC(177) Metaspace: 557K(704K)->557K(704K) NonClass: 520K(576K)->520K(576K) Class: 37K(128K)->37K(128K)
[26.581s][debug][gc,heap       ] GC(177) Heap after GC invocations=178 (full 0):
[26.581s][debug][gc,heap       ] GC(177)  garbage-first heap   total 1048576K, used 255792K [0x00000000c0000000, 0x0000000100000000)
[26.581s][debug][gc,heap       ] GC(177)   region size 1024K, 7 young (7168K), 7 survivors (7168K)
[26.581s][debug][gc,heap       ] GC(177)  Metaspace       used 557K, committed 704K, reserved 1114112K
[26.581s][debug][gc,heap       ] GC(177)   class space    used 37K, committed 128K, reserved 1048576K
[26.581s][info ][gc            ] GC(177) Pause Young (Mixed) (G1 Evacuation Pause) 262M->249M(1024M) 50.778ms
[26.581s][info ][gc,cpu        ] GC(177) User=0.18s Sys=0.02s Real=0.05s
[26.638s][debug][gc,heap       ] GC(178) Heap before GC invocations=178 (full 0):
[26.638s][debug][gc,heap       ] GC(178)  garbage-first heap   total 1048576K, used 457520K [0x00000000c0000000, 0x0000000100000000)
[26.638s][debug][gc,heap       ] GC(178)   region size 1024K, 205 young (209920K), 7 survivors (7168K)
[26.638s][debug][gc,heap       ] GC(178)  Metaspace       used 557K, committed 704K, reserved 1114112K
[26.638s][debug][gc,heap       ] GC(178)   class space    used 37K, committed 128K, reserved 1048576K
[26.638s][info ][gc,start      ] GC(178) Pause Young (Normal) (G1 Evacuation Pause)
[26.638s][info ][gc,task       ] GC(178) Using 10 workers of 10 for evacuation
[26.638s][trace][gc,ergo,cset  ] GC(178) Start choosing CSet. Pending cards: 279 target pause time: 200.00ms
[26.638s][trace][gc,ergo,cset  ] GC(178) Added young regions to CSet. Eden: 198 regions, Survivors: 7 regions, predicted eden time: 171.22ms, predicted base time: 24.17ms, target pause time: 200.00ms, remaining time: 4.61ms
[26.639s][debug][gc,ergo       ] GC(178) Running G1 Merge Heap Roots using 10 workers for 205 regions
[26.735s][debug][gc,ergo       ] GC(178) Running G1 Rebuild Free List Task using 10 workers for rebuilding free list of regions
[26.736s][debug][gc,ergo,heap  ] GC(178) Heap expansion: short term pause time ratio 65.09% long term pause time ratio 68.84% threshold 7.69% pause time ratio 7.69% fully expanded true resize by 0B
[26.736s][debug][gc,ergo,refine] GC(178) Concurrent refinement times: Logged Cards Scan time goal: 20.00ms Logged Cards Scan time: 0.16ms HCC time: 0.00ms
[26.736s][trace][gc,ergo,refine] GC(178) Updating Refinement Zones: logged cards scan time: 0.162ms, processed cards: 254, goal time: 19.999ms
[26.736s][debug][gc,ergo,refine] GC(178) Updated Refinement Zones: green: 2560, yellow: 7680, red: 12800
[26.737s][info ][gc,phases     ] GC(178)   Pre Evacuate Collection Set: 0.3ms
[26.737s][info ][gc,phases     ] GC(178)   Merge Heap Roots: 0.4ms
[26.737s][info ][gc,phases     ] GC(178)   Evacuate Collection Set: 42.8ms
[26.737s][info ][gc,phases     ] GC(178)   Post Evacuate Collection Set: 53.8ms
[26.737s][info ][gc,phases     ] GC(178)   Other: 1.6ms
[26.737s][info ][gc,heap       ] GC(178) Eden regions: 198->0(187)
[26.737s][info ][gc,heap       ] GC(178) Survivor regions: 7->26(26)
[26.737s][info ][gc,heap       ] GC(178) Old regions: 242->321
[26.737s][info ][gc,heap       ] GC(178) Archive regions: 2->2
[26.737s][info ][gc,heap       ] GC(178) Humongous regions: 0->0
[26.737s][info ][gc,metaspace  ] GC(178) Metaspace: 557K(704K)->557K(704K) NonClass: 520K(576K)->520K(576K) Class: 37K(128K)->37K(128K)
[26.737s][debug][gc,heap       ] GC(178) Heap after GC invocations=179 (full 0):
[26.737s][debug][gc,heap       ] GC(178)  garbage-first heap   total 1048576K, used 356018K [0x00000000c0000000, 0x0000000100000000)
[26.737s][debug][gc,heap       ] GC(178)   region size 1024K, 26 young (26624K), 26 survivors (26624K)
[26.737s][debug][gc,heap       ] GC(178)  Metaspace       used 557K, committed 704K, reserved 1114112K
[26.737s][debug][gc,heap       ] GC(178)   class space    used 37K, committed 128K, reserved 1048576K
[26.737s][info ][gc            ] GC(178) Pause Young (Normal) (G1 Evacuation Pause) 447M->347M(1024M) 98.987ms
[26.737s][info ][gc,cpu        ] GC(178) User=0.47s Sys=0.03s Real=0.10s
[26.853s][debug][gc,heap       ] GC(179) Heap before GC invocations=179 (full 0):
[26.853s][debug][gc,heap       ] GC(179)  garbage-first heap   total 1048576K, used 546482K [0x00000000c0000000, 0x0000000100000000)
[26.853s][debug][gc,heap       ] GC(179)   region size 1024K, 213 young (218112K), 26 survivors (26624K)
[26.853s][debug][gc,heap       ] GC(179)  Metaspace       used 557K, committed 704K, reserved 1114112K
[26.853s][debug][gc,heap       ] GC(179)   class space    used 37K, committed 128K, reserved 1048576K
[26.854s][info ][gc,start      ] GC(179) Pause Young (Normal) (G1 Evacuation Pause)
[26.854s][info ][gc,task       ] GC(179) Using 10 workers of 10 for evacuation
[26.855s][trace][gc,ergo,cset  ] GC(179) Start choosing CSet. Pending cards: 224 target pause time: 200.00ms
[26.855s][trace][gc,ergo,cset  ] GC(179) Added young regions to CSet. Eden: 187 regions, Survivors: 26 regions, predicted eden time: 148.60ms, predicted base time: 38.84ms, target pause time: 200.00ms, remaining time: 12.56ms
[26.855s][debug][gc,ergo       ] GC(179) Running G1 Merge Heap Roots using 10 workers for 213 regions
[26.971s][debug][gc,ergo       ] GC(179) Running G1 Rebuild Free List Task using 10 workers for rebuilding free list of regions
[26.972s][debug][gc,ergo,heap  ] GC(179) Heap expansion: short term pause time ratio 62.68% long term pause time ratio 69.99% threshold 7.69% pause time ratio 7.69% fully expanded true resize by 0B
[26.972s][debug][gc,ergo,refine] GC(179) Concurrent refinement times: Logged Cards Scan time goal: 20.00ms Logged Cards Scan time: 0.46ms HCC time: 0.00ms
[26.972s][trace][gc,ergo,refine] GC(179) Updating Refinement Zones: logged cards scan time: 0.462ms, processed cards: 199, goal time: 19.999ms
[26.972s][debug][gc,ergo,refine] GC(179) Updated Refinement Zones: green: 2560, yellow: 7680, red: 12800
[26.972s][info ][gc,phases     ] GC(179)   Pre Evacuate Collection Set: 0.4ms
[26.972s][info ][gc,phases     ] GC(179)   Merge Heap Roots: 0.3ms
[26.972s][info ][gc,phases     ] GC(179)   Evacuate Collection Set: 69.2ms
[26.972s][info ][gc,phases     ] GC(179)   Post Evacuate Collection Set: 47.0ms
[26.972s][info ][gc,phases     ] GC(179)   Other: 2.2ms
[26.972s][info ][gc,heap       ] GC(179) Eden regions: 187->0(193)
[26.972s][info ][gc,heap       ] GC(179) Survivor regions: 26->27(27)
[26.972s][info ][gc,heap       ] GC(179) Old regions: 321->405
[26.972s][info ][gc,heap       ] GC(179) Archive regions: 2->2
[26.972s][info ][gc,heap       ] GC(179) Humongous regions: 0->0
[26.972s][info ][gc,metaspace  ] GC(179) Metaspace: 557K(704K)->557K(704K) NonClass: 520K(576K)->520K(576K) Class: 37K(128K)->37K(128K)
[26.973s][debug][gc,heap       ] GC(179) Heap after GC invocations=180 (full 0):
[26.973s][debug][gc,heap       ] GC(179)  garbage-first heap   total 1048576K, used 442804K [0x00000000c0000000, 0x0000000100000000)
[26.973s][debug][gc,heap       ] GC(179)   region size 1024K, 27 young (27648K), 27 survivors (27648K)
[26.973s][debug][gc,heap       ] GC(179)  Metaspace       used 557K, committed 704K, reserved 1114112K
[26.973s][debug][gc,heap       ] GC(179)   class space    used 37K, committed 128K, reserved 1048576K
[26.973s][info ][gc            ] GC(179) Pause Young (Normal) (G1 Evacuation Pause) 534M->432M(1024M) 118.297ms
[26.973s][info ][gc,cpu        ] GC(179) User=0.63s Sys=0.07s Real=0.12s
[27.059s][debug][gc,heap       ] GC(180) Heap before GC invocations=180 (full 0):
[27.059s][debug][gc,heap       ] GC(180)  garbage-first heap   total 1048576K, used 639412K [0x00000000c0000000, 0x0000000100000000)
[27.059s][debug][gc,heap       ] GC(180)   region size 1024K, 220 young (225280K), 27 survivors (27648K)
[27.059s][debug][gc,heap       ] GC(180)  Metaspace       used 557K, committed 704K, reserved 1114112K
[27.059s][debug][gc,heap       ] GC(180)   class space    used 37K, committed 128K, reserved 1048576K
[27.060s][info ][gc,start      ] GC(180) Pause Young (Normal) (G1 Evacuation Pause)
[27.060s][info ][gc,task       ] GC(180) Using 10 workers of 10 for evacuation
[27.061s][trace][gc,ergo,cset  ] GC(180) Start choosing CSet. Pending cards: 211 target pause time: 200.00ms
[27.061s][trace][gc,ergo,cset  ] GC(180) Added young regions to CSet. Eden: 193 regions, Survivors: 27 regions, predicted eden time: 144.50ms, predicted base time: 43.72ms, target pause time: 200.00ms, remaining time: 11.78ms
[27.061s][debug][gc,ergo       ] GC(180) Running G1 Merge Heap Roots using 10 workers for 220 regions
[27.172s][debug][gc,ergo       ] GC(180) Running G1 Rebuild Free List Task using 10 workers for rebuilding free list of regions
[27.173s][debug][gc,ergo,heap  ] GC(180) Heap expansion: short term pause time ratio 49.87% long term pause time ratio 66.46% threshold 7.69% pause time ratio 7.69% fully expanded true resize by 0B
[27.173s][debug][gc,ergo,refine] GC(180) Concurrent refinement times: Logged Cards Scan time goal: 20.00ms Logged Cards Scan time: 0.15ms HCC time: 0.00ms
[27.173s][trace][gc,ergo,refine] GC(180) Updating Refinement Zones: logged cards scan time: 0.150ms, processed cards: 186, goal time: 19.999ms
[27.173s][debug][gc,ergo,refine] GC(180) Updated Refinement Zones: green: 2560, yellow: 7680, red: 12800
[27.173s][info ][gc,phases     ] GC(180)   Pre Evacuate Collection Set: 0.5ms
[27.173s][info ][gc,phases     ] GC(180)   Merge Heap Roots: 0.3ms
[27.173s][info ][gc,phases     ] GC(180)   Evacuate Collection Set: 65.5ms
[27.173s][info ][gc,phases     ] GC(180)   Post Evacuate Collection Set: 45.4ms
[27.173s][info ][gc,phases     ] GC(180)   Other: 2.1ms
[27.173s][info ][gc,heap       ] GC(180) Eden regions: 193->0(165)
[27.173s][info ][gc,heap       ] GC(180) Survivor regions: 27->28(28)
[27.173s][info ][gc,heap       ] GC(180) Old regions: 405->487
[27.173s][info ][gc,heap       ] GC(180) Archive regions: 2->2
[27.173s][info ][gc,heap       ] GC(180) Humongous regions: 0->0
[27.173s][info ][gc,metaspace  ] GC(180) Metaspace: 557K(704K)->557K(704K) NonClass: 520K(576K)->520K(576K) Class: 37K(128K)->37K(128K)
[27.173s][debug][gc,heap       ] GC(180) Heap after GC invocations=181 (full 0):
[27.173s][debug][gc,heap       ] GC(180)  garbage-first heap   total 1048576K, used 527664K [0x00000000c0000000, 0x0000000100000000)
[27.173s][debug][gc,heap       ] GC(180)   region size 1024K, 28 young (28672K), 28 survivors (28672K)
[27.173s][debug][gc,heap       ] GC(180)  Metaspace       used 557K, committed 704K, reserved 1114112K
[27.173s][debug][gc,heap       ] GC(180)   class space    used 37K, committed 128K, reserved 1048576K
[27.173s][info ][gc            ] GC(180) Pause Young (Normal) (G1 Evacuation Pause) 625M->515M(1024M) 112.949ms
[27.173s][info ][gc,cpu        ] GC(180) User=0.55s Sys=0.04s Real=0.11s
[27.234s][debug][gc,heap       ] GC(181) Heap before GC invocations=181 (full 0):
[27.234s][debug][gc,heap       ] GC(181)  garbage-first heap   total 1048576K, used 695600K [0x00000000c0000000, 0x0000000100000000)
[27.234s][debug][gc,heap       ] GC(181)   region size 1024K, 193 young (197632K), 28 survivors (28672K)
[27.234s][debug][gc,heap       ] GC(181)  Metaspace       used 557K, committed 704K, reserved 1114112K
[27.234s][debug][gc,heap       ] GC(181)   class space    used 37K, committed 128K, reserved 1048576K
[27.236s][info ][gc,start      ] GC(181) Pause Young (Normal) (G1 Evacuation Pause)
[27.236s][info ][gc,task       ] GC(181) Using 10 workers of 10 for evacuation
[27.236s][trace][gc,ergo,cset  ] GC(181) Start choosing CSet. Pending cards: 210 target pause time: 200.00ms
[27.236s][trace][gc,ergo,cset  ] GC(181) Added young regions to CSet. Eden: 165 regions, Survivors: 28 regions, predicted eden time: 118.90ms, predicted base time: 45.99ms, target pause time: 200.00ms, remaining time: 35.11ms
[27.236s][debug][gc,ergo       ] GC(181) Running G1 Merge Heap Roots using 10 workers for 193 regions
[27.342s][debug][gc,ergo       ] GC(181) Running G1 Rebuild Free List Task using 10 workers for rebuilding free list of regions
[27.343s][debug][gc,ergo,heap  ] GC(181) Heap expansion: short term pause time ratio 55.93% long term pause time ratio 65.63% threshold 7.69% pause time ratio 7.69% fully expanded true resize by 0B
[27.343s][debug][gc,ergo,refine] GC(181) Concurrent refinement times: Logged Cards Scan time goal: 20.00ms Logged Cards Scan time: 1.17ms HCC time: 0.00ms
[27.343s][trace][gc,ergo,refine] GC(181) Updating Refinement Zones: logged cards scan time: 1.174ms, processed cards: 185, goal time: 19.999ms
[27.343s][debug][gc,ergo,refine] GC(181) Updated Refinement Zones: green: 2560, yellow: 7680, red: 12800
[27.343s][info ][gc,phases     ] GC(181)   Pre Evacuate Collection Set: 0.4ms
[27.343s][info ][gc,phases     ] GC(181)   Merge Heap Roots: 0.3ms
[27.343s][info ][gc,phases     ] GC(181)   Evacuate Collection Set: 65.7ms
[27.343s][info ][gc,phases     ] GC(181)   Post Evacuate Collection Set: 39.8ms
[27.343s][info ][gc,phases     ] GC(181)   Other: 2.3ms
[27.343s][info ][gc,heap       ] GC(181) Eden regions: 165->0(131)
[27.343s][info ][gc,heap       ] GC(181) Survivor regions: 28->25(25)
[27.343s][info ][gc,heap       ] GC(181) Old regions: 487->569
[27.343s][info ][gc,heap       ] GC(181) Archive regions: 2->2
[27.343s][info ][gc,heap       ] GC(181) Humongous regions: 0->0
[27.343s][info ][gc,metaspace  ] GC(181) Metaspace: 557K(704K)->557K(704K) NonClass: 520K(576K)->520K(576K) Class: 37K(128K)->37K(128K)
[27.343s][debug][gc,heap       ] GC(181) Heap after GC invocations=182 (full 0):
[27.343s][debug][gc,heap       ] GC(181)  garbage-first heap   total 1048576K, used 608432K [0x00000000c0000000, 0x0000000100000000)
[27.343s][debug][gc,heap       ] GC(181)   region size 1024K, 25 young (25600K), 25 survivors (25600K)
[27.343s][debug][gc,heap       ] GC(181)  Metaspace       used 557K, committed 704K, reserved 1114112K
[27.343s][debug][gc,heap       ] GC(181)   class space    used 37K, committed 128K, reserved 1048576K
[27.344s][info ][gc            ] GC(181) Pause Young (Normal) (G1 Evacuation Pause) 680M->594M(1024M) 107.899ms
[27.344s][info ][gc,cpu        ] GC(181) User=0.49s Sys=0.04s Real=0.11s
[27.396s][debug][gc,heap       ] GC(182) Heap before GC invocations=182 (full 0):
[27.396s][debug][gc,heap       ] GC(182)  garbage-first heap   total 1048576K, used 741552K [0x00000000c0000000, 0x0000000100000000)
[27.396s][debug][gc,heap       ] GC(182)   region size 1024K, 156 young (159744K), 25 survivors (25600K)
[27.396s][debug][gc,heap       ] GC(182)  Metaspace       used 557K, committed 704K, reserved 1114112K
[27.396s][debug][gc,heap       ] GC(182)   class space    used 37K, committed 128K, reserved 1048576K
[27.397s][info ][gc,start      ] GC(182) Pause Young (Normal) (G1 Evacuation Pause)
[27.397s][info ][gc,task       ] GC(182) Using 10 workers of 10 for evacuation
[27.397s][trace][gc,ergo,cset  ] GC(182) Start choosing CSet. Pending cards: 217 target pause time: 200.00ms
[27.397s][trace][gc,ergo,cset  ] GC(182) Added young regions to CSet. Eden: 131 regions, Survivors: 25 regions, predicted eden time: 94.94ms, predicted base time: 45.38ms, target pause time: 200.00ms, remaining time: 59.68ms
[27.398s][debug][gc,ergo       ] GC(182) Running G1 Merge Heap Roots using 10 workers for 156 regions
[27.498s][debug][gc,ergo       ] GC(182) Running G1 Rebuild Free List Task using 10 workers for rebuilding free list of regions
[27.498s][debug][gc,ergo,heap  ] GC(182) Heap expansion: short term pause time ratio 62.89% long term pause time ratio 65.29% threshold 7.69% pause time ratio 7.69% fully expanded true resize by 0B
[27.499s][debug][gc,ergo,refine] GC(182) Concurrent refinement times: Logged Cards Scan time goal: 20.00ms Logged Cards Scan time: 0.14ms HCC time: 0.00ms
[27.499s][trace][gc,ergo,refine] GC(182) Updating Refinement Zones: logged cards scan time: 0.136ms, processed cards: 192, goal time: 19.999ms
[27.499s][debug][gc,ergo,refine] GC(182) Updated Refinement Zones: green: 2560, yellow: 7680, red: 12800
[27.499s][info ][gc,phases     ] GC(182)   Pre Evacuate Collection Set: 0.4ms
[27.499s][info ][gc,phases     ] GC(182)   Merge Heap Roots: 0.3ms
[27.499s][info ][gc,phases     ] GC(182)   Evacuate Collection Set: 59.8ms
[27.499s][info ][gc,phases     ] GC(182)   Post Evacuate Collection Set: 40.3ms
[27.499s][info ][gc,phases     ] GC(182)   Other: 2.3ms
[27.499s][info ][gc,heap       ] GC(182) Eden regions: 131->0(95)
[27.499s][info ][gc,heap       ] GC(182) Survivor regions: 25->20(20)
[27.499s][info ][gc,heap       ] GC(182) Old regions: 569->649
[27.499s][info ][gc,heap       ] GC(182) Archive regions: 2->2
[27.499s][info ][gc,heap       ] GC(182) Humongous regions: 0->0
[27.499s][info ][gc,metaspace  ] GC(182) Metaspace: 557K(704K)->557K(704K) NonClass: 520K(576K)->520K(576K) Class: 37K(128K)->37K(128K)
[27.499s][debug][gc,heap       ] GC(182) Heap after GC invocations=183 (full 0):
[27.499s][debug][gc,heap       ] GC(182)  garbage-first heap   total 1048576K, used 685618K [0x00000000c0000000, 0x0000000100000000)
[27.499s][debug][gc,heap       ] GC(182)   region size 1024K, 20 young (20480K), 20 survivors (20480K)
[27.499s][debug][gc,heap       ] GC(182)  Metaspace       used 557K, committed 704K, reserved 1114112K
[27.499s][debug][gc,heap       ] GC(182)   class space    used 37K, committed 128K, reserved 1048576K
[27.499s][info ][gc            ] GC(182) Pause Young (Normal) (G1 Evacuation Pause) 725M->669M(1024M) 102.423ms
[27.499s][info ][gc,cpu        ] GC(182) User=0.45s Sys=0.02s Real=0.11s
[27.527s][debug][gc,heap       ] GC(183) Heap before GC invocations=183 (full 0):
[27.527s][debug][gc,heap       ] GC(183)  garbage-first heap   total 1048576K, used 781874K [0x00000000c0000000, 0x0000000100000000)
[27.527s][debug][gc,heap       ] GC(183)   region size 1024K, 115 young (117760K), 20 survivors (20480K)
[27.527s][debug][gc,heap       ] GC(183)  Metaspace       used 557K, committed 704K, reserved 1114112K
[27.527s][debug][gc,heap       ] GC(183)   class space    used 37K, committed 128K, reserved 1048576K
[27.528s][info ][gc,start      ] GC(183) Pause Young (Normal) (G1 Evacuation Pause)
[27.528s][info ][gc,task       ] GC(183) Using 10 workers of 10 for evacuation
[27.528s][trace][gc,ergo,cset  ] GC(183) Start choosing CSet. Pending cards: 214 target pause time: 200.00ms
[27.528s][trace][gc,ergo,cset  ] GC(183) Added young regions to CSet. Eden: 95 regions, Survivors: 20 regions, predicted eden time: 73.68ms, predicted base time: 44.96ms, target pause time: 200.00ms, remaining time: 81.37ms
[27.529s][debug][gc,ergo       ] GC(183) Running G1 Merge Heap Roots using 10 workers for 115 regions
[27.608s][debug][gc,ergo       ] GC(183) Running G1 Rebuild Free List Task using 10 workers for rebuilding free list of regions
[27.609s][debug][gc,ergo,heap  ] GC(183) Heap expansion: short term pause time ratio 65.12% long term pause time ratio 64.90% threshold 7.69% pause time ratio 7.69% fully expanded true resize by 0B
[27.609s][debug][gc,ergo,refine] GC(183) Concurrent refinement times: Logged Cards Scan time goal: 20.00ms Logged Cards Scan time: 0.19ms HCC time: 0.00ms
[27.609s][trace][gc,ergo,refine] GC(183) Updating Refinement Zones: logged cards scan time: 0.187ms, processed cards: 189, goal time: 19.999ms
[27.609s][debug][gc,ergo,refine] GC(183) Updated Refinement Zones: green: 2560, yellow: 7680, red: 12800
[27.609s][info ][gc,phases     ] GC(183)   Pre Evacuate Collection Set: 0.5ms
[27.609s][info ][gc,phases     ] GC(183)   Merge Heap Roots: 0.6ms
[27.609s][info ][gc,phases     ] GC(183)   Evacuate Collection Set: 50.1ms
[27.609s][info ][gc,phases     ] GC(183)   Post Evacuate Collection Set: 28.5ms
[27.609s][info ][gc,phases     ] GC(183)   Other: 2.0ms
[27.609s][info ][gc,heap       ] GC(183) Eden regions: 95->0(64)
[27.609s][info ][gc,heap       ] GC(183) Survivor regions: 20->15(15)
[27.609s][info ][gc,heap       ] GC(183) Old regions: 649->718
[27.609s][info ][gc,heap       ] GC(183) Archive regions: 2->2
[27.609s][info ][gc,heap       ] GC(183) Humongous regions: 0->0
[27.609s][info ][gc,metaspace  ] GC(183) Metaspace: 557K(704K)->557K(704K) NonClass: 520K(576K)->520K(576K) Class: 37K(128K)->37K(128K)
[27.609s][debug][gc,heap       ] GC(183) Heap after GC invocations=184 (full 0):
[27.609s][debug][gc,heap       ] GC(183)  garbage-first heap   total 1048576K, used 751408K [0x00000000c0000000, 0x0000000100000000)
[27.609s][debug][gc,heap       ] GC(183)   region size 1024K, 15 young (15360K), 15 survivors (15360K)
[27.609s][debug][gc,heap       ] GC(183)  Metaspace       used 557K, committed 704K, reserved 1114112K
[27.610s][debug][gc,heap       ] GC(183)   class space    used 37K, committed 128K, reserved 1048576K
[27.610s][info ][gc            ] GC(183) Pause Young (Normal) (G1 Evacuation Pause) 764M->733M(1024M) 81.415ms
[27.610s][info ][gc,cpu        ] GC(183) User=0.33s Sys=0.03s Real=0.09s
[27.629s][debug][gc,heap       ] GC(184) Heap before GC invocations=184 (full 0):
[27.629s][debug][gc,heap       ] GC(184)  garbage-first heap   total 1048576K, used 815920K [0x00000000c0000000, 0x0000000100000000)
[27.629s][debug][gc,heap       ] GC(184)   region size 1024K, 79 young (80896K), 15 survivors (15360K)
[27.629s][debug][gc,heap       ] GC(184)  Metaspace       used 557K, committed 704K, reserved 1114112K
[27.629s][debug][gc,heap       ] GC(184)   class space    used 37K, committed 128K, reserved 1048576K
[27.630s][info ][gc,start      ] GC(184) Pause Young (Normal) (G1 Evacuation Pause)
[27.630s][info ][gc,task       ] GC(184) Using 10 workers of 10 for evacuation
[27.630s][trace][gc,ergo,cset  ] GC(184) Start choosing CSet. Pending cards: 229 target pause time: 200.00ms
[27.630s][trace][gc,ergo,cset  ] GC(184) Added young regions to CSet. Eden: 64 regions, Survivors: 15 regions, predicted eden time: 54.76ms, predicted base time: 41.67ms, target pause time: 200.00ms, remaining time: 103.57ms
[27.630s][debug][gc,ergo       ] GC(184) Running G1 Merge Heap Roots using 10 workers for 79 regions
[27.688s][debug][gc,ergo       ] GC(184) Running G1 Rebuild Free List Task using 10 workers for rebuilding free list of regions
[27.688s][debug][gc,ergo,heap  ] GC(184) Heap expansion: short term pause time ratio 72.97% long term pause time ratio 65.10% threshold 7.69% pause time ratio 7.69% fully expanded true resize by 0B
[27.688s][debug][gc,ergo,refine] GC(184) Concurrent refinement times: Logged Cards Scan time goal: 20.00ms Logged Cards Scan time: 0.15ms HCC time: 0.00ms
[27.688s][trace][gc,ergo,refine] GC(184) Updating Refinement Zones: logged cards scan time: 0.155ms, processed cards: 204, goal time: 19.999ms
[27.688s][debug][gc,ergo,refine] GC(184) Updated Refinement Zones: green: 2560, yellow: 7680, red: 12800
[27.688s][info ][gc,phases     ] GC(184)   Pre Evacuate Collection Set: 0.4ms
[27.688s][info ][gc,phases     ] GC(184)   Merge Heap Roots: 0.3ms
[27.688s][info ][gc,phases     ] GC(184)   Evacuate Collection Set: 40.6ms
[27.688s][info ][gc,phases     ] GC(184)   Post Evacuate Collection Set: 16.6ms
[27.688s][info ][gc,phases     ] GC(184)   Other: 1.7ms
[27.688s][info ][gc,heap       ] GC(184) Eden regions: 64->0(44)
[27.688s][info ][gc,heap       ] GC(184) Survivor regions: 15->10(10)
[27.689s][info ][gc,heap       ] GC(184) Old regions: 718->776
[27.689s][info ][gc,heap       ] GC(184) Archive regions: 2->2
[27.689s][info ][gc,heap       ] GC(184) Humongous regions: 0->0
[27.689s][info ][gc,metaspace  ] GC(184) Metaspace: 557K(704K)->557K(704K) NonClass: 520K(576K)->520K(576K) Class: 37K(128K)->37K(128K)
[27.689s][debug][gc,heap       ] GC(184) Heap after GC invocations=185 (full 0):
[27.689s][debug][gc,heap       ] GC(184)  garbage-first heap   total 1048576K, used 805040K [0x00000000c0000000, 0x0000000100000000)
[27.689s][debug][gc,heap       ] GC(184)   region size 1024K, 10 young (10240K), 10 survivors (10240K)
[27.689s][debug][gc,heap       ] GC(184)  Metaspace       used 557K, committed 704K, reserved 1114112K
[27.689s][debug][gc,heap       ] GC(184)   class space    used 37K, committed 128K, reserved 1048576K
[27.689s][info ][gc            ] GC(184) Pause Young (Normal) (G1 Evacuation Pause) 797M->786M(1024M) 59.152ms
[27.689s][info ][gc,cpu        ] GC(184) User=0.22s Sys=0.02s Real=0.06s
[27.704s][debug][gc,heap       ] GC(185) Heap before GC invocations=185 (full 0):
[27.704s][debug][gc,heap       ] GC(185)  garbage-first heap   total 1048576K, used 849072K [0x00000000c0000000, 0x0000000100000000)
[27.704s][debug][gc,heap       ] GC(185)   region size 1024K, 54 young (55296K), 10 survivors (10240K)
[27.704s][debug][gc,heap       ] GC(185)  Metaspace       used 557K, committed 704K, reserved 1114112K
[27.704s][debug][gc,heap       ] GC(185)   class space    used 37K, committed 128K, reserved 1048576K
[27.705s][info ][gc,start      ] GC(185) Pause Young (Normal) (G1 Evacuation Pause)
[27.705s][info ][gc,task       ] GC(185) Using 10 workers of 10 for evacuation
[27.705s][trace][gc,ergo,cset  ] GC(185) Start choosing CSet. Pending cards: 264 target pause time: 200.00ms
[27.705s][trace][gc,ergo,cset  ] GC(185) Added young regions to CSet. Eden: 44 regions, Survivors: 10 regions, predicted eden time: 38.36ms, predicted base time: 37.00ms, target pause time: 200.00ms, remaining time: 124.64ms
[27.705s][debug][gc,ergo       ] GC(185) Running G1 Merge Heap Roots using 10 workers for 54 regions
[27.748s][debug][gc,ergo       ] GC(185) Running G1 Rebuild Free List Task using 10 workers for rebuilding free list of regions
[27.749s][debug][gc,ergo,heap  ] GC(185) Heap expansion: short term pause time ratio 73.25% long term pause time ratio 61.68% threshold 7.69% pause time ratio 7.69% fully expanded true resize by 0B
[27.749s][debug][gc,ergo,ihop  ] GC(185) Request concurrent cycle initiation (occupancy higher than threshold) occupancy: 861929472B allocation request: 0B threshold: 855693615B (79.69) source: end of GC
[27.749s][debug][gc,ergo,refine] GC(185) Concurrent refinement times: Logged Cards Scan time goal: 20.00ms Logged Cards Scan time: 0.18ms HCC time: 0.00ms
[27.749s][trace][gc,ergo,refine] GC(185) Updating Refinement Zones: logged cards scan time: 0.176ms, processed cards: 247, goal time: 19.999ms
[27.749s][debug][gc,ergo,refine] GC(185) Updated Refinement Zones: green: 2560, yellow: 7680, red: 12800
[27.749s][info ][gc,phases     ] GC(185)   Pre Evacuate Collection Set: 0.3ms
[27.749s][info ][gc,phases     ] GC(185)   Merge Heap Roots: 0.2ms
[27.749s][info ][gc,phases     ] GC(185)   Evacuate Collection Set: 31.3ms
[27.749s][info ][gc,phases     ] GC(185)   Post Evacuate Collection Set: 11.4ms
[27.749s][info ][gc,phases     ] GC(185)   Other: 1.7ms
[27.749s][info ][gc,heap       ] GC(185) Eden regions: 44->0(44)
[27.749s][info ][gc,heap       ] GC(185) Survivor regions: 10->7(7)
[27.749s][info ][gc,heap       ] GC(185) Old regions: 776->820
[27.749s][info ][gc,heap       ] GC(185) Archive regions: 2->2
[27.749s][info ][gc,heap       ] GC(185) Humongous regions: 0->0
[27.749s][info ][gc,metaspace  ] GC(185) Metaspace: 557K(704K)->557K(704K) NonClass: 520K(576K)->520K(576K) Class: 37K(128K)->37K(128K)
[27.749s][debug][gc,heap       ] GC(185) Heap after GC invocations=186 (full 0):
[27.749s][debug][gc,heap       ] GC(185)  garbage-first heap   total 1048576K, used 847538K [0x00000000c0000000, 0x0000000100000000)
[27.749s][debug][gc,heap       ] GC(185)   region size 1024K, 7 young (7168K), 7 survivors (7168K)
[27.749s][debug][gc,heap       ] GC(185)  Metaspace       used 557K, committed 704K, reserved 1114112K
[27.749s][debug][gc,heap       ] GC(185)   class space    used 37K, committed 128K, reserved 1048576K
[27.749s][info ][gc            ] GC(185) Pause Young (Normal) (G1 Evacuation Pause) 830M->827M(1024M) 44.716ms
[27.750s][info ][gc,cpu        ] GC(185) User=0.13s Sys=0.04s Real=0.05s
[27.764s][debug][gc,heap       ] GC(186) Heap before GC invocations=186 (full 0):
[27.764s][debug][gc,heap       ] GC(186)  garbage-first heap   total 1048576K, used 891570K [0x00000000c0000000, 0x0000000100000000)
[27.764s][debug][gc,heap       ] GC(186)   region size 1024K, 51 young (52224K), 7 survivors (7168K)
[27.764s][debug][gc,heap       ] GC(186)  Metaspace       used 557K, committed 704K, reserved 1114112K
[27.764s][debug][gc,heap       ] GC(186)   class space    used 37K, committed 128K, reserved 1048576K
[27.765s][debug][gc,ergo       ] GC(186) Initiate concurrent cycle (concurrent cycle initiation requested)
[27.765s][info ][gc,start      ] GC(186) Pause Young (Concurrent Start) (G1 Evacuation Pause)
[27.765s][info ][gc,task       ] GC(186) Using 10 workers of 10 for evacuation
[27.765s][trace][gc,ergo,cset  ] GC(186) Start choosing CSet. Pending cards: 272 target pause time: 200.00ms
[27.765s][trace][gc,ergo,cset  ] GC(186) Added young regions to CSet. Eden: 44 regions, Survivors: 7 regions, predicted eden time: 37.21ms, predicted base time: 31.96ms, target pause time: 200.00ms, remaining time: 130.84ms
[27.766s][debug][gc,ergo       ] GC(186) Running G1 Merge Heap Roots using 10 workers for 51 regions
[27.811s][debug][gc,ergo       ] GC(186) Running G1 Rebuild Free List Task using 10 workers for rebuilding free list of regions
[27.811s][debug][gc,ergo,heap  ] GC(186) Heap expansion: short term pause time ratio 72.60% long term pause time ratio 62.51% threshold 7.69% pause time ratio 7.69% fully expanded true resize by 0B
[27.811s][debug][gc,ergo,refine] GC(186) Concurrent refinement times: Logged Cards Scan time goal: 20.00ms Logged Cards Scan time: 0.21ms HCC time: 0.00ms
[27.811s][trace][gc,ergo,refine] GC(186) Updating Refinement Zones: logged cards scan time: 0.212ms, processed cards: 255, goal time: 19.999ms
[27.811s][debug][gc,ergo,refine] GC(186) Updated Refinement Zones: green: 2560, yellow: 7680, red: 12800
[27.811s][info ][gc,phases     ] GC(186)   Pre Evacuate Collection Set: 0.5ms
[27.811s][info ][gc,phases     ] GC(186)   Merge Heap Roots: 0.3ms
[27.811s][info ][gc,phases     ] GC(186)   Evacuate Collection Set: 34.3ms
[27.811s][info ][gc,phases     ] GC(186)   Post Evacuate Collection Set: 10.4ms
[27.811s][info ][gc,phases     ] GC(186)   Other: 1.8ms
[27.811s][info ][gc,heap       ] GC(186) Eden regions: 44->0(44)
[27.811s][info ][gc,heap       ] GC(186) Survivor regions: 7->7(7)
[27.811s][info ][gc,heap       ] GC(186) Old regions: 820->863
[27.811s][info ][gc,heap       ] GC(186) Archive regions: 2->2
[27.811s][info ][gc,heap       ] GC(186) Humongous regions: 0->0
[27.811s][info ][gc,metaspace  ] GC(186) Metaspace: 557K(704K)->557K(704K) NonClass: 520K(576K)->520K(576K) Class: 37K(128K)->37K(128K)
[27.812s][debug][gc,heap       ] GC(186) Heap after GC invocations=187 (full 0):
[27.812s][debug][gc,heap       ] GC(186)  garbage-first heap   total 1048576K, used 891188K [0x00000000c0000000, 0x0000000100000000)
[27.812s][debug][gc,heap       ] GC(186)   region size 1024K, 7 young (7168K), 7 survivors (7168K)
[27.812s][debug][gc,heap       ] GC(186)  Metaspace       used 557K, committed 704K, reserved 1114112K
[27.812s][debug][gc,heap       ] GC(186)   class space    used 37K, committed 128K, reserved 1048576K
[27.812s][info ][gc            ] GC(186) Pause Young (Concurrent Start) (G1 Evacuation Pause) 871M->870M(1024M) 47.148ms
[27.812s][info ][gc,cpu        ] GC(186) User=0.15s Sys=0.01s Real=0.05s
[27.812s][info ][gc            ] GC(187) Concurrent Mark Cycle
[27.812s][info ][gc,marking    ] GC(187) Concurrent Clear Claimed Marks
[27.812s][info ][gc,marking    ] GC(187) Concurrent Clear Claimed Marks 0.016ms
[27.812s][info ][gc,marking    ] GC(187) Concurrent Scan Root Regions
[27.812s][debug][gc,ergo       ] GC(187) Running G1 Root Region Scan using 3 workers for 51 work units.
[27.813s][info ][gc,marking    ] GC(187) Concurrent Scan Root Regions 0.669ms
[27.813s][info ][gc,marking    ] GC(187) Concurrent Mark
[27.813s][info ][gc,marking    ] GC(187) Concurrent Mark From Roots
[27.813s][info ][gc,task       ] GC(187) Using 3 workers of 3 for marking
[27.826s][debug][gc,heap       ] GC(188) Heap before GC invocations=187 (full 0):
[27.826s][debug][gc,heap       ] GC(188)  garbage-first heap   total 1048576K, used 935220K [0x00000000c0000000, 0x0000000100000000)
[27.827s][debug][gc,heap       ] GC(188)   region size 1024K, 51 young (52224K), 7 survivors (7168K)
[27.827s][debug][gc,heap       ] GC(188)  Metaspace       used 557K, committed 704K, reserved 1114112K
[27.827s][debug][gc,heap       ] GC(188)   class space    used 37K, committed 128K, reserved 1048576K
[27.827s][info ][gc,start      ] GC(188) Pause Young (Normal) (G1 Evacuation Pause)
[27.828s][info ][gc,task       ] GC(188) Using 10 workers of 10 for evacuation
[27.828s][trace][gc,ergo,cset  ] GC(188) Start choosing CSet. Pending cards: 280 target pause time: 200.00ms
[27.828s][trace][gc,ergo,cset  ] GC(188) Added young regions to CSet. Eden: 44 regions, Survivors: 7 regions, predicted eden time: 43.74ms, predicted base time: 27.54ms, target pause time: 200.00ms, remaining time: 128.72ms
[27.829s][debug][gc,ergo       ] GC(188) Running G1 Merge Heap Roots using 10 workers for 51 regions
[27.871s][debug][gc,ergo       ] GC(188) Running G1 Rebuild Free List Task using 10 workers for rebuilding free list of regions
[27.872s][debug][gc,ergo,heap  ] GC(188) Heap expansion: short term pause time ratio 73.89% long term pause time ratio 62.30% threshold 7.69% pause time ratio 7.69% fully expanded true resize by 0B
[27.872s][debug][gc,ergo,refine] GC(188) Concurrent refinement times: Logged Cards Scan time goal: 20.00ms Logged Cards Scan time: 0.62ms HCC time: 0.00ms
[27.872s][trace][gc,ergo,refine] GC(188) Updating Refinement Zones: logged cards scan time: 0.620ms, processed cards: 255, goal time: 19.999ms
[27.872s][debug][gc,ergo,refine] GC(188) Updated Refinement Zones: green: 2560, yellow: 7680, red: 12800
[27.872s][info ][gc,phases     ] GC(188)   Pre Evacuate Collection Set: 0.4ms
[27.872s][info ][gc,phases     ] GC(188)   Merge Heap Roots: 0.3ms
[27.872s][info ][gc,phases     ] GC(188)   Evacuate Collection Set: 30.2ms
[27.872s][info ][gc,phases     ] GC(188)   Post Evacuate Collection Set: 12.6ms
[27.872s][info ][gc,phases     ] GC(188)   Other: 2.4ms
[27.872s][info ][gc,heap       ] GC(188) Eden regions: 44->0(44)
[27.872s][info ][gc,heap       ] GC(188) Survivor regions: 7->7(7)
[27.872s][info ][gc,heap       ] GC(188) Old regions: 863->906
[27.872s][info ][gc,heap       ] GC(188) Archive regions: 2->2
[27.872s][info ][gc,heap       ] GC(188) Humongous regions: 0->0
[27.872s][info ][gc,metaspace  ] GC(188) Metaspace: 557K(704K)->557K(704K) NonClass: 520K(576K)->520K(576K) Class: 37K(128K)->37K(128K)
[27.873s][debug][gc,heap       ] GC(188) Heap after GC invocations=188 (full 0):
[27.873s][debug][gc,heap       ] GC(188)  garbage-first heap   total 1048576K, used 935218K [0x00000000c0000000, 0x0000000100000000)
[27.873s][debug][gc,heap       ] GC(188)   region size 1024K, 7 young (7168K), 7 survivors (7168K)
[27.873s][debug][gc,heap       ] GC(188)  Metaspace       used 557K, committed 704K, reserved 1114112K
[27.873s][debug][gc,heap       ] GC(188)   class space    used 37K, committed 128K, reserved 1048576K
[27.873s][info ][gc            ] GC(188) Pause Young (Normal) (G1 Evacuation Pause) 914M->913M(1024M) 45.526ms
[27.873s][info ][gc,cpu        ] GC(188) User=0.13s Sys=0.04s Real=0.05s
[27.875s][info ][gc,marking    ] GC(187) Concurrent Mark From Roots 62.395ms
[27.876s][info ][gc,marking    ] GC(187) Concurrent Preclean
[27.876s][info ][gc,marking    ] GC(187) Concurrent Preclean 0.158ms
[27.876s][info ][gc,start      ] GC(187) Pause Remark
[27.881s][debug][gc,ergo       ] GC(187) Running G1 Update RemSet Tracking Before Rebuild using 3 workers for 1024 regions in heap
[28.050s][info ][gc            ] GC(187) Pause Remark 921M->189M(1024M) 174.598ms
[28.051s][info ][gc,cpu        ] GC(187) User=1.54s Sys=0.09s Real=0.18s
[28.058s][info ][gc,marking    ] GC(187) Concurrent Mark 238.306ms
[28.058s][info ][gc,marking    ] GC(187) Concurrent Rebuild Remembered Sets
[28.063s][info ][gc,marking    ] GC(187) Concurrent Rebuild Remembered Sets 5.636ms
[28.077s][info ][gc,start      ] GC(187) Pause Cleanup
[28.078s][debug][gc,ergo,cset  ] GC(187) Pruned 57 regions out of 68, leaving 50887488 bytes waste (allowed 53687091)
[28.078s][info ][gc            ] GC(187) Pause Cleanup 210M->210M(1024M) 1.224ms
[28.079s][info ][gc,cpu        ] GC(187) User=0.00s Sys=0.00s Real=0.00s
[28.079s][info ][gc,marking    ] GC(187) Concurrent Cleanup for Next Mark
[28.079s][debug][gc,ergo       ] GC(187) Running G1 Clear Bitmap with 3 workers for 16 work units.
[28.082s][info ][gc,marking    ] GC(187) Concurrent Cleanup for Next Mark 3.378ms
[28.082s][info ][gc            ] GC(187) Concurrent Mark Cycle 270.064ms
[28.096s][debug][gc,heap       ] GC(189) Heap before GC invocations=189 (full 0):
[28.096s][debug][gc,heap       ] GC(189)  garbage-first heap   total 1048576K, used 229682K [0x00000000c0000000, 0x0000000100000000)
[28.096s][debug][gc,heap       ] GC(189)   region size 1024K, 51 young (52224K), 7 survivors (7168K)
[28.096s][debug][gc,heap       ] GC(189)  Metaspace       used 557K, committed 704K, reserved 1114112K
[28.096s][debug][gc,heap       ] GC(189)   class space    used 37K, committed 128K, reserved 1048576K
[28.097s][info ][gc,start      ] GC(189) Pause Young (Prepare Mixed) (G1 Evacuation Pause)
[28.097s][info ][gc,task       ] GC(189) Using 10 workers of 10 for evacuation
[28.097s][trace][gc,ergo,cset  ] GC(189) Start choosing CSet. Pending cards: 260 target pause time: 200.00ms
[28.097s][trace][gc,ergo,cset  ] GC(189) Added young regions to CSet. Eden: 44 regions, Survivors: 7 regions, predicted eden time: 37.76ms, predicted base time: 24.51ms, target pause time: 200.00ms, remaining time: 137.73ms
[28.097s][debug][gc,ergo       ] GC(189) Running G1 Merge Heap Roots using 10 workers for 51 regions
[28.145s][debug][gc,ergo       ] GC(189) Running G1 Rebuild Free List Task using 10 workers for rebuilding free list of regions
[28.146s][debug][gc,ergo,heap  ] GC(189) Heap expansion: short term pause time ratio 3.82% long term pause time ratio 69.52% threshold 7.69% pause time ratio 7.69% fully expanded true resize by 0B
[28.146s][debug][gc,ergo,refine] GC(189) Concurrent refinement times: Logged Cards Scan time goal: 20.00ms Logged Cards Scan time: 0.20ms HCC time: 0.00ms
[28.146s][trace][gc,ergo,refine] GC(189) Updating Refinement Zones: logged cards scan time: 0.202ms, processed cards: 235, goal time: 19.999ms
[28.146s][debug][gc,ergo,refine] GC(189) Updated Refinement Zones: green: 2560, yellow: 7680, red: 12800
[28.146s][info ][gc,phases     ] GC(189)   Pre Evacuate Collection Set: 0.4ms
[28.146s][info ][gc,phases     ] GC(189)   Merge Heap Roots: 0.3ms
[28.146s][info ][gc,phases     ] GC(189)   Evacuate Collection Set: 36.0ms
[28.146s][info ][gc,phases     ] GC(189)   Post Evacuate Collection Set: 11.9ms
[28.146s][info ][gc,phases     ] GC(189)   Other: 1.7ms
[28.146s][info ][gc,heap       ] GC(189) Eden regions: 44->0(44)
[28.146s][info ][gc,heap       ] GC(189) Survivor regions: 7->7(7)
[28.146s][info ][gc,heap       ] GC(189) Old regions: 174->217
[28.146s][info ][gc,heap       ] GC(189) Archive regions: 2->2
[28.146s][info ][gc,heap       ] GC(189) Humongous regions: 0->0
[28.146s][info ][gc,metaspace  ] GC(189) Metaspace: 557K(704K)->557K(704K) NonClass: 520K(576K)->520K(576K) Class: 37K(128K)->37K(128K)
[28.146s][debug][gc,heap       ] GC(189) Heap after GC invocations=190 (full 0):
[28.146s][debug][gc,heap       ] GC(189)  garbage-first heap   total 1048576K, used 230066K [0x00000000c0000000, 0x0000000100000000)
[28.146s][debug][gc,heap       ] GC(189)   region size 1024K, 7 young (7168K), 7 survivors (7168K)
[28.146s][debug][gc,heap       ] GC(189)  Metaspace       used 557K, committed 704K, reserved 1114112K
[28.146s][debug][gc,heap       ] GC(189)   class space    used 37K, committed 128K, reserved 1048576K
[28.146s][info ][gc            ] GC(189) Pause Young (Prepare Mixed) (G1 Evacuation Pause) 225M->224M(1024M) 49.834ms
[28.146s][info ][gc,cpu        ] GC(189) User=0.12s Sys=0.03s Real=0.05s
[28.168s][debug][gc,heap       ] GC(190) Heap before GC invocations=190 (full 0):
[28.168s][debug][gc,heap       ] GC(190)  garbage-first heap   total 1048576K, used 274098K [0x00000000c0000000, 0x0000000100000000)
[28.168s][debug][gc,heap       ] GC(190)   region size 1024K, 51 young (52224K), 7 survivors (7168K)
[28.168s][debug][gc,heap       ] GC(190)  Metaspace       used 557K, committed 704K, reserved 1114112K
[28.168s][debug][gc,heap       ] GC(190)   class space    used 37K, committed 128K, reserved 1048576K
[28.169s][info ][gc,start      ] GC(190) Pause Young (Mixed) (G1 Evacuation Pause)
[28.169s][info ][gc,task       ] GC(190) Using 10 workers of 10 for evacuation
[28.169s][trace][gc,ergo,cset  ] GC(190) Start choosing CSet. Pending cards: 270 target pause time: 200.00ms
[28.170s][trace][gc,ergo,cset  ] GC(190) Added young regions to CSet. Eden: 44 regions, Survivors: 7 regions, predicted eden time: 38.48ms, predicted base time: 21.90ms, target pause time: 200.00ms, remaining time: 139.62ms
[28.170s][debug][gc,ergo,cset  ] GC(190) Start adding old regions to collection set. Min 2 regions, max 103 regions, time remaining 139.62ms, optional threshold 27.92ms
[28.170s][debug][gc,ergo,cset  ] GC(190) Old candidate collection set empty.
[28.170s][debug][gc,ergo,cset  ] GC(190) Finish choosing collection set old regions. Initial: 11, optional: 0, predicted old time: 0.00ms, predicted optional time: 0.00ms, time remaining: 132.12
[28.170s][debug][gc,ergo       ] GC(190) Running G1 Merge Heap Roots using 10 workers for 62 regions
[28.225s][debug][gc,ergo       ] GC(190) Running G1 Rebuild Free List Task using 10 workers for rebuilding free list of regions
[28.226s][debug][gc,ergo,heap  ] GC(190) Heap expansion: short term pause time ratio 72.97% long term pause time ratio 72.57% threshold 7.69% pause time ratio 7.69% fully expanded true resize by 0B
[28.226s][debug][gc,ergo       ] GC(190) do not continue mixed GCs (candidate old regions not available)
[28.226s][debug][gc,ergo,refine] GC(190) Concurrent refinement times: Logged Cards Scan time goal: 20.00ms Logged Cards Scan time: 0.22ms HCC time: 0.00ms
[28.226s][trace][gc,ergo,refine] GC(190) Updating Refinement Zones: logged cards scan time: 0.215ms, processed cards: 245, goal time: 19.999ms
[28.226s][debug][gc,ergo,refine] GC(190) Updated Refinement Zones: green: 2560, yellow: 7680, red: 12800
[28.226s][info ][gc,phases     ] GC(190)   Pre Evacuate Collection Set: 0.5ms
[28.226s][info ][gc,phases     ] GC(190)   Merge Heap Roots: 0.3ms
[28.227s][info ][gc,phases     ] GC(190)   Evacuate Collection Set: 34.6ms
[28.227s][info ][gc,phases     ] GC(190)   Post Evacuate Collection Set: 18.9ms
[28.227s][info ][gc,phases     ] GC(190)   Other: 3.9ms
[28.227s][info ][gc,heap       ] GC(190) Eden regions: 44->0(208)
[28.227s][info ][gc,heap       ] GC(190) Survivor regions: 7->7(7)
[28.227s][info ][gc,heap       ] GC(190) Old regions: 217->249
[28.227s][info ][gc,heap       ] GC(190) Archive regions: 2->2
[28.227s][info ][gc,heap       ] GC(190) Humongous regions: 0->0
[28.227s][info ][gc,metaspace  ] GC(190) Metaspace: 557K(704K)->557K(704K) NonClass: 520K(576K)->520K(576K) Class: 37K(128K)->37K(128K)
[28.227s][debug][gc,heap       ] GC(190) Heap after GC invocations=191 (full 0):
[28.227s][debug][gc,heap       ] GC(190)  garbage-first heap   total 1048576K, used 262192K [0x00000000c0000000, 0x0000000100000000)
[28.227s][debug][gc,heap       ] GC(190)   region size 1024K, 7 young (7168K), 7 survivors (7168K)
[28.227s][debug][gc,heap       ] GC(190)  Metaspace       used 557K, committed 704K, reserved 1114112K
[28.227s][debug][gc,heap       ] GC(190)   class space    used 37K, committed 128K, reserved 1048576K
[28.227s][info ][gc            ] GC(190) Pause Young (Mixed) (G1 Evacuation Pause) 268M->256M(1024M) 57.696ms
[28.227s][info ][gc,cpu        ] GC(190) User=0.19s Sys=0.02s Real=0.05s
[28.323s][debug][gc,heap       ] GC(191) Heap before GC invocations=191 (full 0):
[28.323s][debug][gc,heap       ] GC(191)  garbage-first heap   total 1048576K, used 474160K [0x00000000c0000000, 0x0000000100000000)
[28.323s][debug][gc,heap       ] GC(191)   region size 1024K, 215 young (220160K), 7 survivors (7168K)
[28.323s][debug][gc,heap       ] GC(191)  Metaspace       used 557K, committed 704K, reserved 1114112K
[28.323s][debug][gc,heap       ] GC(191)   class space    used 37K, committed 128K, reserved 1048576K
[28.324s][info ][gc,start      ] GC(191) Pause Young (Normal) (G1 Evacuation Pause)
[28.324s][info ][gc,task       ] GC(191) Using 10 workers of 10 for evacuation
[28.325s][trace][gc,ergo,cset  ] GC(191) Start choosing CSet. Pending cards: 288 target pause time: 200.00ms
[28.325s][trace][gc,ergo,cset  ] GC(191) Added young regions to CSet. Eden: 208 regions, Survivors: 7 regions, predicted eden time: 172.60ms, predicted base time: 22.61ms, target pause time: 200.00ms, remaining time: 4.80ms
[28.325s][debug][gc,ergo       ] GC(191) Running G1 Merge Heap Roots using 10 workers for 215 regions
[28.444s][debug][gc,ergo       ] GC(191) Running G1 Rebuild Free List Task using 10 workers for rebuilding free list of regions
[28.444s][debug][gc,ergo,heap  ] GC(191) Heap expansion: short term pause time ratio 70.75% long term pause time ratio 74.26% threshold 7.69% pause time ratio 7.69% fully expanded true resize by 0B
[28.444s][debug][gc,ergo,refine] GC(191) Concurrent refinement times: Logged Cards Scan time goal: 20.00ms Logged Cards Scan time: 0.20ms HCC time: 0.00ms
[28.444s][trace][gc,ergo,refine] GC(191) Updating Refinement Zones: logged cards scan time: 0.201ms, processed cards: 263, goal time: 19.998ms
[28.445s][debug][gc,ergo,refine] GC(191) Updated Refinement Zones: green: 2560, yellow: 7680, red: 12800
[28.445s][info ][gc,phases     ] GC(191)   Pre Evacuate Collection Set: 0.5ms
[28.445s][info ][gc,phases     ] GC(191)   Merge Heap Roots: 0.3ms
[28.445s][info ][gc,phases     ] GC(191)   Evacuate Collection Set: 74.1ms
[28.445s][info ][gc,phases     ] GC(191)   Post Evacuate Collection Set: 44.5ms
[28.445s][info ][gc,phases     ] GC(191)   Other: 2.2ms
[28.445s][info ][gc,heap       ] GC(191) Eden regions: 208->0(188)
[28.445s][info ][gc,heap       ] GC(191) Survivor regions: 7->27(27)
[28.445s][info ][gc,heap       ] GC(191) Old regions: 249->338
[28.445s][info ][gc,heap       ] GC(191) Archive regions: 2->2
[28.445s][info ][gc,heap       ] GC(191) Humongous regions: 0->0
[28.445s][info ][gc,metaspace  ] GC(191) Metaspace: 557K(704K)->557K(704K) NonClass: 520K(576K)->520K(576K) Class: 37K(128K)->37K(128K)
[28.445s][debug][gc,heap       ] GC(191) Heap after GC invocations=192 (full 0):
[28.445s][debug][gc,heap       ] GC(191)  garbage-first heap   total 1048576K, used 374320K [0x00000000c0000000, 0x0000000100000000)
[28.445s][debug][gc,heap       ] GC(191)   region size 1024K, 27 young (27648K), 27 survivors (27648K)
[28.445s][debug][gc,heap       ] GC(191)  Metaspace       used 557K, committed 704K, reserved 1114112K
[28.445s][debug][gc,heap       ] GC(191)   class space    used 37K, committed 128K, reserved 1048576K
[28.445s][info ][gc            ] GC(191) Pause Young (Normal) (G1 Evacuation Pause) 463M->365M(1024M) 120.794ms
[28.445s][info ][gc,cpu        ] GC(191) User=0.54s Sys=0.05s Real=0.12s
[28.553s][debug][gc,heap       ] GC(192) Heap before GC invocations=192 (full 0):
[28.553s][debug][gc,heap       ] GC(192)  garbage-first heap   total 1048576K, used 565808K [0x00000000c0000000, 0x0000000100000000)
[28.553s][debug][gc,heap       ] GC(192)   region size 1024K, 215 young (220160K), 27 survivors (27648K)
[28.553s][debug][gc,heap       ] GC(192)  Metaspace       used 557K, committed 704K, reserved 1114112K
[28.553s][debug][gc,heap       ] GC(192)   class space    used 37K, committed 128K, reserved 1048576K
[28.554s][info ][gc,start      ] GC(192) Pause Young (Normal) (G1 Evacuation Pause)
[28.554s][info ][gc,task       ] GC(192) Using 10 workers of 10 for evacuation
[28.555s][trace][gc,ergo,cset  ] GC(192) Start choosing CSet. Pending cards: 242 target pause time: 200.00ms
[28.555s][trace][gc,ergo,cset  ] GC(192) Added young regions to CSet. Eden: 188 regions, Survivors: 27 regions, predicted eden time: 150.36ms, predicted base time: 33.57ms, target pause time: 200.00ms, remaining time: 16.07ms
[28.555s][debug][gc,ergo       ] GC(192) Running G1 Merge Heap Roots using 10 workers for 215 regions
[28.667s][debug][gc,ergo       ] GC(192) Running G1 Rebuild Free List Task using 10 workers for rebuilding free list of regions
[28.667s][debug][gc,ergo,heap  ] GC(192) Heap expansion: short term pause time ratio 55.07% long term pause time ratio 71.34% threshold 7.69% pause time ratio 7.69% fully expanded true resize by 0B
[28.667s][debug][gc,ergo,refine] GC(192) Concurrent refinement times: Logged Cards Scan time goal: 20.00ms Logged Cards Scan time: 0.17ms HCC time: 0.00ms
[28.667s][trace][gc,ergo,refine] GC(192) Updating Refinement Zones: logged cards scan time: 0.172ms, processed cards: 217, goal time: 19.999ms
[28.667s][debug][gc,ergo,refine] GC(192) Updated Refinement Zones: green: 2560, yellow: 7680, red: 12800
[28.667s][info ][gc,phases     ] GC(192)   Pre Evacuate Collection Set: 0.4ms
[28.667s][info ][gc,phases     ] GC(192)   Merge Heap Roots: 0.3ms
[28.667s][info ][gc,phases     ] GC(192)   Evacuate Collection Set: 67.8ms
[28.667s][info ][gc,phases     ] GC(192)   Post Evacuate Collection Set: 43.7ms
[28.667s][info ][gc,phases     ] GC(192)   Other: 2.5ms
[28.667s][info ][gc,heap       ] GC(192) Eden regions: 188->0(184)
[28.667s][info ][gc,heap       ] GC(192) Survivor regions: 27->27(27)
[28.667s][info ][gc,heap       ] GC(192) Old regions: 338->423
[28.667s][info ][gc,heap       ] GC(192) Archive regions: 2->2
[28.667s][info ][gc,heap       ] GC(192) Humongous regions: 0->0
[28.667s][info ][gc,metaspace  ] GC(192) Metaspace: 557K(704K)->557K(704K) NonClass: 520K(576K)->520K(576K) Class: 37K(128K)->37K(128K)
[28.668s][debug][gc,heap       ] GC(192) Heap after GC invocations=193 (full 0):
[28.668s][debug][gc,heap       ] GC(192)  garbage-first heap   total 1048576K, used 460976K [0x00000000c0000000, 0x0000000100000000)
[28.668s][debug][gc,heap       ] GC(192)   region size 1024K, 27 young (27648K), 27 survivors (27648K)
[28.668s][debug][gc,heap       ] GC(192)  Metaspace       used 557K, committed 704K, reserved 1114112K
[28.668s][debug][gc,heap       ] GC(192)   class space    used 37K, committed 128K, reserved 1048576K
[28.668s][info ][gc            ] GC(192) Pause Young (Normal) (G1 Evacuation Pause) 553M->450M(1024M) 113.555ms
[28.668s][info ][gc,cpu        ] GC(192) User=0.47s Sys=0.09s Real=0.11s
[28.754s][debug][gc,heap       ] GC(193) Heap before GC invocations=193 (full 0):
[28.754s][debug][gc,heap       ] GC(193)  garbage-first heap   total 1048576K, used 648368K [0x00000000c0000000, 0x0000000100000000)
[28.754s][debug][gc,heap       ] GC(193)   region size 1024K, 211 young (216064K), 27 survivors (27648K)
[28.754s][debug][gc,heap       ] GC(193)  Metaspace       used 557K, committed 704K, reserved 1114112K
[28.754s][debug][gc,heap       ] GC(193)   class space    used 37K, committed 128K, reserved 1048576K
[28.756s][info ][gc,start      ] GC(193) Pause Young (Normal) (G1 Evacuation Pause)
[28.756s][info ][gc,task       ] GC(193) Using 10 workers of 10 for evacuation
[28.756s][trace][gc,ergo,cset  ] GC(193) Start choosing CSet. Pending cards: 229 target pause time: 200.00ms
[28.756s][trace][gc,ergo,cset  ] GC(193) Added young regions to CSet. Eden: 184 regions, Survivors: 27 regions, predicted eden time: 137.56ms, predicted base time: 39.14ms, target pause time: 200.00ms, remaining time: 23.31ms
[28.757s][debug][gc,ergo       ] GC(193) Running G1 Merge Heap Roots using 10 workers for 211 regions
[28.860s][debug][gc,ergo       ] GC(193) Running G1 Rebuild Free List Task using 10 workers for rebuilding free list of regions
[28.861s][debug][gc,ergo,heap  ] GC(193) Heap expansion: short term pause time ratio 50.67% long term pause time ratio 66.82% threshold 7.69% pause time ratio 7.69% fully expanded true resize by 0B
[28.861s][debug][gc,ergo,refine] GC(193) Concurrent refinement times: Logged Cards Scan time goal: 20.00ms Logged Cards Scan time: 0.14ms HCC time: 0.00ms
[28.861s][trace][gc,ergo,refine] GC(193) Updating Refinement Zones: logged cards scan time: 0.145ms, processed cards: 196, goal time: 19.999ms
[28.861s][debug][gc,ergo,refine] GC(193) Updated Refinement Zones: green: 2560, yellow: 7680, red: 12800
[28.861s][info ][gc,phases     ] GC(193)   Pre Evacuate Collection Set: 0.5ms
[28.861s][info ][gc,phases     ] GC(193)   Merge Heap Roots: 0.3ms
[28.861s][info ][gc,phases     ] GC(193)   Evacuate Collection Set: 59.7ms
[28.861s][info ][gc,phases     ] GC(193)   Post Evacuate Collection Set: 44.0ms
[28.861s][info ][gc,phases     ] GC(193)   Other: 2.5ms
[28.861s][info ][gc,heap       ] GC(193) Eden regions: 184->0(161)
[28.861s][info ][gc,heap       ] GC(193) Survivor regions: 27->27(27)
[28.861s][info ][gc,heap       ] GC(193) Old regions: 423->495
[28.861s][info ][gc,heap       ] GC(193) Archive regions: 2->2
[28.861s][info ][gc,heap       ] GC(193) Humongous regions: 0->0
[28.861s][info ][gc,metaspace  ] GC(193) Metaspace: 557K(704K)->557K(704K) NonClass: 520K(576K)->520K(576K) Class: 37K(128K)->37K(128K)
[28.862s][debug][gc,heap       ] GC(193) Heap after GC invocations=194 (full 0):
[28.862s][debug][gc,heap       ] GC(193)  garbage-first heap   total 1048576K, used 535344K [0x00000000c0000000, 0x0000000100000000)
[28.862s][debug][gc,heap       ] GC(193)   region size 1024K, 27 young (27648K), 27 survivors (27648K)
[28.862s][debug][gc,heap       ] GC(193)  Metaspace       used 557K, committed 704K, reserved 1114112K
[28.862s][debug][gc,heap       ] GC(193)   class space    used 37K, committed 128K, reserved 1048576K
[28.862s][info ][gc            ] GC(193) Pause Young (Normal) (G1 Evacuation Pause) 634M->522M(1024M) 105.933ms
[28.862s][info ][gc,cpu        ] GC(193) User=0.50s Sys=0.05s Real=0.11s
[28.933s][debug][gc,heap       ] GC(194) Heap before GC invocations=194 (full 0):
[28.933s][debug][gc,heap       ] GC(194)  garbage-first heap   total 1048576K, used 699184K [0x00000000c0000000, 0x0000000100000000)
[28.933s][debug][gc,heap       ] GC(194)   region size 1024K, 188 young (192512K), 27 survivors (27648K)
[28.933s][debug][gc,heap       ] GC(194)  Metaspace       used 557K, committed 704K, reserved 1114112K
[28.933s][debug][gc,heap       ] GC(194)   class space    used 37K, committed 128K, reserved 1048576K
[28.934s][info ][gc,start      ] GC(194) Pause Young (Normal) (G1 Evacuation Pause)
[28.934s][info ][gc,task       ] GC(194) Using 10 workers of 10 for evacuation
[28.934s][trace][gc,ergo,cset  ] GC(194) Start choosing CSet. Pending cards: 204 target pause time: 200.00ms
[28.934s][trace][gc,ergo,cset  ] GC(194) Added young regions to CSet. Eden: 161 regions, Survivors: 27 regions, predicted eden time: 114.98ms, predicted base time: 42.57ms, target pause time: 200.00ms, remaining time: 42.45ms
[28.935s][debug][gc,ergo       ] GC(194) Running G1 Merge Heap Roots using 10 workers for 188 regions
[29.038s][debug][gc,ergo       ] GC(194) Running G1 Rebuild Free List Task using 10 workers for rebuilding free list of regions
[29.038s][debug][gc,ergo,heap  ] GC(194) Heap expansion: short term pause time ratio 54.27% long term pause time ratio 64.31% threshold 7.69% pause time ratio 7.69% fully expanded true resize by 0B
[29.038s][debug][gc,ergo,refine] GC(194) Concurrent refinement times: Logged Cards Scan time goal: 20.00ms Logged Cards Scan time: 0.19ms HCC time: 0.00ms
[29.038s][trace][gc,ergo,refine] GC(194) Updating Refinement Zones: logged cards scan time: 0.188ms, processed cards: 179, goal time: 19.999ms
[29.038s][debug][gc,ergo,refine] GC(194) Updated Refinement Zones: green: 2560, yellow: 7680, red: 12800
[29.038s][info ][gc,phases     ] GC(194)   Pre Evacuate Collection Set: 0.5ms
[29.038s][info ][gc,phases     ] GC(194)   Merge Heap Roots: 0.5ms
[29.038s][info ][gc,phases     ] GC(194)   Evacuate Collection Set: 65.4ms
[29.038s][info ][gc,phases     ] GC(194)   Post Evacuate Collection Set: 37.1ms
[29.039s][info ][gc,phases     ] GC(194)   Other: 2.2ms
[29.039s][info ][gc,heap       ] GC(194) Eden regions: 161->0(128)
[29.039s][info ][gc,heap       ] GC(194) Survivor regions: 27->24(24)
[29.039s][info ][gc,heap       ] GC(194) Old regions: 495->575
[29.039s][info ][gc,heap       ] GC(194) Archive regions: 2->2
[29.039s][info ][gc,heap       ] GC(194) Humongous regions: 0->0
[29.039s][info ][gc,metaspace  ] GC(194) Metaspace: 557K(704K)->557K(704K) NonClass: 520K(576K)->520K(576K) Class: 37K(128K)->37K(128K)
[29.039s][debug][gc,heap       ] GC(194) Heap after GC invocations=195 (full 0):
[29.039s][debug][gc,heap       ] GC(194)  garbage-first heap   total 1048576K, used 613552K [0x00000000c0000000, 0x0000000100000000)
[29.039s][debug][gc,heap       ] GC(194)   region size 1024K, 24 young (24576K), 24 survivors (24576K)
[29.039s][debug][gc,heap       ] GC(194)  Metaspace       used 557K, committed 704K, reserved 1114112K
[29.039s][debug][gc,heap       ] GC(194)   class space    used 37K, committed 128K, reserved 1048576K
[29.039s][info ][gc            ] GC(194) Pause Young (Normal) (G1 Evacuation Pause) 683M->599M(1024M) 104.934ms
[29.039s][info ][gc,cpu        ] GC(194) User=0.45s Sys=0.05s Real=0.11s
[29.086s][debug][gc,heap       ] GC(195) Heap before GC invocations=195 (full 0):
[29.086s][debug][gc,heap       ] GC(195)  garbage-first heap   total 1048576K, used 743600K [0x00000000c0000000, 0x0000000100000000)
[29.086s][debug][gc,heap       ] GC(195)   region size 1024K, 152 young (155648K), 24 survivors (24576K)
[29.086s][debug][gc,heap       ] GC(195)  Metaspace       used 557K, committed 704K, reserved 1114112K
[29.086s][debug][gc,heap       ] GC(195)   class space    used 37K, committed 128K, reserved 1048576K
[29.087s][info ][gc,start      ] GC(195) Pause Young (Normal) (G1 Evacuation Pause)
[29.087s][info ][gc,task       ] GC(195) Using 10 workers of 10 for evacuation
[29.087s][trace][gc,ergo,cset  ] GC(195) Start choosing CSet. Pending cards: 214 target pause time: 200.00ms
[29.087s][trace][gc,ergo,cset  ] GC(195) Added young regions to CSet. Eden: 128 regions, Survivors: 24 regions, predicted eden time: 92.09ms, predicted base time: 42.20ms, target pause time: 200.00ms, remaining time: 65.71ms
[29.088s][debug][gc,ergo       ] GC(195) Running G1 Merge Heap Roots using 10 workers for 152 regions
[29.180s][debug][gc,ergo       ] GC(195) Running G1 Rebuild Free List Task using 10 workers for rebuilding free list of regions
[29.181s][debug][gc,ergo,heap  ] GC(195) Heap expansion: short term pause time ratio 58.75% long term pause time ratio 63.16% threshold 7.69% pause time ratio 7.69% fully expanded true resize by 0B
[29.181s][debug][gc,ergo,refine] GC(195) Concurrent refinement times: Logged Cards Scan time goal: 20.00ms Logged Cards Scan time: 0.14ms HCC time: 0.00ms
[29.181s][trace][gc,ergo,refine] GC(195) Updating Refinement Zones: logged cards scan time: 0.142ms, processed cards: 181, goal time: 19.999ms
[29.181s][debug][gc,ergo,refine] GC(195) Updated Refinement Zones: green: 2560, yellow: 7680, red: 12800
[29.181s][info ][gc,phases     ] GC(195)   Pre Evacuate Collection Set: 0.4ms
[29.181s][info ][gc,phases     ] GC(195)   Merge Heap Roots: 0.4ms
[29.181s][info ][gc,phases     ] GC(195)   Evacuate Collection Set: 58.5ms
[29.181s][info ][gc,phases     ] GC(195)   Post Evacuate Collection Set: 34.2ms
[29.181s][info ][gc,phases     ] GC(195)   Other: 1.8ms
[29.181s][info ][gc,heap       ] GC(195) Eden regions: 128->0(92)
[29.181s][info ][gc,heap       ] GC(195) Survivor regions: 24->19(19)
[29.181s][info ][gc,heap       ] GC(195) Old regions: 575->653
[29.181s][info ][gc,heap       ] GC(195) Archive regions: 2->2
[29.181s][info ][gc,heap       ] GC(195) Humongous regions: 0->0
[29.181s][info ][gc,metaspace  ] GC(195) Metaspace: 557K(704K)->557K(704K) NonClass: 520K(576K)->520K(576K) Class: 37K(128K)->37K(128K)
[29.182s][debug][gc,heap       ] GC(195) Heap after GC invocations=196 (full 0):
[29.182s][debug][gc,heap       ] GC(195)  garbage-first heap   total 1048576K, used 688688K [0x00000000c0000000, 0x0000000100000000)
[29.182s][debug][gc,heap       ] GC(195)   region size 1024K, 19 young (19456K), 19 survivors (19456K)
[29.182s][debug][gc,heap       ] GC(195)  Metaspace       used 557K, committed 704K, reserved 1114112K
[29.182s][debug][gc,heap       ] GC(195)   class space    used 37K, committed 128K, reserved 1048576K
[29.182s][info ][gc            ] GC(195) Pause Young (Normal) (G1 Evacuation Pause) 727M->672M(1024M) 95.300ms
[29.182s][info ][gc,cpu        ] GC(195) User=0.40s Sys=0.04s Real=0.10s
[29.216s][debug][gc,heap       ] GC(196) Heap before GC invocations=196 (full 0):
[29.216s][debug][gc,heap       ] GC(196)  garbage-first heap   total 1048576K, used 781872K [0x00000000c0000000, 0x0000000100000000)
[29.216s][debug][gc,heap       ] GC(196)   region size 1024K, 111 young (113664K), 19 survivors (19456K)
[29.216s][debug][gc,heap       ] GC(196)  Metaspace       used 557K, committed 704K, reserved 1114112K
[29.217s][debug][gc,heap       ] GC(196)   class space    used 37K, committed 128K, reserved 1048576K
[29.217s][info ][gc,start      ] GC(196) Pause Young (Normal) (G1 Evacuation Pause)
[29.217s][info ][gc,task       ] GC(196) Using 10 workers of 10 for evacuation
[29.218s][trace][gc,ergo,cset  ] GC(196) Start choosing CSet. Pending cards: 241 target pause time: 200.00ms
[29.218s][trace][gc,ergo,cset  ] GC(196) Added young regions to CSet. Eden: 92 regions, Survivors: 19 regions, predicted eden time: 71.51ms, predicted base time: 40.89ms, target pause time: 200.00ms, remaining time: 87.60ms
[29.218s][debug][gc,ergo       ] GC(196) Running G1 Merge Heap Roots using 10 workers for 111 regions
[29.300s][debug][gc,ergo       ] GC(196) Running G1 Rebuild Free List Task using 10 workers for rebuilding free list of regions
[29.301s][debug][gc,ergo,heap  ] GC(196) Heap expansion: short term pause time ratio 66.00% long term pause time ratio 62.97% threshold 7.69% pause time ratio 7.69% fully expanded true resize by 0B
[29.301s][debug][gc,ergo,refine] GC(196) Concurrent refinement times: Logged Cards Scan time goal: 20.00ms Logged Cards Scan time: 0.19ms HCC time: 0.00ms
[29.301s][trace][gc,ergo,refine] GC(196) Updating Refinement Zones: logged cards scan time: 0.185ms, processed cards: 216, goal time: 19.999ms
[29.301s][debug][gc,ergo,refine] GC(196) Updated Refinement Zones: green: 2560, yellow: 7680, red: 12800
[29.301s][info ][gc,phases     ] GC(196)   Pre Evacuate Collection Set: 0.5ms
[29.301s][info ][gc,phases     ] GC(196)   Merge Heap Roots: 0.3ms
[29.301s][info ][gc,phases     ] GC(196)   Evacuate Collection Set: 52.7ms
[29.301s][info ][gc,phases     ] GC(196)   Post Evacuate Collection Set: 29.1ms
[29.301s][info ][gc,phases     ] GC(196)   Other: 2.2ms
[29.301s][info ][gc,heap       ] GC(196) Eden regions: 92->0(62)
[29.301s][info ][gc,heap       ] GC(196) Survivor regions: 19->14(14)
[29.301s][info ][gc,heap       ] GC(196) Old regions: 653->723
[29.301s][info ][gc,heap       ] GC(196) Archive regions: 2->2
[29.301s][info ][gc,heap       ] GC(196) Humongous regions: 0->0
[29.301s][info ][gc,metaspace  ] GC(196) Metaspace: 557K(704K)->557K(704K) NonClass: 520K(576K)->520K(576K) Class: 37K(128K)->37K(128K)
[29.302s][debug][gc,heap       ] GC(196) Heap after GC invocations=197 (full 0):
[29.302s][debug][gc,heap       ] GC(196)  garbage-first heap   total 1048576K, used 754736K [0x00000000c0000000, 0x0000000100000000)
[29.302s][debug][gc,heap       ] GC(196)   region size 1024K, 14 young (14336K), 14 survivors (14336K)
[29.302s][debug][gc,heap       ] GC(196)  Metaspace       used 557K, committed 704K, reserved 1114112K
[29.302s][debug][gc,heap       ] GC(196)   class space    used 37K, committed 128K, reserved 1048576K
[29.302s][info ][gc            ] GC(196) Pause Young (Normal) (G1 Evacuation Pause) 764M->737M(1024M) 84.530ms
[29.302s][info ][gc,cpu        ] GC(196) User=0.36s Sys=0.03s Real=0.09s
[29.322s][debug][gc,heap       ] GC(197) Heap before GC invocations=197 (full 0):
[29.322s][debug][gc,heap       ] GC(197)  garbage-first heap   total 1048576K, used 817200K [0x00000000c0000000, 0x0000000100000000)
[29.322s][debug][gc,heap       ] GC(197)   region size 1024K, 76 young (77824K), 14 survivors (14336K)
[29.322s][debug][gc,heap       ] GC(197)  Metaspace       used 557K, committed 704K, reserved 1114112K
[29.322s][debug][gc,heap       ] GC(197)   class space    used 37K, committed 128K, reserved 1048576K
[29.323s][info ][gc,start      ] GC(197) Pause Young (Normal) (G1 Evacuation Pause)
[29.323s][info ][gc,task       ] GC(197) Using 10 workers of 10 for evacuation
[29.323s][trace][gc,ergo,cset  ] GC(197) Start choosing CSet. Pending cards: 245 target pause time: 200.00ms
[29.323s][trace][gc,ergo,cset  ] GC(197) Added young regions to CSet. Eden: 62 regions, Survivors: 14 regions, predicted eden time: 54.43ms, predicted base time: 38.57ms, target pause time: 200.00ms, remaining time: 107.00ms
[29.324s][debug][gc,ergo       ] GC(197) Running G1 Merge Heap Roots using 10 workers for 76 regions
[29.381s][debug][gc,ergo       ] GC(197) Running G1 Rebuild Free List Task using 10 workers for rebuilding free list of regions
[29.381s][debug][gc,ergo,heap  ] GC(197) Heap expansion: short term pause time ratio 69.65% long term pause time ratio 63.10% threshold 7.69% pause time ratio 7.69% fully expanded true resize by 0B
[29.381s][debug][gc,ergo,refine] GC(197) Concurrent refinement times: Logged Cards Scan time goal: 20.00ms Logged Cards Scan time: 0.17ms HCC time: 0.00ms
[29.381s][trace][gc,ergo,refine] GC(197) Updating Refinement Zones: logged cards scan time: 0.168ms, processed cards: 228, goal time: 19.999ms
[29.381s][debug][gc,ergo,refine] GC(197) Updated Refinement Zones: green: 2560, yellow: 7680, red: 12800
[29.381s][info ][gc,phases     ] GC(197)   Pre Evacuate Collection Set: 0.4ms
[29.382s][info ][gc,phases     ] GC(197)   Merge Heap Roots: 0.3ms
[29.382s][info ][gc,phases     ] GC(197)   Evacuate Collection Set: 41.5ms
[29.382s][info ][gc,phases     ] GC(197)   Post Evacuate Collection Set: 15.4ms
[29.382s][info ][gc,phases     ] GC(197)   Other: 1.7ms
[29.382s][info ][gc,heap       ] GC(197) Eden regions: 62->0(42)
[29.382s][info ][gc,heap       ] GC(197) Survivor regions: 14->10(10)
[29.382s][info ][gc,heap       ] GC(197) Old regions: 723->782
[29.382s][info ][gc,heap       ] GC(197) Archive regions: 2->2
[29.382s][info ][gc,heap       ] GC(197) Humongous regions: 0->0
[29.382s][info ][gc,metaspace  ] GC(197) Metaspace: 557K(704K)->557K(704K) NonClass: 520K(576K)->520K(576K) Class: 37K(128K)->37K(128K)
[29.382s][debug][gc,heap       ] GC(197) Heap after GC invocations=198 (full 0):
[29.382s][debug][gc,heap       ] GC(197)  garbage-first heap   total 1048576K, used 811440K [0x00000000c0000000, 0x0000000100000000)
[29.382s][debug][gc,heap       ] GC(197)   region size 1024K, 10 young (10240K), 10 survivors (10240K)
[29.382s][debug][gc,heap       ] GC(197)  Metaspace       used 557K, committed 704K, reserved 1114112K
[29.382s][debug][gc,heap       ] GC(197)   class space    used 37K, committed 128K, reserved 1048576K
[29.382s][info ][gc            ] GC(197) Pause Young (Normal) (G1 Evacuation Pause) 798M->792M(1024M) 59.295ms
[29.382s][info ][gc,cpu        ] GC(197) User=0.20s Sys=0.02s Real=0.06s
[29.398s][debug][gc,heap       ] GC(198) Heap before GC invocations=198 (full 0):
[29.398s][debug][gc,heap       ] GC(198)  garbage-first heap   total 1048576K, used 853424K [0x00000000c0000000, 0x0000000100000000)
[29.398s][debug][gc,heap       ] GC(198)   region size 1024K, 52 young (53248K), 10 survivors (10240K)
[29.398s][debug][gc,heap       ] GC(198)  Metaspace       used 557K, committed 704K, reserved 1114112K
[29.398s][debug][gc,heap       ] GC(198)   class space    used 37K, committed 128K, reserved 1048576K
[29.399s][info ][gc,start      ] GC(198) Pause Young (Normal) (G1 Evacuation Pause)
[29.400s][info ][gc,task       ] GC(198) Using 10 workers of 10 for evacuation
[29.400s][trace][gc,ergo,cset  ] GC(198) Start choosing CSet. Pending cards: 261 target pause time: 200.00ms
[29.400s][trace][gc,ergo,cset  ] GC(198) Added young regions to CSet. Eden: 42 regions, Survivors: 10 regions, predicted eden time: 36.97ms, predicted base time: 34.35ms, target pause time: 200.00ms, remaining time: 128.69ms
[29.401s][debug][gc,ergo       ] GC(198) Running G1 Merge Heap Roots using 10 workers for 52 regions
[29.440s][debug][gc,ergo       ] GC(198) Running G1 Rebuild Free List Task using 10 workers for rebuilding free list of regions
[29.441s][debug][gc,ergo,heap  ] GC(198) Heap expansion: short term pause time ratio 72.40% long term pause time ratio 59.01% threshold 7.69% pause time ratio 7.69% fully expanded true resize by 0B
[29.441s][debug][gc,ergo,ihop  ] GC(198) Request concurrent cycle initiation (occupancy higher than threshold) occupancy: 866123776B allocation request: 0B threshold: 857776182B (79.89) source: end of GC
[29.441s][debug][gc,ergo,refine] GC(198) Concurrent refinement times: Logged Cards Scan time goal: 20.00ms Logged Cards Scan time: 0.20ms HCC time: 0.00ms
[29.441s][trace][gc,ergo,refine] GC(198) Updating Refinement Zones: logged cards scan time: 0.205ms, processed cards: 244, goal time: 19.998ms
[29.441s][debug][gc,ergo,refine] GC(198) Updated Refinement Zones: green: 2560, yellow: 7680, red: 12800
[29.441s][info ][gc,phases     ] GC(198)   Pre Evacuate Collection Set: 0.6ms
[29.441s][info ][gc,phases     ] GC(198)   Merge Heap Roots: 0.3ms
[29.441s][info ][gc,phases     ] GC(198)   Evacuate Collection Set: 28.0ms
[29.441s][info ][gc,phases     ] GC(198)   Post Evacuate Collection Set: 11.3ms
[29.441s][info ][gc,phases     ] GC(198)   Other: 2.4ms
[29.441s][info ][gc,heap       ] GC(198) Eden regions: 42->0(44)
[29.441s][info ][gc,heap       ] GC(198) Survivor regions: 10->7(7)
[29.441s][info ][gc,heap       ] GC(198) Old regions: 782->824
[29.441s][info ][gc,heap       ] GC(198) Archive regions: 2->2
[29.441s][info ][gc,heap       ] GC(198) Humongous regions: 0->0
[29.441s][info ][gc,metaspace  ] GC(198) Metaspace: 557K(704K)->557K(704K) NonClass: 520K(576K)->520K(576K) Class: 37K(128K)->37K(128K)
[29.441s][debug][gc,heap       ] GC(198) Heap after GC invocations=199 (full 0):
[29.441s][debug][gc,heap       ] GC(198)  garbage-first heap   total 1048576K, used 851632K [0x00000000c0000000, 0x0000000100000000)
[29.441s][debug][gc,heap       ] GC(198)   region size 1024K, 7 young (7168K), 7 survivors (7168K)
[29.441s][debug][gc,heap       ] GC(198)  Metaspace       used 557K, committed 704K, reserved 1114112K
[29.441s][debug][gc,heap       ] GC(198)   class space    used 37K, committed 128K, reserved 1048576K
[29.441s][info ][gc            ] GC(198) Pause Young (Normal) (G1 Evacuation Pause) 834M->831M(1024M) 41.818ms
[29.441s][info ][gc,cpu        ] GC(198) User=0.10s Sys=0.04s Real=0.04s
[29.461s][debug][gc,heap       ] GC(199) Heap before GC invocations=199 (full 0):
[29.461s][debug][gc,heap       ] GC(199)  garbage-first heap   total 1048576K, used 895664K [0x00000000c0000000, 0x0000000100000000)
[29.461s][debug][gc,heap       ] GC(199)   region size 1024K, 51 young (52224K), 7 survivors (7168K)
[29.461s][debug][gc,heap       ] GC(199)  Metaspace       used 557K, committed 704K, reserved 1114112K
[29.461s][debug][gc,heap       ] GC(199)   class space    used 37K, committed 128K, reserved 1048576K
[29.461s][debug][gc,ergo       ] GC(199) Initiate concurrent cycle (concurrent cycle initiation requested)
[29.462s][info ][gc,start      ] GC(199) Pause Young (Concurrent Start) (G1 Evacuation Pause)
[29.462s][info ][gc,task       ] GC(199) Using 10 workers of 10 for evacuation
[29.462s][trace][gc,ergo,cset  ] GC(199) Start choosing CSet. Pending cards: 271 target pause time: 200.00ms
[29.462s][trace][gc,ergo,cset  ] GC(199) Added young regions to CSet. Eden: 44 regions, Survivors: 7 regions, predicted eden time: 36.96ms, predicted base time: 29.88ms, target pause time: 200.00ms, remaining time: 133.15ms
[29.462s][debug][gc,ergo       ] GC(199) Running G1 Merge Heap Roots using 10 workers for 51 regions
[29.504s][debug][gc,ergo       ] GC(199) Running G1 Rebuild Free List Task using 10 workers for rebuilding free list of regions
[29.504s][debug][gc,ergo,heap  ] GC(199) Heap expansion: short term pause time ratio 69.13% long term pause time ratio 60.59% threshold 7.69% pause time ratio 7.69% fully expanded true resize by 0B
[29.504s][debug][gc,ergo,refine] GC(199) Concurrent refinement times: Logged Cards Scan time goal: 20.00ms Logged Cards Scan time: 0.20ms HCC time: 0.00ms
[29.504s][trace][gc,ergo,refine] GC(199) Updating Refinement Zones: logged cards scan time: 0.200ms, processed cards: 254, goal time: 19.999ms
[29.504s][debug][gc,ergo,refine] GC(199) Updated Refinement Zones: green: 2560, yellow: 7680, red: 12800
[29.504s][info ][gc,phases     ] GC(199)   Pre Evacuate Collection Set: 0.4ms
[29.504s][info ][gc,phases     ] GC(199)   Merge Heap Roots: 0.3ms
[29.504s][info ][gc,phases     ] GC(199)   Evacuate Collection Set: 28.6ms
[29.504s][info ][gc,phases     ] GC(199)   Post Evacuate Collection Set: 12.6ms
[29.504s][info ][gc,phases     ] GC(199)   Other: 1.8ms
[29.504s][info ][gc,heap       ] GC(199) Eden regions: 44->0(44)
[29.504s][info ][gc,heap       ] GC(199) Survivor regions: 7->7(7)
[29.504s][info ][gc,heap       ] GC(199) Old regions: 824->867
[29.504s][info ][gc,heap       ] GC(199) Archive regions: 2->2
[29.504s][info ][gc,heap       ] GC(199) Humongous regions: 0->0
[29.504s][info ][gc,metaspace  ] GC(199) Metaspace: 557K(704K)->557K(704K) NonClass: 520K(576K)->520K(576K) Class: 37K(128K)->37K(128K)
[29.505s][debug][gc,heap       ] GC(199) Heap after GC invocations=200 (full 0):
[29.505s][debug][gc,heap       ] GC(199)  garbage-first heap   total 1048576K, used 895792K [0x00000000c0000000, 0x0000000100000000)
[29.505s][debug][gc,heap       ] GC(199)   region size 1024K, 7 young (7168K), 7 survivors (7168K)
[29.505s][debug][gc,heap       ] GC(199)  Metaspace       used 557K, committed 704K, reserved 1114112K
[29.505s][debug][gc,heap       ] GC(199)   class space    used 37K, committed 128K, reserved 1048576K
[29.505s][info ][gc            ] GC(199) Pause Young (Concurrent Start) (G1 Evacuation Pause) 875M->874M(1024M) 43.059ms
[29.505s][info ][gc,cpu        ] GC(199) User=0.13s Sys=0.05s Real=0.04s
[29.505s][info ][gc            ] GC(200) Concurrent Mark Cycle
[29.505s][info ][gc,marking    ] GC(200) Concurrent Clear Claimed Marks
[29.505s][info ][gc,marking    ] GC(200) Concurrent Clear Claimed Marks 0.014ms
[29.505s][info ][gc,marking    ] GC(200) Concurrent Scan Root Regions
[29.505s][debug][gc,ergo       ] GC(200) Running G1 Root Region Scan using 3 workers for 51 work units.
[29.505s][info ][gc,marking    ] GC(200) Concurrent Scan Root Regions 0.729ms
[29.506s][info ][gc,marking    ] GC(200) Concurrent Mark
[29.506s][info ][gc,marking    ] GC(200) Concurrent Mark From Roots
[29.506s][info ][gc,task       ] GC(200) Using 3 workers of 3 for marking
[29.523s][info ][gc,marking    ] GC(200) Concurrent Mark From Roots 16.973ms
[29.523s][info ][gc,marking    ] GC(200) Concurrent Preclean
[29.523s][info ][gc,marking    ] GC(200) Concurrent Preclean 0.127ms
[29.523s][info ][gc,start      ] GC(200) Pause Remark
[29.528s][debug][gc,ergo       ] GC(200) Running G1 Update RemSet Tracking Before Rebuild using 3 workers for 1024 regions in heap
[29.668s][info ][gc            ] GC(200) Pause Remark 906M->179M(1024M) 144.411ms
[29.668s][info ][gc,cpu        ] GC(200) User=1.29s Sys=0.06s Real=0.14s
[29.668s][info ][gc,marking    ] GC(200) Concurrent Mark 162.842ms
[29.668s][info ][gc,marking    ] GC(200) Concurrent Rebuild Remembered Sets
[29.675s][debug][gc,heap       ] GC(201) Heap before GC invocations=200 (full 0):
[29.676s][debug][gc,heap       ] GC(201)  garbage-first heap   total 1048576K, used 195376K [0x00000000c0000000, 0x0000000100000000)
[29.676s][debug][gc,heap       ] GC(201)   region size 1024K, 51 young (52224K), 7 survivors (7168K)
[29.676s][debug][gc,heap       ] GC(201)  Metaspace       used 557K, committed 704K, reserved 1114112K
[29.676s][debug][gc,heap       ] GC(201)   class space    used 37K, committed 128K, reserved 1048576K
[29.676s][info ][gc,start      ] GC(201) Pause Young (Normal) (G1 Evacuation Pause)
[29.676s][info ][gc,task       ] GC(201) Using 10 workers of 10 for evacuation
[29.676s][trace][gc,ergo,cset  ] GC(201) Start choosing CSet. Pending cards: 324 target pause time: 200.00ms
[29.676s][trace][gc,ergo,cset  ] GC(201) Added young regions to CSet. Eden: 44 regions, Survivors: 7 regions, predicted eden time: 41.97ms, predicted base time: 26.32ms, target pause time: 200.00ms, remaining time: 131.71ms
[29.677s][debug][gc,ergo       ] GC(201) Running G1 Merge Heap Roots using 10 workers for 51 regions
[29.724s][debug][gc,ergo       ] GC(201) Running G1 Rebuild Free List Task using 10 workers for rebuilding free list of regions
[29.725s][debug][gc,ergo,heap  ] GC(201) Heap expansion: short term pause time ratio 88.36% long term pause time ratio 62.87% threshold 7.69% pause time ratio 7.69% fully expanded true resize by 0B
[29.725s][debug][gc,ergo,refine] GC(201) Concurrent refinement times: Logged Cards Scan time goal: 20.00ms Logged Cards Scan time: 0.20ms HCC time: 0.00ms
[29.725s][trace][gc,ergo,refine] GC(201) Updating Refinement Zones: logged cards scan time: 0.200ms, processed cards: 291, goal time: 19.999ms
[29.725s][debug][gc,ergo,refine] GC(201) Updated Refinement Zones: green: 2560, yellow: 7680, red: 12800
[29.725s][info ][gc,phases     ] GC(201)   Pre Evacuate Collection Set: 0.4ms
[29.725s][info ][gc,phases     ] GC(201)   Merge Heap Roots: 0.3ms
[29.725s][info ][gc,phases     ] GC(201)   Evacuate Collection Set: 35.5ms
[29.725s][info ][gc,phases     ] GC(201)   Post Evacuate Collection Set: 11.7ms
[29.725s][info ][gc,phases     ] GC(201)   Other: 1.7ms
[29.725s][info ][gc,heap       ] GC(201) Eden regions: 44->0(199)
[29.725s][info ][gc,heap       ] GC(201) Survivor regions: 7->7(7)
[29.725s][info ][gc,heap       ] GC(201) Old regions: 140->182
[29.725s][info ][gc,heap       ] GC(201) Archive regions: 2->2
[29.725s][info ][gc,heap       ] GC(201) Humongous regions: 0->0
[29.725s][info ][gc,metaspace  ] GC(201) Metaspace: 557K(704K)->557K(704K) NonClass: 520K(576K)->520K(576K) Class: 37K(128K)->37K(128K)
[29.726s][debug][gc,heap       ] GC(201) Heap after GC invocations=201 (full 0):
[29.726s][debug][gc,heap       ] GC(201)  garbage-first heap   total 1048576K, used 194354K [0x00000000c0000000, 0x0000000100000000)
[29.726s][debug][gc,heap       ] GC(201)   region size 1024K, 7 young (7168K), 7 survivors (7168K)
[29.726s][debug][gc,heap       ] GC(201)  Metaspace       used 557K, committed 704K, reserved 1114112K
[29.726s][debug][gc,heap       ] GC(201)   class space    used 37K, committed 128K, reserved 1048576K
[29.726s][info ][gc            ] GC(201) Pause Young (Normal) (G1 Evacuation Pause) 191M->189M(1024M) 49.418ms
[29.726s][info ][gc,cpu        ] GC(201) User=0.13s Sys=0.03s Real=0.05s
[29.727s][info ][gc,marking    ] GC(200) Concurrent Rebuild Remembered Sets 58.893ms
[29.729s][info ][gc,start      ] GC(200) Pause Cleanup
[29.730s][debug][gc,ergo,cset  ] GC(200) Pruned 63 regions out of 79, leaving 53242072 bytes waste (allowed 53687091)
[29.730s][info ][gc            ] GC(200) Pause Cleanup 194M->194M(1024M) 0.987ms
[29.730s][info ][gc,cpu        ] GC(200) User=0.00s Sys=0.00s Real=0.00s
[29.730s][info ][gc,marking    ] GC(200) Concurrent Cleanup for Next Mark
[29.730s][debug][gc,ergo       ] GC(200) Running G1 Clear Bitmap with 3 workers for 16 work units.
[29.734s][info ][gc,marking    ] GC(200) Concurrent Cleanup for Next Mark 3.850ms
[29.735s][info ][gc            ] GC(200) Concurrent Mark Cycle 229.891ms
[29.815s][debug][gc,heap       ] GC(202) Heap before GC invocations=202 (full 0):
[29.815s][debug][gc,heap       ] GC(202)  garbage-first heap   total 1048576K, used 397106K [0x00000000c0000000, 0x0000000100000000)
[29.815s][debug][gc,heap       ] GC(202)   region size 1024K, 206 young (210944K), 7 survivors (7168K)
[29.815s][debug][gc,heap       ] GC(202)  Metaspace       used 557K, committed 704K, reserved 1114112K
[29.815s][debug][gc,heap       ] GC(202)   class space    used 37K, committed 128K, reserved 1048576K
[29.816s][info ][gc,start      ] GC(202) Pause Young (Prepare Mixed) (G1 Evacuation Pause)
[29.816s][info ][gc,task       ] GC(202) Using 10 workers of 10 for evacuation
[29.817s][trace][gc,ergo,cset  ] GC(202) Start choosing CSet. Pending cards: 397 target pause time: 200.00ms
[29.817s][trace][gc,ergo,cset  ] GC(202) Added young regions to CSet. Eden: 199 regions, Survivors: 7 regions, predicted eden time: 148.00ms, predicted base time: 23.19ms, target pause time: 200.00ms, remaining time: 28.81ms
[29.817s][debug][gc,ergo       ] GC(202) Running G1 Merge Heap Roots using 10 workers for 206 regions
[29.940s][debug][gc,ergo       ] GC(202) Running G1 Rebuild Free List Task using 10 workers for rebuilding free list of regions
[29.941s][debug][gc,ergo,heap  ] GC(202) Heap expansion: short term pause time ratio 16.73% long term pause time ratio 67.95% threshold 7.69% pause time ratio 7.69% fully expanded true resize by 0B
[29.941s][debug][gc,ergo,refine] GC(202) Concurrent refinement times: Logged Cards Scan time goal: 20.00ms Logged Cards Scan time: 0.24ms HCC time: 0.00ms
[29.941s][trace][gc,ergo,refine] GC(202) Updating Refinement Zones: logged cards scan time: 0.237ms, processed cards: 364, goal time: 19.999ms
[29.941s][debug][gc,ergo,refine] GC(202) Updated Refinement Zones: green: 2560, yellow: 7680, red: 12800
[29.941s][info ][gc,phases     ] GC(202)   Pre Evacuate Collection Set: 0.4ms
[29.941s][info ][gc,phases     ] GC(202)   Merge Heap Roots: 0.3ms
[29.941s][info ][gc,phases     ] GC(202)   Evacuate Collection Set: 74.6ms
[29.941s][info ][gc,phases     ] GC(202)   Post Evacuate Collection Set: 48.4ms
[29.941s][info ][gc,phases     ] GC(202)   Other: 2.4ms
[29.941s][info ][gc,heap       ] GC(202) Eden regions: 199->0(25)
[29.941s][info ][gc,heap       ] GC(202) Survivor regions: 7->26(26)
[29.941s][info ][gc,heap       ] GC(202) Old regions: 182->267
[29.941s][info ][gc,heap       ] GC(202) Archive regions: 2->2
[29.941s][info ][gc,heap       ] GC(202) Humongous regions: 0->0
[29.941s][info ][gc,metaspace  ] GC(202) Metaspace: 557K(704K)->557K(704K) NonClass: 520K(576K)->520K(576K) Class: 37K(128K)->37K(128K)
[29.942s][debug][gc,heap       ] GC(202) Heap after GC invocations=203 (full 0):
[29.942s][debug][gc,heap       ] GC(202)  garbage-first heap   total 1048576K, used 300464K [0x00000000c0000000, 0x0000000100000000)
[29.942s][debug][gc,heap       ] GC(202)   region size 1024K, 26 young (26624K), 26 survivors (26624K)
[29.942s][debug][gc,heap       ] GC(202)  Metaspace       used 557K, committed 704K, reserved 1114112K
[29.942s][debug][gc,heap       ] GC(202)   class space    used 37K, committed 128K, reserved 1048576K
[29.942s][info ][gc            ] GC(202) Pause Young (Prepare Mixed) (G1 Evacuation Pause) 388M->293M(1024M) 125.541ms
[29.942s][info ][gc,cpu        ] GC(202) User=0.53s Sys=0.05s Real=0.13s
[29.950s][debug][gc,heap       ] GC(203) Heap before GC invocations=203 (full 0):
[29.950s][debug][gc,heap       ] GC(203)  garbage-first heap   total 1048576K, used 325040K [0x00000000c0000000, 0x0000000100000000)
[29.950s][debug][gc,heap       ] GC(203)   region size 1024K, 51 young (52224K), 26 survivors (26624K)
[29.950s][debug][gc,heap       ] GC(203)  Metaspace       used 557K, committed 704K, reserved 1114112K
[29.950s][debug][gc,heap       ] GC(203)   class space    used 37K, committed 128K, reserved 1048576K
[29.951s][info ][gc,start      ] GC(203) Pause Young (Mixed) (G1 Evacuation Pause)
[29.951s][info ][gc,task       ] GC(203) Using 10 workers of 10 for evacuation
[29.951s][trace][gc,ergo,cset  ] GC(203) Start choosing CSet. Pending cards: 230 target pause time: 200.00ms
[29.951s][trace][gc,ergo,cset  ] GC(203) Added young regions to CSet. Eden: 25 regions, Survivors: 26 regions, predicted eden time: 26.06ms, predicted base time: 35.60ms, target pause time: 200.00ms, remaining time: 138.34ms
[29.951s][debug][gc,ergo,cset  ] GC(203) Start adding old regions to collection set. Min 3 regions, max 103 regions, time remaining 138.34ms, optional threshold 27.67ms
[29.951s][debug][gc,ergo,cset  ] GC(203) Old candidate collection set empty.
[29.951s][debug][gc,ergo,cset  ] GC(203) Finish choosing collection set old regions. Initial: 16, optional: 0, predicted old time: 0.00ms, predicted optional time: 0.00ms, time remaining: 127.75
[29.952s][debug][gc,ergo       ] GC(203) Running G1 Merge Heap Roots using 10 workers for 67 regions
[30.024s][debug][gc,ergo       ] GC(203) Running G1 Rebuild Free List Task using 10 workers for rebuilding free list of regions
[30.025s][debug][gc,ergo,heap  ] GC(203) Heap expansion: short term pause time ratio 59.06% long term pause time ratio 68.67% threshold 7.69% pause time ratio 7.69% fully expanded true resize by 0B
[30.025s][debug][gc,ergo       ] GC(203) do not continue mixed GCs (candidate old regions not available)
[30.025s][debug][gc,ergo,refine] GC(203) Concurrent refinement times: Logged Cards Scan time goal: 20.00ms Logged Cards Scan time: 0.18ms HCC time: 0.00ms
[30.025s][trace][gc,ergo,refine] GC(203) Updating Refinement Zones: logged cards scan time: 0.179ms, processed cards: 205, goal time: 19.996ms
[30.025s][debug][gc,ergo,refine] GC(203) Updated Refinement Zones: green: 2560, yellow: 7680, red: 12800
[30.026s][info ][gc,phases     ] GC(203)   Pre Evacuate Collection Set: 0.5ms
[30.026s][info ][gc,phases     ] GC(203)   Merge Heap Roots: 0.3ms
[30.026s][info ][gc,phases     ] GC(203)   Evacuate Collection Set: 37.7ms
[30.026s][info ][gc,phases     ] GC(203)   Post Evacuate Collection Set: 35.5ms
[30.026s][info ][gc,phases     ] GC(203)   Other: 1.6ms
[30.026s][info ][gc,heap       ] GC(203) Eden regions: 25->0(201)
[30.026s][info ][gc,heap       ] GC(203) Survivor regions: 26->7(7)
[30.026s][info ][gc,heap       ] GC(203) Old regions: 267->292
[30.026s][info ][gc,heap       ] GC(203) Archive regions: 2->2
[30.026s][info ][gc,heap       ] GC(203) Humongous regions: 0->0
[30.026s][info ][gc,metaspace  ] GC(203) Metaspace: 557K(704K)->557K(704K) NonClass: 520K(576K)->520K(576K) Class: 37K(128K)->37K(128K)
[30.026s][debug][gc,heap       ] GC(203) Heap after GC invocations=204 (full 0):
[30.026s][debug][gc,heap       ] GC(203)  garbage-first heap   total 1048576K, used 306870K [0x00000000c0000000, 0x0000000100000000)
[30.026s][debug][gc,heap       ] GC(203)   region size 1024K, 7 young (7168K), 7 survivors (7168K)
[30.026s][debug][gc,heap       ] GC(203)  Metaspace       used 557K, committed 704K, reserved 1114112K
[30.026s][debug][gc,heap       ] GC(203)   class space    used 37K, committed 128K, reserved 1048576K
[30.026s][info ][gc            ] GC(203) Pause Young (Mixed) (G1 Evacuation Pause) 318M->299M(1024M) 75.373ms
[30.026s][info ][gc,cpu        ] GC(203) User=0.19s Sys=0.04s Real=0.07s
[30.103s][debug][gc,heap       ] GC(204) Heap before GC invocations=204 (full 0):
[30.103s][debug][gc,heap       ] GC(204)  garbage-first heap   total 1048576K, used 511670K [0x00000000c0000000, 0x0000000100000000)
[30.103s][debug][gc,heap       ] GC(204)   region size 1024K, 208 young (212992K), 7 survivors (7168K)
[30.103s][debug][gc,heap       ] GC(204)  Metaspace       used 557K, committed 704K, reserved 1114112K
[30.103s][debug][gc,heap       ] GC(204)   class space    used 37K, committed 128K, reserved 1048576K
[30.104s][info ][gc,start      ] GC(204) Pause Young (Normal) (G1 Evacuation Pause)
[30.104s][info ][gc,task       ] GC(204) Using 10 workers of 10 for evacuation
[30.105s][trace][gc,ergo,cset  ] GC(204) Start choosing CSet. Pending cards: 253 target pause time: 200.00ms
[30.105s][trace][gc,ergo,cset  ] GC(204) Added young regions to CSet. Eden: 201 regions, Survivors: 7 regions, predicted eden time: 158.87ms, predicted base time: 37.11ms, target pause time: 200.00ms, remaining time: 4.03ms
[30.105s][debug][gc,ergo       ] GC(204) Running G1 Merge Heap Roots using 10 workers for 208 regions
[30.217s][debug][gc,ergo       ] GC(204) Running G1 Rebuild Free List Task using 10 workers for rebuilding free list of regions
[30.217s][debug][gc,ergo,heap  ] GC(204) Heap expansion: short term pause time ratio 88.32% long term pause time ratio 72.13% threshold 7.69% pause time ratio 7.69% fully expanded true resize by 0B
[30.217s][debug][gc,ergo,refine] GC(204) Concurrent refinement times: Logged Cards Scan time goal: 20.00ms Logged Cards Scan time: 0.20ms HCC time: 0.00ms
[30.217s][trace][gc,ergo,refine] GC(204) Updating Refinement Zones: logged cards scan time: 0.201ms, processed cards: 228, goal time: 19.999ms
[30.217s][debug][gc,ergo,refine] GC(204) Updated Refinement Zones: green: 2560, yellow: 7680, red: 12800
[30.217s][info ][gc,phases     ] GC(204)   Pre Evacuate Collection Set: 0.5ms
[30.217s][info ][gc,phases     ] GC(204)   Merge Heap Roots: 0.3ms
[30.217s][info ][gc,phases     ] GC(204)   Evacuate Collection Set: 71.1ms
[30.217s][info ][gc,phases     ] GC(204)   Post Evacuate Collection Set: 40.3ms
[30.217s][info ][gc,phases     ] GC(204)   Other: 2.4ms
[30.218s][info ][gc,heap       ] GC(204) Eden regions: 201->0(193)
[30.218s][info ][gc,heap       ] GC(204) Survivor regions: 7->26(26)
[30.218s][info ][gc,heap       ] GC(204) Old regions: 292->377
[30.218s][info ][gc,heap       ] GC(204) Archive regions: 2->2
[30.218s][info ][gc,heap       ] GC(204) Humongous regions: 0->0
[30.218s][info ][gc,metaspace  ] GC(204) Metaspace: 557K(704K)->557K(704K) NonClass: 520K(576K)->520K(576K) Class: 37K(128K)->37K(128K)
[30.218s][debug][gc,heap       ] GC(204) Heap after GC invocations=205 (full 0):
[30.218s][debug][gc,heap       ] GC(204)  garbage-first heap   total 1048576K, used 413104K [0x00000000c0000000, 0x0000000100000000)
[30.218s][debug][gc,heap       ] GC(204)   region size 1024K, 26 young (26624K), 26 survivors (26624K)
[30.218s][debug][gc,heap       ] GC(204)  Metaspace       used 557K, committed 704K, reserved 1114112K
[30.218s][debug][gc,heap       ] GC(204)   class space    used 37K, committed 128K, reserved 1048576K
[30.218s][info ][gc            ] GC(204) Pause Young (Normal) (G1 Evacuation Pause) 500M->403M(1024M) 113.941ms
[30.218s][info ][gc,cpu        ] GC(204) User=0.47s Sys=0.06s Real=0.11s
[30.291s][debug][gc,heap       ] GC(205) Heap before GC invocations=205 (full 0):
[30.292s][debug][gc,heap       ] GC(205)  garbage-first heap   total 1048576K, used 609712K [0x00000000c0000000, 0x0000000100000000)
[30.292s][debug][gc,heap       ] GC(205)   region size 1024K, 219 young (224256K), 26 survivors (26624K)
[30.292s][debug][gc,heap       ] GC(205)  Metaspace       used 557K, committed 704K, reserved 1114112K
[30.292s][debug][gc,heap       ] GC(205)   class space    used 37K, committed 128K, reserved 1048576K
[30.293s][info ][gc,start      ] GC(205) Pause Young (Normal) (G1 Evacuation Pause)
[30.293s][info ][gc,task       ] GC(205) Using 10 workers of 10 for evacuation
[30.293s][trace][gc,ergo,cset  ] GC(205) Start choosing CSet. Pending cards: 220 target pause time: 200.00ms
[30.293s][trace][gc,ergo,cset  ] GC(205) Added young regions to CSet. Eden: 193 regions, Survivors: 26 regions, predicted eden time: 145.56ms, predicted base time: 39.82ms, target pause time: 200.00ms, remaining time: 14.61ms
[30.294s][debug][gc,ergo       ] GC(205) Running G1 Merge Heap Roots using 10 workers for 219 regions
[30.407s][debug][gc,ergo       ] GC(205) Running G1 Rebuild Free List Task using 10 workers for rebuilding free list of regions
[30.408s][debug][gc,ergo,heap  ] GC(205) Heap expansion: short term pause time ratio 58.83% long term pause time ratio 70.51% threshold 7.69% pause time ratio 7.69% fully expanded true resize by 0B
[30.408s][debug][gc,ergo,refine] GC(205) Concurrent refinement times: Logged Cards Scan time goal: 20.00ms Logged Cards Scan time: 0.16ms HCC time: 0.00ms
[30.408s][trace][gc,ergo,refine] GC(205) Updating Refinement Zones: logged cards scan time: 0.157ms, processed cards: 195, goal time: 19.998ms
[30.408s][debug][gc,ergo,refine] GC(205) Updated Refinement Zones: green: 2560, yellow: 7680, red: 12800
[30.408s][info ][gc,phases     ] GC(205)   Pre Evacuate Collection Set: 0.5ms
[30.408s][info ][gc,phases     ] GC(205)   Merge Heap Roots: 0.3ms
[30.408s][info ][gc,phases     ] GC(205)   Evacuate Collection Set: 69.3ms
[30.408s][info ][gc,phases     ] GC(205)   Post Evacuate Collection Set: 44.6ms
[30.408s][info ][gc,phases     ] GC(205)   Other: 2.0ms
[30.408s][info ][gc,heap       ] GC(205) Eden regions: 193->0(177)
[30.408s][info ][gc,heap       ] GC(205) Survivor regions: 26->28(28)
[30.408s][info ][gc,heap       ] GC(205) Old regions: 377->458
[30.408s][info ][gc,heap       ] GC(205) Archive regions: 2->2
[30.408s][info ][gc,heap       ] GC(205) Humongous regions: 0->0
[30.408s][info ][gc,metaspace  ] GC(205) Metaspace: 557K(704K)->557K(704K) NonClass: 520K(576K)->520K(576K) Class: 37K(128K)->37K(128K)
[30.409s][debug][gc,heap       ] GC(205) Heap after GC invocations=206 (full 0):
[30.409s][debug][gc,heap       ] GC(205)  garbage-first heap   total 1048576K, used 497840K [0x00000000c0000000, 0x0000000100000000)
[30.409s][debug][gc,heap       ] GC(205)   region size 1024K, 28 young (28672K), 28 survivors (28672K)
[30.409s][debug][gc,heap       ] GC(205)  Metaspace       used 557K, committed 704K, reserved 1114112K
[30.409s][debug][gc,heap       ] GC(205)   class space    used 37K, committed 128K, reserved 1048576K
[30.409s][info ][gc            ] GC(205) Pause Young (Normal) (G1 Evacuation Pause) 596M->486M(1024M) 116.141ms
[30.409s][info ][gc,cpu        ] GC(205) User=0.50s Sys=0.06s Real=0.11s
[30.467s][debug][gc,heap       ] GC(206) Heap before GC invocations=206 (full 0):
[30.467s][debug][gc,heap       ] GC(206)  garbage-first heap   total 1048576K, used 678064K [0x00000000c0000000, 0x0000000100000000)
[30.467s][debug][gc,heap       ] GC(206)   region size 1024K, 205 young (209920K), 28 survivors (28672K)
[30.467s][debug][gc,heap       ] GC(206)  Metaspace       used 557K, committed 704K, reserved 1114112K
[30.467s][debug][gc,heap       ] GC(206)   class space    used 37K, committed 128K, reserved 1048576K
[30.467s][info ][gc,start      ] GC(206) Pause Young (Normal) (G1 Evacuation Pause)
[30.467s][info ][gc,task       ] GC(206) Using 10 workers of 10 for evacuation
[30.468s][trace][gc,ergo,cset  ] GC(206) Start choosing CSet. Pending cards: 204 target pause time: 200.00ms
[30.468s][trace][gc,ergo,cset  ] GC(206) Added young regions to CSet. Eden: 177 regions, Survivors: 28 regions, predicted eden time: 127.07ms, predicted base time: 43.04ms, target pause time: 200.00ms, remaining time: 29.89ms
[30.468s][debug][gc,ergo       ] GC(206) Running G1 Merge Heap Roots using 10 workers for 205 regions
[30.567s][debug][gc,ergo       ] GC(206) Running G1 Rebuild Free List Task using 10 workers for rebuilding free list of regions
[30.568s][debug][gc,ergo,heap  ] GC(206) Heap expansion: short term pause time ratio 60.44% long term pause time ratio 68.87% threshold 7.69% pause time ratio 7.69% fully expanded true resize by 0B
[30.568s][debug][gc,ergo,refine] GC(206) Concurrent refinement times: Logged Cards Scan time goal: 20.00ms Logged Cards Scan time: 0.19ms HCC time: 0.00ms
[30.568s][trace][gc,ergo,refine] GC(206) Updating Refinement Zones: logged cards scan time: 0.190ms, processed cards: 179, goal time: 19.999ms
[30.568s][debug][gc,ergo,refine] GC(206) Updated Refinement Zones: green: 2560, yellow: 7680, red: 12800
[30.568s][info ][gc,phases     ] GC(206)   Pre Evacuate Collection Set: 0.4ms
[30.568s][info ][gc,phases     ] GC(206)   Merge Heap Roots: 0.3ms
[30.568s][info ][gc,phases     ] GC(206)   Evacuate Collection Set: 60.6ms
[30.568s][info ][gc,phases     ] GC(206)   Post Evacuate Collection Set: 38.2ms
[30.568s][info ][gc,phases     ] GC(206)   Other: 1.7ms
[30.568s][info ][gc,heap       ] GC(206) Eden regions: 177->0(145)
[30.568s][info ][gc,heap       ] GC(206) Survivor regions: 28->26(26)
[30.568s][info ][gc,heap       ] GC(206) Old regions: 458->539
[30.568s][info ][gc,heap       ] GC(206) Archive regions: 2->2
[30.568s][info ][gc,heap       ] GC(206) Humongous regions: 0->0
[30.568s][info ][gc,metaspace  ] GC(206) Metaspace: 557K(704K)->557K(704K) NonClass: 520K(576K)->520K(576K) Class: 37K(128K)->37K(128K)
[30.568s][debug][gc,heap       ] GC(206) Heap after GC invocations=207 (full 0):
[30.568s][debug][gc,heap       ] GC(206)  garbage-first heap   total 1048576K, used 579120K [0x00000000c0000000, 0x0000000100000000)
[30.568s][debug][gc,heap       ] GC(206)   region size 1024K, 26 young (26624K), 26 survivors (26624K)
[30.568s][debug][gc,heap       ] GC(206)  Metaspace       used 557K, committed 704K, reserved 1114112K
[30.568s][debug][gc,heap       ] GC(206)   class space    used 37K, committed 128K, reserved 1048576K
[30.568s][info ][gc            ] GC(206) Pause Young (Normal) (G1 Evacuation Pause) 663M->565M(1024M) 100.901ms
[30.568s][info ][gc,cpu        ] GC(206) User=0.44s Sys=0.05s Real=0.10s
[30.569s][debug][gc,ergo       ] Request concurrent cycle initiation (requested by GC cause). GC cause: WhiteBox Initiated Concurrent Mark
[30.570s][debug][gc,heap       ] GC(207) Heap before GC invocations=207 (full 0):
[30.570s][debug][gc,heap       ] GC(207)  garbage-first heap   total 1048576K, used 579120K [0x00000000c0000000, 0x0000000100000000)
[30.570s][debug][gc,heap       ] GC(207)   region size 1024K, 27 young (27648K), 26 survivors (26624K)
[30.570s][debug][gc,heap       ] GC(207)  Metaspace       used 557K, committed 704K, reserved 1114112K
[30.570s][debug][gc,heap       ] GC(207)   class space    used 37K, committed 128K, reserved 1048576K
[30.570s][debug][gc,ergo       ] GC(207) Initiate concurrent cycle (concurrent cycle initiation requested)
[30.570s][info ][gc,start      ] GC(207) Pause Young (Concurrent Start) (WhiteBox Initiated Concurrent Mark)
[30.570s][info ][gc,task       ] GC(207) Using 10 workers of 10 for evacuation
[30.570s][trace][gc,ergo,cset  ] GC(207) Start choosing CSet. Pending cards: 192 target pause time: 200.00ms
[30.570s][trace][gc,ergo,cset  ] GC(207) Added young regions to CSet. Eden: 1 regions, Survivors: 26 regions, predicted eden time: 6.41ms, predicted base time: 42.67ms, target pause time: 200.00ms, remaining time: 150.92ms
[30.571s][debug][gc,ergo       ] GC(207) Running G1 Merge Heap Roots using 10 workers for 27 regions
[30.597s][debug][gc,ergo       ] GC(207) Running G1 Rebuild Free List Task using 10 workers for rebuilding free list of regions
[30.598s][debug][gc,ergo,heap  ] GC(207) Heap expansion: short term pause time ratio 62.78% long term pause time ratio 67.81% threshold 7.69% pause time ratio 7.69% fully expanded true resize by 0B
[30.598s][debug][gc,ergo,refine] GC(207) Concurrent refinement times: Logged Cards Scan time goal: 20.00ms Logged Cards Scan time: 0.14ms HCC time: 0.00ms
[30.598s][trace][gc,ergo,refine] GC(207) Updating Refinement Zones: logged cards scan time: 0.136ms, processed cards: 175, goal time: 19.999ms
[30.598s][debug][gc,ergo,refine] GC(207) Updated Refinement Zones: green: 2560, yellow: 7680, red: 12800
[30.598s][info ][gc,phases     ] GC(207)   Pre Evacuate Collection Set: 0.5ms
[30.598s][info ][gc,phases     ] GC(207)   Merge Heap Roots: 0.3ms
[30.598s][info ][gc,phases     ] GC(207)   Evacuate Collection Set: 17.5ms
[30.598s][info ][gc,phases     ] GC(207)   Post Evacuate Collection Set: 8.6ms
[30.598s][info ][gc,phases     ] GC(207)   Other: 1.3ms
[30.598s][info ][gc,heap       ] GC(207) Eden regions: 1->0(157)
[30.598s][info ][gc,heap       ] GC(207) Survivor regions: 26->1(22)
[30.598s][info ][gc,heap       ] GC(207) Old regions: 539->565
[30.598s][info ][gc,heap       ] GC(207) Archive regions: 2->2
[30.598s][info ][gc,heap       ] GC(207) Humongous regions: 0->0
[30.598s][info ][gc,metaspace  ] GC(207) Metaspace: 557K(704K)->557K(704K) NonClass: 520K(576K)->520K(576K) Class: 37K(128K)->37K(128K)
[30.598s][debug][gc,heap       ] GC(207) Heap after GC invocations=208 (full 0):
[30.598s][debug][gc,heap       ] GC(207)  garbage-first heap   total 1048576K, used 579250K [0x00000000c0000000, 0x0000000100000000)
[30.598s][debug][gc,heap       ] GC(207)   region size 1024K, 1 young (1024K), 1 survivors (1024K)
[30.598s][debug][gc,heap       ] GC(207)  Metaspace       used 557K, committed 704K, reserved 1114112K
[30.598s][debug][gc,heap       ] GC(207)   class space    used 37K, committed 128K, reserved 1048576K
[30.599s][info ][gc            ] GC(207) Pause Young (Concurrent Start) (WhiteBox Initiated Concurrent Mark) 566M->565M(1024M) 28.525ms
[30.599s][info ][gc,cpu        ] GC(207) User=0.06s Sys=0.03s Real=0.02s
[30.599s][info ][gc            ] GC(208) Concurrent Mark Cycle
[30.599s][info ][gc,marking    ] GC(208) Concurrent Clear Claimed Marks
[30.599s][info ][gc,marking    ] GC(208) Concurrent Clear Claimed Marks 0.022ms
[30.599s][info ][gc,marking    ] GC(208) Concurrent Scan Root Regions
[30.599s][debug][gc,ergo       ] GC(208) Running G1 Root Region Scan using 3 workers for 28 work units.
[30.599s][info ][gc,marking    ] GC(208) Concurrent Scan Root Regions 0.462ms
[30.599s][info ][gc,marking    ] GC(208) Concurrent Mark
[30.599s][info ][gc,marking    ] GC(208) Concurrent Mark From Roots
[30.599s][info ][gc,task       ] GC(208) Using 3 workers of 3 for marking
[30.616s][info ][gc,marking    ] GC(208) Concurrent Mark From Roots 17.138ms
[30.616s][info ][gc,marking    ] GC(208) Concurrent Preclean
[30.617s][info ][gc,marking    ] GC(208) Concurrent Preclean 0.116ms
[30.617s][info ][gc,start      ] GC(208) Pause Remark
[30.622s][debug][gc,ergo       ] GC(208) Running G1 Update RemSet Tracking Before Rebuild using 3 workers for 1024 regions in heap
[30.721s][info ][gc            ] GC(208) Pause Remark 565M->97M(1024M) 103.985ms
[30.721s][info ][gc,cpu        ] GC(208) User=0.90s Sys=0.07s Real=0.11s
[30.721s][info ][gc,marking    ] GC(208) Concurrent Mark 121.647ms
[30.721s][info ][gc,marking    ] GC(208) Concurrent Rebuild Remembered Sets
[30.727s][info ][gc,marking    ] GC(208) Concurrent Rebuild Remembered Sets 5.804ms
[30.727s][info ][gc,start      ] GC(208) Pause Cleanup
[30.730s][debug][gc,ergo,cset  ] GC(208) Pruned 18 regions out of 21, leaving 15894352 bytes waste (allowed 53687091)
[30.731s][info ][gc            ] GC(208) Pause Cleanup 97M->97M(1024M) 3.145ms
[30.731s][info ][gc,cpu        ] GC(208) User=0.00s Sys=0.00s Real=0.01s
[30.731s][info ][gc,marking    ] GC(208) Concurrent Cleanup for Next Mark
[30.731s][debug][gc,ergo       ] GC(208) Running G1 Clear Bitmap with 3 workers for 16 work units.
[30.733s][info ][gc,marking    ] GC(208) Concurrent Cleanup for Next Mark 2.582ms
[30.734s][info ][gc            ] GC(208) Concurrent Mark Cycle 134.928ms
[31.602s][debug][gc,heap       ] GC(209) Heap before GC invocations=209 (full 0):
[31.602s][debug][gc,heap       ] GC(209)  garbage-first heap   total 1048576K, used 100018K [0x00000000c0000000, 0x0000000100000000)
[31.602s][debug][gc,heap       ] GC(209)   region size 1024K, 1 young (1024K), 1 survivors (1024K)
[31.602s][debug][gc,heap       ] GC(209)  Metaspace       used 557K, committed 704K, reserved 1114112K
[31.602s][debug][gc,heap       ] GC(209)   class space    used 37K, committed 128K, reserved 1048576K
[31.603s][info ][gc,start      ] GC(209) Pause Young (Prepare Mixed) (WhiteBox Initiated Young GC)
[31.603s][info ][gc,task       ] GC(209) Using 10 workers of 10 for evacuation
[31.603s][trace][gc,ergo,cset  ] GC(209) Start choosing CSet. Pending cards: 23 target pause time: 200.00ms
[31.603s][trace][gc,ergo,cset  ] GC(209) Added young regions to CSet. Eden: 0 regions, Survivors: 1 regions, predicted eden time: 0.19ms, predicted base time: 36.80ms, target pause time: 200.00ms, remaining time: 163.02ms
[31.603s][debug][gc,ergo       ] GC(209) Running G1 Merge Heap Roots using 10 workers for 1 regions
[31.605s][debug][gc,ergo       ] GC(209) Running G1 Rebuild Free List Task using 10 workers for rebuilding free list of regions
[31.605s][debug][gc,ergo,heap  ] GC(209) Heap expansion: short term pause time ratio 31.31% long term pause time ratio 66.89% threshold 7.69% pause time ratio 7.69% fully expanded true resize by 0B
[31.605s][debug][gc,ergo,refine] GC(209) Concurrent refinement times: Logged Cards Scan time goal: 20.00ms Logged Cards Scan time: 0.01ms HCC time: 0.00ms
[31.605s][trace][gc,ergo,refine] GC(209) Updating Refinement Zones: logged cards scan time: 0.008ms, processed cards: 6, goal time: 19.999ms
[31.605s][debug][gc,ergo,refine] GC(209) Updated Refinement Zones: green: 2560, yellow: 7680, red: 12800
[31.605s][info ][gc,phases     ] GC(209)   Pre Evacuate Collection Set: 0.3ms
[31.605s][info ][gc,phases     ] GC(209)   Merge Heap Roots: 0.3ms
[31.605s][info ][gc,phases     ] GC(209)   Evacuate Collection Set: 0.7ms
[31.605s][info ][gc,phases     ] GC(209)   Post Evacuate Collection Set: 1.2ms
[31.605s][info ][gc,phases     ] GC(209)   Other: 0.7ms
[31.605s][info ][gc,heap       ] GC(209) Eden regions: 0->0(50)
[31.605s][info ][gc,heap       ] GC(209) Survivor regions: 1->1(20)
[31.605s][info ][gc,heap       ] GC(209) Old regions: 97->97
[31.605s][info ][gc,heap       ] GC(209) Archive regions: 2->2
[31.605s][info ][gc,heap       ] GC(209) Humongous regions: 0->0
[31.605s][info ][gc,metaspace  ] GC(209) Metaspace: 557K(704K)->557K(704K) NonClass: 520K(576K)->520K(576K) Class: 37K(128K)->37K(128K)
[31.606s][debug][gc,heap       ] GC(209) Heap after GC invocations=210 (full 0):
[31.606s][debug][gc,heap       ] GC(209)  garbage-first heap   total 1048576K, used 100022K [0x00000000c0000000, 0x0000000100000000)
[31.606s][debug][gc,heap       ] GC(209)   region size 1024K, 1 young (1024K), 1 survivors (1024K)
[31.606s][debug][gc,heap       ] GC(209)  Metaspace       used 557K, committed 704K, reserved 1114112K
[31.606s][debug][gc,heap       ] GC(209)   class space    used 37K, committed 128K, reserved 1048576K
[31.606s][info ][gc            ] GC(209) Pause Young (Prepare Mixed) (WhiteBox Initiated Young GC) 97M->97M(1024M) 3.190ms
[31.606s][info ][gc,cpu        ] GC(209) User=0.00s Sys=0.00s Real=0.00s
[31.606s][debug][gc,heap       ] GC(210) Heap before GC invocations=210 (full 0):
[31.606s][debug][gc,heap       ] GC(210)  garbage-first heap   total 1048576K, used 100022K [0x00000000c0000000, 0x0000000100000000)
[31.606s][debug][gc,heap       ] GC(210)   region size 1024K, 1 young (1024K), 1 survivors (1024K)
[31.606s][debug][gc,heap       ] GC(210)  Metaspace       used 557K, committed 704K, reserved 1114112K
[31.606s][debug][gc,heap       ] GC(210)   class space    used 37K, committed 128K, reserved 1048576K
[31.606s][info ][gc,start      ] GC(210) Pause Young (Mixed) (WhiteBox Initiated Young GC)
[31.606s][info ][gc,task       ] GC(210) Using 10 workers of 10 for evacuation
[31.606s][trace][gc,ergo,cset  ] GC(210) Start choosing CSet. Pending cards: 6 target pause time: 200.00ms
[31.606s][trace][gc,ergo,cset  ] GC(210) Added young regions to CSet. Eden: 0 regions, Survivors: 1 regions, predicted eden time: 0.19ms, predicted base time: 29.81ms, target pause time: 200.00ms, remaining time: 170.01ms
[31.606s][debug][gc,ergo,cset  ] GC(210) Start adding old regions to collection set. Min 1 regions, max 103 regions, time remaining 170.01ms, optional threshold 34.00ms
[31.606s][debug][gc,ergo,cset  ] GC(210) Old candidate collection set empty.
[31.606s][debug][gc,ergo,cset  ] GC(210) Finish choosing collection set old regions. Initial: 3, optional: 0, predicted old time: 0.00ms, predicted optional time: 0.00ms, time remaining: 167.97
[31.607s][debug][gc,ergo       ] GC(210) Running G1 Merge Heap Roots using 10 workers for 4 regions
[31.609s][debug][gc,ergo       ] GC(210) Running G1 Rebuild Free List Task using 10 workers for rebuilding free list of regions
[31.610s][debug][gc,ergo,heap  ] GC(210) Heap expansion: short term pause time ratio 0.31% long term pause time ratio 35.38% threshold 7.69% pause time ratio 7.69% fully expanded true resize by 0B
[31.610s][debug][gc,ergo       ] GC(210) do not continue mixed GCs (candidate old regions not available)
[31.610s][debug][gc,ergo,refine] GC(210) Concurrent refinement times: Logged Cards Scan time goal: 20.00ms Logged Cards Scan time: 0.00ms HCC time: 0.00ms
[31.610s][trace][gc,ergo,refine] GC(210) Updating Refinement Zones: logged cards scan time: 0.001ms, processed cards: 0, goal time: 19.999ms
[31.610s][debug][gc,ergo,refine] GC(210) Updated Refinement Zones: green: 2560, yellow: 7680, red: 12800
[31.610s][info ][gc,phases     ] GC(210)   Pre Evacuate Collection Set: 0.4ms
[31.610s][info ][gc,phases     ] GC(210)   Merge Heap Roots: 0.3ms
[31.610s][info ][gc,phases     ] GC(210)   Evacuate Collection Set: 0.7ms
[31.610s][info ][gc,phases     ] GC(210)   Post Evacuate Collection Set: 1.9ms
[31.610s][info ][gc,phases     ] GC(210)   Other: 0.8ms
[31.610s][info ][gc,heap       ] GC(210) Eden regions: 0->0(247)
[31.610s][info ][gc,heap       ] GC(210) Survivor regions: 1->1(7)
[31.610s][info ][gc,heap       ] GC(210) Old regions: 97->94
[31.610s][info ][gc,heap       ] GC(210) Archive regions: 2->2
[31.610s][info ][gc,heap       ] GC(210) Humongous regions: 0->0
[31.610s][info ][gc,metaspace  ] GC(210) Metaspace: 557K(704K)->557K(704K) NonClass: 520K(576K)->520K(576K) Class: 37K(128K)->37K(128K)
[31.610s][debug][gc,heap       ] GC(210) Heap after GC invocations=211 (full 0):
[31.610s][debug][gc,heap       ] GC(210)  garbage-first heap   total 1048576K, used 96963K [0x00000000c0000000, 0x0000000100000000)
[31.610s][debug][gc,heap       ] GC(210)   region size 1024K, 1 young (1024K), 1 survivors (1024K)
[31.610s][debug][gc,heap       ] GC(210)  Metaspace       used 557K, committed 704K, reserved 1114112K
[31.610s][debug][gc,heap       ] GC(210)   class space    used 37K, committed 128K, reserved 1048576K
[31.610s][info ][gc            ] GC(210) Pause Young (Mixed) (WhiteBox Initiated Young GC) 97M->94M(1024M) 4.118ms
[31.610s][info ][gc,cpu        ] GC(210) User=0.00s Sys=0.00s Real=0.01s
[31.653s][info ][gc,heap,exit  ] Heap
[31.653s][info ][gc,heap,exit  ]  garbage-first heap   total 1048576K, used 97475K [0x00000000c0000000, 0x0000000100000000)
[31.653s][info ][gc,heap,exit  ]   region size 1024K, 2 young (2048K), 1 survivors (1024K)
[31.653s][info ][gc,heap,exit  ]  Metaspace       used 569K, committed 704K, reserved 1114112K
[31.653s][info ][gc,heap,exit  ]   class space    used 37K, committed 128K, reserved 1048576K
[31.668s][info ][gc,verify,start] Verifying 
[31.694s][info ][gc,verify      ] Verifying  26.129ms
